#{"t_start": 1533186086.5464597, "env_id": "Hopper-v2"}
r,l,t
18.831979,22,0.021297
11.498019,16,0.033759
13.742488,21,0.050109
15.538705,22,0.068085
18.964293,22,0.088674
33.71704,46,0.131425
12.576637,16,0.146569
19.51428,28,0.172644
25.960268,34,0.204927
19.813565,25,0.228751
26.912239,32,0.259131
11.694062,13,0.271257
8.519503,11,0.281295
17.638257,24,0.303821
15.628645,20,0.322466
14.404271,20,0.341106
7.903988,12,0.352306
19.997729,27,0.377846
39.307579,40,0.415144
31.299514,31,0.443839
20.140922,24,0.46614
11.591863,21,0.485436
9.141118,13,0.497315
37.09363,33,0.527669
11.054829,15,0.541517
7.528424,11,0.551539
52.686818,53,0.600658
10.688285,15,0.614486
13.733155,19,0.631979
16.09635,17,0.647885
13.199072,21,0.667535
6.188898,8,0.674872
15.028488,17,0.690727
8.868456,10,0.700137
7.580055,9,0.708383
22.997813,35,0.740959
5.815644,10,0.750282
7.052465,10,0.759161
5.936192,11,0.769557
7.998393,10,0.778847
18.271887,28,0.804878
14.01231,18,0.821846
13.918852,15,0.835829
19.673842,22,0.856525
34.589775,33,0.887127
4.885789,7,0.893744
16.373077,35,0.926576
3.610145,9,0.935193
16.054391,21,0.955082
23.295518,28,0.980999
7.216546,9,0.989377
12.656964,14,1.002095
18.595959,25,1.025184
14.50552,19,1.042951
16.896361,21,1.062337
5.98604,9,1.070504
8.656982,11,1.080376
11.02668,14,1.093388
5.288914,8,1.101047
4.433893,7,1.107471
22.181585,29,1.134677
6.774358,9,1.142803
3.490434,6,1.148339
8.550617,13,1.160528
6.065114,8,1.168062
8.259554,12,1.1791
21.778801,28,1.204683
5.15053,8,1.211967
15.480763,23,1.233416
5.277519,8,1.241068
21.981013,29,1.26784
16.153037,20,1.286297
8.678461,11,1.296278
24.071741,24,1.31832
6.655942,8,1.325655
25.820889,32,1.35536
12.694585,15,1.369535
6.090401,8,1.376989
41.181479,52,1.425642
10.969366,17,1.441661
5.084575,7,1.448299
4.832347,10,1.457798
26.383888,26,1.481745
20.376179,29,1.508925
11.326088,22,1.529168
7.1079,9,1.537257
20.06685,23,1.558402
21.173214,25,1.581736
5.625879,11,1.592
47.528322,56,1.644575
13.057083,14,1.657568
28.976336,33,1.688796
8.866301,12,1.700306
6.16671,10,1.709666
21.152615,31,1.73871
13.069139,16,1.753639
5.520201,8,1.761163
15.08481,17,1.777226
4.675993,7,1.783702
5.673591,9,1.792117
22.484414,23,1.813907
5.858573,8,1.821448
23.241369,26,1.845663
17.702963,21,1.865369
8.853215,13,1.877531
36.276829,41,2.757221
61.294877,75,2.829221
14.567815,19,2.847462
23.603911,33,2.879169
31.792597,31,2.90861
16.299249,22,2.930187
11.531354,13,2.942651
23.098481,35,2.977077
8.373411,11,2.987612
19.585992,37,3.023853
32.229144,46,3.068794
17.6792,20,3.088263
8.838109,11,3.099019
28.787264,35,3.132955
24.792946,37,3.169132
9.403158,11,3.177588
27.727144,43,3.216214
8.839375,10,3.223272
23.952475,23,3.240631
14.469246,21,3.257964
11.384989,15,3.27074
26.996605,25,3.291796
5.881175,8,3.29902
13.956537,18,3.314553
18.77714,22,3.333867
21.275658,28,3.357504
26.26252,27,3.381971
22.966566,30,3.409201
17.637694,24,3.43024
7.941837,11,3.439206
25.357309,31,3.465957
29.757823,32,3.492903
14.36153,19,3.509413
10.034225,13,3.519388
7.51235,10,3.527414
21.86337,23,3.546731
7.291286,10,3.55485
14.520692,20,3.572491
20.953421,23,3.592479
18.974394,25,3.612617
5.426986,8,3.61931
10.326039,12,3.628353
24.64813,29,3.65144
32.575345,35,3.680394
21.285005,22,3.699744
11.03869,14,3.712258
4.125853,7,3.718745
13.370773,17,3.733026
14.883413,21,3.748407
9.507046,12,3.758316
14.735335,17,3.773501
21.980367,25,3.792631
9.876083,13,3.80179
12.99968,18,3.815366
10.30876,13,3.824908
14.251199,19,3.838942
17.500747,25,3.855612
6.210507,8,3.86119
10.43161,14,3.871333
18.628783,21,3.885314
8.520296,11,3.892631
39.968386,42,3.920275
9.061944,10,3.926701
23.829243,26,3.943949
10.047773,13,3.952583
14.94508,18,3.964377
16.110063,29,3.983847
8.678776,14,3.992933
31.056556,35,4.016026
17.435391,22,4.03069
11.188419,15,4.040612
19.028857,19,4.053837
31.383721,34,4.081884
11.359539,15,4.092519
6.000347,8,4.09762
6.28865,8,4.103836
13.563818,19,4.118404
33.166251,40,4.150752
13.581931,19,4.166302
19.405133,20,4.183618
26.19132,40,4.218601
21.957319,23,4.23844
4.449604,7,4.244335
15.516036,19,4.260881
34.195712,35,4.291551
8.450845,13,4.302902
7.19184,10,4.311272
9.922927,13,4.322695
18.630705,19,4.339121
7.299963,10,4.347759
10.310923,13,4.356719
14.54848,17,4.369851
33.427258,33,4.396885
25.110367,31,4.421582
23.031931,31,4.443397
25.694192,27,5.3093
31.260163,30,5.337625
44.185531,52,5.386664
25.986239,30,5.415297
7.379861,10,5.424771
17.44192,21,5.444943
37.426594,46,5.488619
8.678298,12,5.499861
23.52946,23,5.521393
20.190047,26,5.54622
10.568135,13,5.558653
19.137957,25,5.582665
31.64502,37,5.617372
26.269063,29,5.644666
52.941755,64,5.705415
7.35954,9,5.714079
35.084548,43,5.754182
63.022873,76,5.825269
8.979804,12,5.83661
25.468888,29,5.863911
57.235708,70,5.930403
29.668973,30,5.958615
46.708986,50,6.006131
25.61813,29,6.033664
84.994226,87,6.117329
8.755651,12,6.128883
18.23182,21,6.149147
47.705642,46,6.192989
24.868567,35,6.226787
22.068101,23,6.249192
10.164981,13,6.261808
22.172022,26,6.286945
10.427674,12,6.298437
18.618045,25,6.322319
10.017207,12,6.333645
18.756813,24,6.356649
5.704318,8,6.364262
28.826998,27,6.389675
13.344383,16,6.405139
22.90894,25,6.429093
24.897642,28,6.456293
18.585186,24,6.47979
24.680655,30,6.508565
12.892919,15,6.523059
7.12629,10,6.5327
21.580422,21,6.552823
23.737331,31,6.582823
7.59349,9,6.591383
39.426035,45,6.634627
39.388434,44,6.677398
38.130959,39,6.714708
32.925989,36,6.749276
66.888277,64,6.809799
14.33327,16,6.825141
13.792955,15,6.839374
53.668469,55,6.891363
22.090111,26,6.91667
59.547281,64,6.979108
10.343375,12,6.990921
22.383299,23,7.013544
16.68837,18,7.031368
42.796268,49,7.075522
75.346333,92,7.155055
4.176309,7,7.160594
20.991097,21,7.179486
3.112727,6,7.184987
40.775999,47,7.225008
56.121809,62,8.020828
78.65983,84,8.100729
25.324732,29,8.128321
50.65042,53,8.17768
90.819296,94,8.266429
45.993369,51,8.314182
40.399943,50,8.361526
20.094231,27,8.387283
28.277905,32,8.417428
54.619988,48,8.462215
8.64404,13,8.474211
42.056387,40,8.512328
44.736836,56,8.56467
22.352531,31,8.593881
22.961159,25,8.617424
49.295533,48,8.662441
31.53629,30,8.690302
16.839848,22,8.711115
28.603129,28,8.737302
12.174005,14,8.750683
37.792005,40,8.788771
19.367096,21,8.808637
78.927329,95,8.898148
38.666087,34,8.929754
82.523947,80,9.005405
29.173899,31,9.034768
35.263337,32,9.064377
16.797743,19,9.082345
23.83383,24,9.105166
15.350415,17,9.120942
27.894893,33,9.151885
50.455161,50,9.198586
228.814883,226,9.411213
46.294076,50,9.458196
27.144141,35,9.491917
54.403287,57,9.547452
10.788034,15,9.561983
36.915768,43,9.603088
53.472197,44,9.64511
19.931436,23,9.667368
10.344086,14,9.680732
51.038752,56,9.734213
27.705485,29,9.762153
57.911163,57,9.816295
16.680777,21,9.836969
35.786555,33,9.868457
23.81841,26,9.893069
172.152171,165,10.816761
72.840849,70,10.884587
56.025348,58,10.940678
102.106871,103,11.038801
140.634081,138,11.171565
87.307568,80,11.243878
10.894958,16,11.258094
133.560541,136,11.374706
70.89713,74,11.43805
81.385048,79,11.50091
41.320284,40,11.527131
57.988737,58,11.564932
30.221215,31,11.584967
86.621213,85,11.640813
154.860968,150,11.737642
83.565248,77,11.788122
105.786088,105,11.856512
73.417961,71,11.906707
30.11398,30,11.926289
45.993258,49,11.957938
23.673315,26,11.974847
44.23861,44,12.003217
160.295862,149,12.099584
83.745106,81,12.151038
38.29407,35,12.171485
27.429731,26,12.187689
67.62556,68,12.2356
387.208273,370,13.322978
153.805904,147,13.462591
167.391891,156,13.611162
103.540562,85,13.691644
636.348248,623,14.29685
128.343616,114,14.406622
273.368929,260,14.651509
145.97234,125,14.751779
141.231581,110,14.816977
366.16506,313,15.807823
240.242998,196,15.991793
136.448866,126,16.109301
184.658762,166,16.265437
259.910938,240,16.490012
221.837378,193,16.669894
125.698733,109,16.772239
282.096698,246,17.004702
540.133169,512,17.421864
229.190302,211,18.319325
220.209264,213,18.518216
447.815519,384,18.865808
607.951912,567,19.336372
907.708986,860,20.888237
334.658275,267,21.058496
168.311494,123,21.145585
76.945575,47,21.186826
303.181803,261,21.427094
184.228662,138,21.561722
637.245986,556,22.095117
305.976294,247,22.33275
166.67876,121,22.449191
84.270426,59,22.504964
537.264388,433,23.701257
519.009551,428,24.10693
409.852062,312,24.398031
181.09305,130,24.483508
608.008852,509,24.890134
278.423716,228,25.079023
455.17557,332,26.154279
344.302341,212,26.350473
492.62589,360,26.643436
366.211093,252,26.842647
411.739164,261,27.058167
285.742643,196,27.222446
300.255182,234,27.376335
270.618768,213,27.500258
449.130955,292,28.275038
412.862914,254,28.42251
350.646278,220,28.551785
331.489218,200,28.683013
404.296157,287,28.912596
413.305251,293,29.149404
336.233427,238,29.342061
306.55702,186,29.471501
370.474297,262,30.364126
377.472962,268,30.60585
421.690355,282,30.874391
527.826697,353,31.20988
408.005048,252,31.450412
417.861857,246,31.68516
290.489943,173,31.847969
320.943241,215,32.049513
447.650083,300,33.118057
325.265095,165,33.27642
408.026929,262,33.5306
319.744784,209,33.729152
392.081354,221,33.941243
374.086431,223,34.125726
355.245231,198,34.282992
319.42955,174,34.396542
370.721843,215,34.5454
292.716635,173,34.690828
362.427776,202,35.641113
327.443485,200,35.834832
386.478991,240,36.063353
453.053366,266,36.316889
290.945435,157,36.46591
211.73614,116,36.576095
206.369374,131,36.700223
342.774201,174,36.868038
323.089447,199,37.060369
268.993886,160,37.212062
263.905161,165,37.372998
386.200007,218,38.366112
328.316191,173,38.52922
353.001894,190,38.70751
318.092574,162,38.859534
310.164305,168,39.014743
317.44071,188,39.193111
362.824864,188,39.368573
321.735858,168,39.523688
351.613839,195,39.705976
265.123619,119,39.81647
335.922658,184,39.989402
372.608512,224,40.987062
314.392884,158,41.091636
378.261883,202,41.244107
321.688926,166,41.370659
262.521862,154,41.500663
348.226384,217,41.675358
353.855082,186,41.82125
359.199054,191,41.981742
273.786312,161,42.118572
324.421411,162,42.250801
346.239215,174,42.379222
325.974761,179,42.496789
360.628757,200,43.372024
284.840613,183,43.542739
335.39607,175,43.709759
329.481828,192,43.892001
303.158417,148,44.032915
340.802294,195,44.219274
349.980125,189,44.400214
363.461448,206,44.59734
307.608082,150,44.739206
272.271365,121,44.856297
285.723299,150,44.999349
313.756404,164,45.156114
359.233614,197,46.058994
361.577228,207,46.228503
312.487812,149,46.356671
356.98545,191,46.510882
344.802773,182,46.651675
320.756377,193,46.8163
323.802464,171,46.962125
310.758768,177,47.112886
350.82687,188,47.286388
365.433467,204,47.480703
325.543831,177,47.65047
372.653944,213,48.633087
296.683479,139,48.748247
340.547276,187,48.899162
295.084463,138,49.014731
319.473852,161,49.150437
318.33532,174,49.304853
316.887007,153,49.447528
302.943063,173,49.608447
312.727952,149,49.746396
326.530935,166,49.90222
361.59592,198,50.089755
361.138949,194,50.272372
343.885659,178,51.256179
366.550205,202,51.446829
342.474721,177,51.609759
381.293914,201,51.782398
368.175405,207,51.958526
337.002573,170,52.099765
375.582586,219,52.311261
346.336033,182,52.486298
363.859912,192,52.672621
357.15023,192,52.860049
345.314455,181,53.810783
340.928426,177,53.977694
358.329238,192,54.15675
331.796787,165,54.311416
382.462329,222,54.518849
340.198503,181,54.687819
365.850477,208,54.880793
343.207192,187,55.054393
340.834216,173,55.215454
338.581729,178,55.383825
307.584217,145,55.519558
373.13331,208,56.407036
316.141542,143,56.501478
309.423058,157,56.603824
317.006986,159,56.697943
323.852934,167,56.822198
354.914322,184,56.971277
351.182805,181,57.123941
332.585538,175,57.263577
308.440322,140,57.367578
359.295235,196,57.545512
340.405676,185,57.725787
353.648818,191,57.912024
356.668844,192,58.917684
340.609326,185,59.098247
318.054551,160,59.25245
324.281381,162,59.407998
320.763221,159,59.545051
347.630092,180,59.696472
299.208982,136,59.801099
331.684513,153,59.919215
328.152742,174,60.063663
323.821154,162,60.199603
296.697528,136,60.317849
310.500258,158,60.453971
354.389672,188,60.633263
331.72528,163,61.568208
345.282907,178,61.7386
342.91044,184,61.871308
314.617429,156,61.97377
346.660948,180,62.092501
291.651871,144,62.184927
366.786346,202,62.314803
309.710708,141,62.405472
353.779081,196,62.530597
324.557632,165,62.631338
330.235584,168,62.729282
346.407549,185,62.836479
316.793902,149,63.597316
274.787877,127,63.679012
349.791221,197,63.842308
319.915432,162,63.986695
284.853034,127,64.106721
303.833262,137,64.236123
303.758041,139,64.36966
290.023435,138,64.499963
311.183325,135,64.627972
297.817698,137,64.759961
299.606841,128,64.880064
323.00626,164,65.03451
323.855266,165,65.190132
308.195733,141,65.320859
293.237283,137,66.231881
286.934634,125,66.31266
293.69274,133,66.399123
303.578741,135,66.486949
320.479782,139,66.577187
291.873161,126,66.672136
284.49326,131,66.798574
291.050945,128,66.919502
264.658854,124,67.038322
302.038542,134,67.165261
299.44123,131,67.291198
304.612252,138,67.422717
281.702164,129,67.545568
269.135187,121,67.659068
294.281141,129,67.781122
286.350749,134,67.910445
293.904175,138,68.819756
320.394382,137,68.925915
315.325541,136,69.03234
327.890617,156,69.160154
318.646118,144,69.282936
289.704008,125,69.399079
323.187776,140,69.531396
295.79675,133,69.655382
289.909323,129,69.775872
313.7083,134,69.901627
306.958476,132,70.022361
285.858991,128,70.137997
332.637988,141,70.267311
314.907972,136,70.395944
323.456725,143,70.532042
296.880196,133,71.449
344.171199,153,71.567895
319.945061,141,71.682608
149.821087,78,71.748169
156.142385,80,71.816062
290.051481,127,71.922588
303.975039,137,72.051131
298.55306,133,72.176021
314.302969,134,72.302373
316.28261,144,72.439199
292.630859,132,72.565854
317.4413,142,72.700564
285.453852,123,72.818323
293.33395,130,72.941412
322.099056,138,73.069867
149.69418,79,73.142887
289.338324,131,74.028237
323.065385,140,74.118849
316.133661,139,74.208689
333.443084,142,74.319262
296.946203,135,74.430886
308.439897,141,74.553046
168.531781,87,74.634649
287.78995,129,74.754842
321.293587,132,74.877936
305.036458,138,75.00633
307.842659,131,75.130105
123.576433,66,75.191663
293.026865,133,75.319743
316.101798,135,75.447952
318.261876,133,75.574748
306.179411,140,75.70723
305.001129,130,76.58812
309.616075,135,76.696828
347.889166,144,76.812845
316.419364,141,76.914383
305.956156,131,77.012332
305.408339,133,77.128469
316.773458,139,77.255601
321.20081,140,77.384103
337.854918,143,77.514871
316.901664,137,77.639547
276.441573,122,77.751666
306.182722,131,77.873915
307.293857,138,78.002486
346.347393,159,78.150033
305.17886,132,78.272848
331.306736,139,79.190561
312.80931,134,79.321007
314.808374,134,79.451244
519.403905,205,79.644761
328.762303,145,79.768674
307.290676,138,79.886156
310.049257,134,79.988401
315.049399,134,80.092547
331.389685,138,80.198168
300.919965,134,80.296582
322.668986,141,80.390011
294.786046,125,80.471633
249.027475,117,80.54732
324.340812,139,80.637649
319.703217,132,81.417292
313.375535,129,81.500955
368.131637,153,81.600054
334.175896,141,81.705517
312.049884,134,81.817938
343.652928,144,81.92106
306.4867,132,82.005522
319.454551,137,82.093612
300.134248,129,82.176707
272.062403,122,82.254554
326.271234,140,82.365243
350.544865,147,82.479651
344.145283,145,82.576794
351.807139,145,82.686076
348.589946,143,82.791097
337.488682,143,83.653026
371.677619,149,83.740152
292.092255,131,83.817126
326.605533,141,83.899292
315.77117,130,83.993131
355.200126,145,84.107105
337.364199,138,84.196511
354.784464,146,84.298694
354.61181,149,84.408473
340.145403,145,84.528455
330.969101,138,84.640732
350.670913,146,84.758785
316.466817,136,84.871694
349.825372,144,84.995335
309.792012,134,85.104903
352.787826,150,86.084892
295.019978,130,86.206173
346.633162,145,86.343233
347.809925,149,86.483188
344.063693,139,86.602771
322.124665,135,86.706168
448.203988,183,86.85253
337.637435,145,86.966846
370.873148,149,87.063502
322.426487,136,87.150541
361.251628,147,87.253723
483.506365,202,87.382775
333.54116,144,87.475208
345.813866,141,88.30962
386.201999,154,88.452083
263.113265,127,88.572073
297.910209,136,88.700373
350.463905,145,88.836794
326.38258,136,88.963731
310.704185,138,89.090142
342.392388,140,89.221149
362.990465,145,89.358037
363.886994,150,89.499216
363.922617,149,89.637984
327.490891,138,89.767693
338.981856,141,89.900533
337.367624,140,90.033134
346.349149,144,90.155034
380.775893,152,91.020433
299.612628,135,91.145091
453.417485,183,91.314024
460.001881,178,91.478224
377.334354,152,91.619
341.100696,142,91.749893
494.539611,187,91.924402
343.612518,147,92.062477
386.693625,155,92.209571
478.983946,191,92.390159
456.898702,186,92.565423
337.658964,140,92.697424
344.482814,141,92.830193
394.331049,156,93.749017
379.26878,154,93.876561
185.527355,94,93.950323
404.171976,158,94.090567
503.255491,193,94.255532
368.600858,148,94.379624
313.427321,135,94.489723
379.322813,151,94.599071
500.154127,199,94.765504
488.032523,186,94.927454
569.462717,214,95.136883
304.280939,133,95.276202
305.441956,133,95.416718
392.182811,158,96.406744
496.725531,203,96.600111
303.19051,142,96.738897
182.937606,92,96.827591
463.60968,173,96.995136
450.099329,170,97.153329
188.570456,95,97.239342
363.598827,149,97.378766
533.909741,207,97.575104
418.852562,163,97.732548
579.793024,217,97.939329
522.149978,204,98.131317
521.028849,196,99.069824
345.719857,139,99.199564
500.081485,188,99.374522
464.862012,179,99.541761
494.31347,190,99.703898
717.402815,258,99.91937
540.568886,208,100.093719
422.478051,168,100.235289
543.025163,210,100.42117
317.558663,140,100.554063
423.575369,165,100.711794
355.848626,149,101.627673
523.989229,206,101.826461
485.254574,187,102.006457
499.689467,189,102.187192
436.520558,168,102.346984
496.370923,184,102.522529
528.238754,196,102.711077
366.168429,161,102.864034
725.18955,262,103.111875
362.95484,147,103.249898
490.528825,192,103.426548
337.153669,144,104.262049
679.878324,260,104.505136
800.814158,283,104.770431
527.93567,202,104.963772
470.66094,182,105.138685
334.814236,144,105.280215
444.705637,176,105.449079
725.87535,262,105.69889
375.638677,162,105.854188
540.34867,201,106.037594
489.328485,189,106.855847
778.504514,292,107.122537
775.469981,279,107.378365
528.025183,201,107.561967
777.452962,302,107.834399
548.338359,200,108.014882
473.863063,182,108.169731
327.766106,138,108.28513
456.190936,182,108.406966
444.675123,176,108.52037
663.579666,268,109.43235
438.647878,194,109.591685
551.182923,206,109.748679
761.680496,272,109.946888
612.868802,218,110.086993
183.679645,93,110.147196
679.035356,272,110.321132
727.587484,278,110.5165
538.777541,203,110.687265
317.752177,140,111.481145
556.49215,215,111.680261
950.093922,331,111.987652
341.758628,154,112.13107
578.239013,215,112.331771
713.028314,261,112.576146
521.505529,209,112.773577
526.738887,202,112.965008
318.80889,139,113.095322
562.03115,208,113.29354
542.443508,209,114.131404
354.804753,157,114.239182
353.88368,156,114.330492
669.069512,239,114.484796
555.099673,210,114.618925
538.10823,203,114.785266
805.899388,276,115.037519
741.097666,277,115.291081
318.45461,138,115.417879
766.711893,288,116.505594
563.182899,201,116.672462
713.937312,263,116.87822
748.076642,262,117.099682
796.755389,290,117.338177
558.434373,214,117.507163
901.497544,314,117.755808
884.693993,337,118.017869
726.259902,266,118.876497
731.332829,257,119.025788
653.762106,246,119.179597
720.413174,264,119.34908
800.993134,277,119.526743
507.233733,190,119.649005
671.126872,243,119.804831
525.149779,194,119.926526
589.068419,208,120.063876
633.013641,220,121.006315
603.620499,214,121.205179
811.616175,292,121.476495
579.059241,207,121.664986
640.809967,240,121.825999
711.074405,267,122.019778
767.237308,276,122.238828
947.134021,326,122.509169
608.192479,227,123.514426
762.308806,285,123.773816
542.223988,200,123.95801
798.886175,287,124.223204
832.888639,282,124.484349
802.922492,278,124.738826
744.248857,262,124.947303
951.722812,328,125.898677
836.024307,270,126.05223
749.529413,269,126.205777
589.665709,223,126.352691
800.842648,285,126.533136
830.288387,284,126.726046
321.632545,138,126.822597
836.259661,280,126.986632
808.850173,286,127.943113
778.047217,272,128.198179
401.911616,163,128.351407
582.641849,235,128.56971
652.535227,226,128.781309
843.759958,298,129.05636
609.774518,215,129.263118
753.92092,251,129.502621
819.011578,283,129.751458
794.422535,276,130.620313
802.2316,284,130.800905
547.608537,213,130.936533
814.837351,281,131.115151
843.394193,291,131.299797
821.733318,284,131.471285
759.272498,261,131.620646
799.949062,271,132.42389
812.30975,300,132.663146
988.964619,349,132.949288
670.500997,251,133.109883
753.175011,258,133.284628
954.472868,323,133.562101
938.659848,314,133.841596
626.133225,223,134.844115
1029.827421,357,135.12682
698.976743,253,135.305089
824.878492,282,135.468268
788.100918,275,135.626711
499.957758,186,135.737729
833.180486,282,135.918127
515.89024,193,136.041327
808.382717,275,136.919619
844.921208,293,137.1821
574.001943,204,137.372317
951.778706,320,137.671767
794.482003,264,137.915533
802.149614,286,138.179383
204.280408,99,138.271842
767.071107,273,138.521869
725.284436,248,139.518353
805.273885,269,139.742655
835.230682,282,139.958813
836.623778,283,140.212784
367.126312,166,140.366185
816.779829,272,140.61993
734.541014,262,140.863984
826.420302,276,141.124586
744.260891,270,142.192408
814.172812,284,142.453769
854.398916,283,142.700211
776.736972,267,142.89266
998.948395,343,143.117376
863.160029,281,143.343018
841.591647,281,143.593345
861.294517,296,144.626206
837.069558,275,144.883307
816.44715,268,145.131191
827.344802,289,145.395622
767.729017,253,145.629055
767.175601,269,145.877439
845.43809,285,146.141763
741.068171,269,146.384915
600.317661,214,147.410215
851.273465,279,147.672547
823.042666,272,147.927297
951.61503,314,148.220933
695.765452,230,148.43411
847.733045,280,148.698491
1061.037383,362,149.040324
885.525956,288,150.139816
840.390132,300,150.453423
634.029093,228,150.660278
932.333784,304,150.942145
623.141981,223,151.124564
1017.387965,340,151.383824
1014.924809,335,151.664174
910.279667,317,152.778357
832.645203,273,153.039206
1099.531469,369,153.386265
801.818497,281,153.642808
1283.194355,407,153.97931
624.630528,229,154.17101
865.783758,288,154.416855
999.908477,335,155.509507
886.646552,296,155.748891
927.468029,294,155.969015
597.533765,213,156.135863
854.063402,279,156.357553
954.177775,305,156.60223
1003.679918,332,156.86642
869.013772,304,157.762927
1150.616775,365,158.064592
1100.947746,362,158.396432
1119.358694,362,158.729415
983.996203,317,159.021565
971.736435,322,159.315354
1103.240548,360,160.463957
1128.89621,376,160.808558
831.397097,297,161.060523
1250.742016,399,161.393863
1202.866429,381,161.695237
1130.937175,367,162.811598
938.33644,304,163.089238
1313.249292,425,163.476991
1198.023757,398,163.84253
1163.508031,390,164.200061
1110.340757,368,164.514911
1862.726663,606,165.82545
954.071276,302,166.10621
955.61868,303,166.387902
1122.132267,367,166.729611
982.523679,314,167.019948
1016.942739,320,167.945685
965.568993,306,168.12119
1838.897647,618,168.508159
1440.731858,448,168.811335
2329.368744,779,170.120442
1065.159863,342,170.33763
1914.157826,657,170.718437
2966.566633,1000,172.083317
2174.857561,750,172.76892
2919.645055,952,173.595378
2859.644398,1000,175.323667
2105.663613,750,175.979033
2722.161614,1000,177.639447
2820.599577,1000,178.459797
2851.127,1000,180.13699
1153.709168,367,180.485114
2626.487752,1000,181.358963
2904.048105,1000,182.875937
2779.950102,1000,183.77696
2773.823036,1000,185.378361
2691.058605,1000,186.305731
1679.362955,574,187.50634
2789.979225,1000,188.263871
2811.776557,987,189.716841
2109.186965,735,190.307804
2814.559011,969,191.146383
2848.142854,1000,192.639692
2052.639692,660,193.014672
1329.38709,529,193.334409
1995.128651,694,194.506016
2049.787204,741,195.08303
1273.624522,424,195.382772
980.313385,340,196.320941
1441.779749,474,196.757239
3046.327921,981,197.652523
2938.608042,1000,199.211713
2753.128833,1000,200.074916
1683.18394,588,201.438013
97.966535,59,201.481486
2328.128674,738,202.035621
1263.178172,408,202.270536
1479.761016,492,202.557214
1223.715033,394,203.554349
946.07605,301,203.835612
1207.873258,389,204.195382
1828.3942,580,204.729496
1850.545313,598,205.27319
1800.993235,585,206.550814
1340.79454,431,206.958017
941.394213,294,207.239352
1118.160098,365,207.588948
1596.85444,535,208.927843
1260.838621,392,209.176417
1262.175848,419,209.442809
1018.763625,317,209.647667
854.806966,284,209.829205
1245.643214,388,210.064155
1489.413703,460,211.186581
1252.335218,394,211.480892
1136.818472,366,211.772483
1141.237944,356,212.071432
1246.472688,405,212.406529
2388.371235,754,213.806385
1129.153388,373,214.147141
1345.570182,421,214.528378
1418.500411,450,214.940947
1129.771842,367,216.012389
1045.528859,336,216.259811
1217.830829,382,216.5307
991.871927,306,216.785993
1284.820036,395,217.14167
1120.371226,359,217.466527
1925.811164,587,218.642798
1027.685292,327,218.851581
1289.055212,405,219.157647
1025.113489,316,219.380326
1061.216559,338,219.596234
1350.412239,415,220.497164
1204.184055,379,220.845621
973.244445,302,221.120278
1170.273446,379,221.467551
1087.672182,338,221.77838
1299.73882,399,222.139701
1140.987655,361,223.136785
935.78805,318,223.369674
146.749596,76,223.434575
1446.379569,458,223.790596
644.761088,229,223.976964
973.301975,300,224.228407
1097.562806,335,224.532905
1341.76323,409,225.69134
1040.872186,321,225.983632
1374.30326,431,226.338596
1303.081832,398,226.588599
1022.72499,312,226.768125
1382.280118,436,227.607009
855.856041,271,227.780977
1079.81054,336,228.040011
1331.033597,406,228.292261
1030.469731,318,228.507599
1234.816466,386,228.749653
1060.239512,322,229.800626
1207.858041,377,230.164697
1572.226381,485,230.623291
1116.251384,351,230.924624
1001.444712,305,231.136019
1123.192357,356,231.418182
1263.515889,387,232.478876
995.303145,306,232.764732
1163.547232,362,233.080801
2698.070867,834,233.866599
2372.049186,764,235.383615
1184.836034,367,235.679352
145.514831,75,235.740044
1206.07632,373,236.096221
139.318104,73,236.167097
1405.081642,441,236.587605
1105.507085,333,237.738689
2128.472602,656,238.302341
2934.33928,1000,239.188638
151.167407,77,239.262899
1262.533035,386,240.356225
910.094525,286,240.575624
1004.159139,330,240.878961
1000.355352,307,241.16368
140.575205,73,241.232736
2401.200503,733,241.729233
1165.290879,364,242.550204
2869.548365,1000,243.263775
112.338836,66,243.311777
1065.605804,349,243.599519
152.969392,78,243.665077
2825.080844,1000,245.29345
2935.635918,1000,246.222583
1559.518768,476,247.40281
2831.896188,1000,248.233723
2937.234133,1000,249.834695
2854.949516,1000,250.615427
1141.632573,352,250.91925
1528.93725,468,251.366834
1020.665839,310,252.482293
1270.649912,395,252.847982
3062.180404,971,253.478296
2834.05693,846,254.88572
3009.020604,1000,255.636753
3009.759215,987,256.833463
3042.714123,1000,257.496193
2016.127268,627,257.988255
2184.474881,661,259.430076
1737.146231,548,259.911615
1785.724079,546,260.3575
1873.23519,593,261.284051
3190.820022,1000,262.155129
1717.34129,540,262.684213
1170.504686,367,263.758452
138.891177,73,263.824208
1085.196641,340,264.111535
1219.026198,385,264.36111
1403.735342,425,264.629806
1349.19634,411,264.871188
1378.452608,418,265.816846
1109.368013,341,266.046048
1179.079386,368,266.314412
1455.258938,453,266.649523
1036.196264,320,266.908968
1426.778561,444,267.189968
1766.600833,544,268.253356
1757.012038,541,268.744593
1438.111077,444,269.145129
1151.575202,363,269.473876
1165.051904,364,270.559633
1181.610592,369,270.91068
1052.961754,318,271.2157
1296.954934,392,271.57784
1349.472573,411,271.960647
1882.866753,571,273.172374
989.541843,307,273.366542
2142.285977,665,273.781641
2515.731522,782,274.246874
1061.397093,316,275.135454
2493.440499,773,275.794469
2536.494836,771,276.511257
1864.610796,564,277.749238
2491.158957,747,278.373631
1588.172504,475,278.762561
1476.084297,450,279.137579
2019.014936,623,280.455252
1131.482129,349,280.77757
1706.152433,514,281.254401
1631.32487,509,281.723047
1400.501644,424,282.808262
1064.66449,321,283.062035
96.171391,58,283.110595
1425.586123,433,283.417863
1486.759275,452,283.675708
1656.914681,495,283.955647
1335.486925,402,284.766002
1409.84513,422,285.104493
1699.645487,503,285.517076
1390.531303,417,285.895106
2529.414941,755,287.382645
1838.602245,550,287.889852
3103.497304,1000,288.788421
2996.539073,1000,290.299577
2237.029727,673,290.725532
2116.812921,639,291.817246
1974.509525,590,292.376005
1586.249513,488,292.840741
1893.610895,562,293.225811
1810.387954,548,294.382311
1634.15991,486,294.784752
2331.464407,703,295.430727
2325.634799,694,296.868021
3297.901487,1000,297.788087
1686.393361,505,298.252816
2010.043734,616,299.207813
112.486007,63,299.260766
1958.345,573,299.721524
1762.63842,534,300.19741
2505.149593,751,301.599292
134.267608,71,301.659364
2231.984818,678,302.102822
1432.44892,431,302.372171
1656.640453,494,302.711233
2621.794385,792,304.057323
2071.948505,624,304.463221
3003.125224,903,305.17128
1778.570312,531,306.434238
1961.400896,588,306.966976
2545.567932,748,307.559318
2399.957464,720,309.038592
1184.86838,359,309.364709
1844.182575,550,309.808214
2909.841794,874,311.025661
2672.837351,796,311.658737
2261.058856,674,312.197999
1904.018188,561,313.359947
2208.482164,658,313.868162
1506.057211,451,314.172166
2256.211073,670,314.704299
3268.555583,1000,316.328424
3241.362613,1000,317.136981
3268.615453,1000,318.463257
3287.278937,1000,319.148691
1263.26739,382,320.218698
3382.826965,993,321.124284
1486.363919,438,321.529157
1173.921376,349,321.857867
89.604737,54,322.556335
3198.228343,941,323.384064
151.439507,77,323.459646
80.904415,49,323.507698
3339.590987,996,325.214991
2726.176853,797,325.928834
2027.505685,595,326.487555
97.682766,58,326.542113
115.270329,65,326.604713
3301.877426,1000,328.260319
3301.386876,1000,329.180152
3328.327686,1000,330.787156
3278.692006,1000,331.604044
3282.484347,1000,333.318907
3248.679906,1000,334.243838
3292.002951,1000,335.685421
3260.496289,1000,336.32088
3264.148836,1000,337.654815
2908.113919,872,338.352558
3250.931921,1000,339.86383
3220.122217,1000,340.46711
3243.43338,1000,341.80483
101.047116,59,341.85515
3215.879696,1000,342.717948
3209.73971,1000,344.448558
3223.73126,1000,345.171674
91.474239,55,345.21738
1184.53672,387,345.455309
3203.365612,1000,346.798693
3239.951312,1000,347.538638
3217.686428,1000,349.219957
3267.546492,1000,350.129019
98.145271,59,350.183829
3224.473152,1000,351.72698
3237.406401,1000,352.380234
3238.803369,1000,353.458174
83.661488,51,353.488009
3203.840097,1000,354.176978
3229.43977,1000,355.780841
3244.020864,1000,356.679297
3162.162568,1000,358.328295
3153.331565,1000,359.145816
2883.175195,878,360.765283
3202.65319,1000,361.667807
3203.393155,1000,363.216223
3149.620201,1000,364.141203
3156.222627,1000,365.792099
3122.930622,1000,366.72687
3173.493671,1000,368.37957
3182.747296,1000,369.277683
3145.146041,1000,370.974895
3162.981738,1000,371.911687
3167.795361,1000,372.714113
3131.150266,1000,374.416051
3085.665795,1000,375.304279
3100.253454,1000,377.272483
3191.844605,1000,378.319965
3139.529749,1000,379.858124
3134.007001,1000,380.781159
3017.828982,1000,382.473436
2937.993811,1000,383.36972
3150.546007,1000,385.004362
3084.04061,1000,385.89061
3132.589663,1000,387.279274
3045.327727,1000,387.930798
3117.01306,1000,389.573335
3139.43573,1000,390.513299
3003.32214,1000,392.163805
3231.354316,1000,393.105091
3263.462466,1000,394.736701
3224.87342,1000,395.635666
3203.235942,1000,397.228845
3199.987888,1000,398.079705
2426.119896,733,399.504977
3202.515657,1000,400.28341
3158.603781,1000,401.847868
3220.136395,1000,402.735554
1179.753214,356,403.044393
3275.02698,1000,404.710746
3246.365061,1000,405.497598
3245.878127,1000,406.987463
3282.213739,1000,407.905767
2238.721806,678,409.063245
3298.270677,1000,409.628194
67.995894,42,409.65212
3253.94595,1000,410.986608
3279.685381,1000,411.855761
3269.133837,1000,413.57193
3276.800583,979,414.452873
1404.745742,414,414.812771
3194.458448,1000,416.175513
3268.478562,973,417.034379
2756.363519,816,418.368139
3176.127126,1000,419.275337
3184.518412,1000,420.91036
3255.051834,1000,421.675547
3245.114121,1000,423.374447
3289.949483,1000,424.187434
3290.302823,1000,425.090528
1963.671491,608,426.463498
3253.492659,1000,427.381793
1649.378832,488,428.605124
3186.537131,1000,429.379052
3238.150807,1000,430.236057
3252.504894,1000,431.865939
3228.419687,1000,432.499885
3263.125776,1000,433.951815
3174.627429,1000,434.70232
3083.236443,927,436.492343
2080.547239,620,437.211123
3264.931137,1000,439.120086
1731.071544,525,439.593219
3151.812381,1000,440.336242
2581.810999,776,441.764762
1458.274585,451,442.182664
3241.234682,1000,443.9336
1494.988145,454,444.347161
3209.126641,1000,445.245425
3261.263733,1000,446.840013
863.573748,272,447.086103
3248.080987,1000,447.990363
3231.476332,1000,449.614305
2498.198467,745,450.170471
3301.052568,986,451.725373
3242.863913,1000,452.577998
3266.899564,1000,454.294702
2750.765419,821,455.040324
3257.775435,1000,456.552645
3267.453186,987,457.45809
2202.636678,653,458.058943
1977.755209,582,459.388198
3212.519327,1000,460.279731
3249.08813,1000,461.950174
1466.593708,442,462.333228
3269.418013,1000,463.041502
3253.800979,1000,464.600619
3272.011495,1000,465.291743
3289.891736,1000,466.988817
3144.343595,935,467.816214
2661.581675,809,468.985316
2076.940039,623,469.370158
3247.349025,1000,470.138955
3258.350531,1000,471.808436
3218.625867,1000,472.634675
1906.870647,560,473.850909
2585.986474,748,474.365315
1445.641391,436,474.762639
2242.557597,671,476.207066
3232.301776,1000,477.077864
1214.157309,364,477.405741
2528.84141,750,478.873319
3244.943338,1000,479.799396
2151.689877,631,480.38044
3168.570366,1000,482.106619
3339.005398,992,482.881286
2237.190297,679,484.091755
2783.835996,831,484.776823
1946.408543,575,485.301782
1401.749861,415,486.506756
2320.978595,697,487.157271
2394.620497,706,487.807428
3256.682613,1000,489.190658
3204.337715,1000,490.132705
3265.470599,1000,491.465505
2786.08333,830,492.0742
3225.995352,1000,493.708939
3271.342205,1000,494.6629
3248.638002,1000,496.159878
2160.901327,640,496.523263
2523.661472,746,496.948932
2533.580512,742,498.255048
3244.59998,1000,499.15486
909.149947,272,499.378565
2960.960061,909,500.748265
1472.125306,435,500.997647
3230.593089,1000,501.580399
1134.151871,339,502.448583
3232.254238,1000,503.243523
615.836432,203,503.41253
1558.391648,472,503.783582
2375.410374,705,505.083184
2433.495187,723,505.735264
2011.724161,602,506.290463
1058.783144,309,507.376976
3219.602099,1000,508.152503
1018.089609,300,508.387647
3230.328005,1000,509.822471
3326.018028,1000,510.559408
1380.864622,409,510.815981
2028.06438,598,511.880026
1430.381172,429,512.234649
1904.627652,565,512.706566
2756.641219,818,514.19961
2474.217379,730,514.872935
1343.453805,400,515.188807
1259.686008,382,515.407329
1649.21702,488,515.787361
2796.069729,820,517.282017
2609.53872,765,517.996454
1315.139989,393,518.362893
3304.63592,1000,519.94703
3297.891355,1000,520.775801
913.155892,278,521.784461
2656.709565,792,522.501643
471.776423,170,522.656519
2597.230101,765,523.262293
1237.586702,375,524.098267
3265.28867,1000,524.862506
502.954502,178,525.019251
2689.34556,794,526.475901
1157.839287,349,526.809006
888.52429,274,527.026768
349.325866,136,527.133308
378.090503,143,527.252608
3279.105585,1000,528.019101
836.372619,254,529.022616
865.785488,278,529.208988
518.190225,182,529.342281
1572.092361,468,529.731373
2302.506413,683,530.236882
3266.360976,1000,531.86814
3254.934308,1000,532.760284
1096.633824,327,533.765525
1992.093753,589,534.309297
1880.058105,549,534.815949
1577.528186,475,535.265326
2184.90944,653,536.684582
3326.566295,987,537.494612
2438.293236,724,538.15943
1584.734755,473,539.31096
713.021533,223,539.484411
853.514814,255,539.689891
1781.934817,535,540.161725
3269.545917,1000,541.875752
2351.96215,687,542.506145
3275.514815,1000,544.209276
3258.382359,1000,545.153752
3263.880298,1000,545.95791
3239.996589,1000,547.678704
761.324144,233,547.893402
836.119234,253,548.130291
1203.235315,361,548.444427
3265.717654,1000,549.814445
3304.654608,975,550.437495
3239.125822,1000,551.835214
3202.476812,1000,552.626751
1707.756993,503,553.846102
1391.707254,422,554.360771
1831.296099,543,555.017699
3226.611309,1000,556.914885
3267.505484,1000,557.63515
3242.743136,1000,558.939654
3275.618486,1000,559.517504
3021.246893,894,560.138555
3263.316202,1000,561.734064
1769.496484,526,562.194548
3291.327444,1000,563.800427
2747.208731,816,564.395185
2121.436445,631,564.959144
125.024022,67,565.021162
3306.65233,1000,566.691057
3244.494731,1000,567.597852
3271.650807,1000,569.23871
3246.650848,1000,570.170169
3206.195291,966,571.891856
3234.933179,1000,572.718571
3242.055347,1000,574.342515
129.065652,68,574.393171
3218.591693,1000,575.254513
2699.641202,803,576.56217
1590.509476,473,576.899164
3239.374599,1000,577.611548
3250.488438,1000,579.290285
1629.176979,484,579.639263
3281.133939,1000,581.170693
3226.597764,1000,582.119542
3287.799357,1000,583.820774
3257.969063,1000,584.613525
976.974794,292,584.808288
3258.567354,1000,586.2531
3252.697748,1000,587.16144
3250.780453,1000,588.782036
1088.238871,324,589.077198
1566.106865,467,589.443534
3286.958363,1000,590.909801
3337.860973,1000,591.767724
3291.94826,1000,593.400677
3268.324024,983,594.128395
2723.69879,816,594.792708
1775.368493,535,596.026906
2180.077799,648,596.626285
3260.333572,1000,598.374767
134.476086,70,598.439967
80.326531,49,598.48631
1554.642083,468,598.913938
93.4588,56,598.964216
101.126547,60,599.020004
1628.79466,481,599.446423
86.22991,52,599.48551
2101.604389,622,599.953631
1628.874362,491,601.156813
805.97897,240,601.379429
90.189101,54,601.429575
91.450235,55,601.479913
82.031529,50,601.525375
80.771161,49,601.571812
3304.989792,1000,602.426255
128.719553,69,602.4826
3284.132274,1000,604.079277
1234.948879,412,604.460518
3272.082457,1000,606.170369
1976.973784,590,606.726678
1185.136393,352,607.373497
1173.961818,356,607.703104
688.061005,217,607.904231
3348.894221,1000,609.561752
83.266193,51,609.603187
139.067153,72,609.661022
3171.075589,1000,610.46798
94.580092,57,610.521323
1439.770014,429,611.697915
3253.638204,1000,612.626466
90.38168,55,612.677208
3238.107195,1000,614.4001
2326.677407,693,615.207812
3033.883234,908,616.204535
1549.242027,450,617.461473
1668.417973,494,617.923408
3229.699478,1000,618.83823
2276.582179,682,620.080761
3156.162716,1000,620.988962
2064.486759,617,621.542529
3197.589696,1000,623.110196
1238.086273,366,623.375651
2647.645551,774,624.760396
1202.12739,359,625.027395
2844.894183,846,625.742614
1185.122405,399,626.0094
3247.974038,1000,627.548471
1389.287423,411,627.81223
3241.349923,1000,628.703001
2508.519088,756,630.162372
3216.122676,1000,630.976963
2177.642457,651,632.244793
2915.676626,859,632.882385
125.261611,67,632.926569
70.968607,44,632.955015
1259.751055,374,633.196559
80.644021,49,633.228114
1423.822687,425,634.385061
2881.852256,861,635.207879
2336.084582,676,635.842112
3257.673433,1000,637.441237
3271.676032,1000,638.36758
3258.477742,1000,640.097818
3250.300537,1000,641.007969
3252.518112,1000,642.629039
130.442835,71,642.686508
125.874695,67,642.728868
3265.614789,1000,643.578685
75.409421,46,643.621074
2747.99296,826,645.219011
3299.498122,1000,646.143425
2191.560919,651,647.391239
104.089957,60,647.429518
89.105594,54,647.46098
3250.995087,1000,648.093426
93.010269,56,648.138922
99.398861,59,648.18321
3233.125403,973,649.723783
1689.769434,502,650.188809
3259.518327,1000,650.932657
3199.901289,1000,652.277008
3217.15275,1000,653.148373
3169.252968,1000,654.871772
2433.015482,714,655.529302
3186.929616,1000,657.16465
2567.81845,779,657.881361
3122.697174,1000,658.797513
3172.432189,1000,660.500723
3223.024359,1000,661.188451
3200.856355,1000,662.77872
3187.386331,1000,663.710135
3239.498984,1000,665.383486
82.354388,50,665.423013
3156.034691,1000,666.300338
3192.100762,1000,667.979016
3218.642818,1000,668.863615
126.404449,66,668.918344
81.795174,50,668.955591
3239.11859,1000,670.619952
826.740391,252,670.851906
2070.153453,619,671.391631
3169.721401,1000,673.156986
3208.268464,1000,674.01651
2135.860115,655,675.408974
1322.175476,396,675.748794
3199.248896,1000,676.677702
3165.55888,1000,678.282952
3221.194595,1000,678.922619
1225.783926,370,679.784694
1010.577304,311,680.031312
76.645377,47,680.06964
2769.628132,830,680.773774
85.7219,52,680.821301
79.783025,49,680.866709
3230.839639,1000,682.520088
3261.118384,1000,683.132384
1497.637704,448,683.463934
80.154916,49,683.504522
84.655019,51,683.547907
2540.068259,753,684.853125
2937.834647,877,685.470364
1027.713225,306,685.681525
1469.003358,441,686.824878
3246.123253,1000,687.753539
3133.863828,1000,689.360341
3236.578143,1000,690.260454
3228.773611,1000,691.973397
3220.471378,1000,692.800887
3192.307296,1000,693.731278
904.191972,275,694.770292
3036.217011,900,695.617167
1078.621403,326,695.872129
3034.111091,905,697.435251
1122.266778,338,697.746129
1073.491477,323,698.038208
3242.12947,1000,698.789358
3280.160575,1000,700.487103
139.112261,72,700.555131
3324.196877,1000,701.371242
1870.516577,548,702.632967
3242.380038,1000,703.541741
3231.898342,1000,705.272147
71.641854,44,705.314368
1079.981281,328,705.625408
1951.596203,588,706.177123
3309.265608,1000,707.751369
3240.737211,1000,708.49438
981.640089,300,708.745951
3259.754998,1000,710.342618
2683.007732,803,711.020079
2038.565221,609,712.317352
3187.312817,1000,713.001446
3217.720194,1000,713.864266
2652.963802,808,715.354975
2813.969428,849,716.15821
1308.66857,395,716.536036
3276.82549,1000,718.195425
176.837296,87,718.251495
1865.928716,569,718.755675
369.050516,144,718.893293
1209.248763,373,720.081053
1060.933347,319,720.367677
342.753803,136,720.477851
3277.088439,1000,721.261218
908.136439,282,721.437614
1171.957344,351,722.445958
3283.35736,1000,723.298319
1374.868642,410,723.585498
1416.980766,433,723.846709
2688.075492,798,725.216555
900.958183,279,725.451435
3127.503501,932,726.241779
1725.539923,519,727.559053
2336.237769,695,728.155535
2080.127394,614,728.618758
1295.710827,392,729.732624
779.166593,244,729.959754
3251.162856,1000,730.865786
1967.873157,595,731.323067
3265.529683,1000,732.906512
3271.089308,1000,733.74424
3016.606356,895,735.37218
3254.05336,1000,736.21363
3253.268766,1000,737.803651
1348.986288,412,738.175321
2936.597512,882,738.983018
3218.236532,1000,740.712889
1171.696122,362,741.054024
760.905172,232,741.27019
174.838649,88,741.355223
3267.825679,1000,743.074754
3250.522585,1000,743.959516
345.467602,136,744.070465
1206.25892,366,744.36872
1166.58148,353,745.448779
3281.248647,1000,746.36183
1200.354079,368,746.641643
2690.393548,802,748.001594
3237.615223,1000,748.944473
3252.276454,1000,750.661356
3267.406147,1000,751.588557
3274.842989,1000,753.237304
1993.708915,601,753.656264
3228.887032,1000,754.390585
165.902683,82,754.448412
1790.542412,536,755.643375
1273.315549,375,755.978093
1386.930408,420,756.31079
3287.365974,1000,757.832719
1165.364773,352,758.162764
1292.867671,389,758.523568
3320.002024,1000,759.461073
3262.421251,1000,761.043287
1341.673024,417,761.43043
1466.081448,447,761.82951
1228.382231,368,762.84372
3245.857958,1000,763.739284
3044.825744,908,765.366803
77.012749,47,765.404266
1437.292038,431,765.747863
3233.076823,1000,766.59969
3266.434822,1000,768.30689
3251.594456,1000,769.22868
3317.77869,1000,770.795701
3270.846399,1000,771.713914
3312.670499,993,773.276311
3203.808333,949,774.041314
2034.643344,607,774.466431
1110.213735,341,775.554488
3103.527051,921,776.374928
2020.248967,603,776.930497
1941.919413,581,778.213987
1480.961748,450,778.626453
2471.283918,738,779.299963
3284.772488,1000,780.992925
1671.733076,501,781.403776
2626.343494,785,782.113781
79.159745,49,782.157889
1138.573858,350,783.214729
2448.514345,727,783.873816
3234.742092,1000,784.767736
3267.424518,1000,786.345039
3281.591481,1000,786.924189
1630.745011,490,787.942388
2338.547667,701,788.590797
3281.424855,1000,789.564568
2672.829135,801,791.066643
3270.490802,1000,791.990022
3301.396794,1000,793.760959
3269.034598,1000,794.556438
3266.049428,1000,796.101759
3254.310616,1000,797.007128
3229.402049,1000,798.650586
1103.97134,333,798.964808
3258.221811,1000,799.859287
3280.374129,1000,801.512483
3271.824981,1000,802.42269
3262.744761,1000,803.899217
3227.282095,1000,804.509776
3282.660714,1000,806.149909
3219.963064,1000,807.053468
3264.206681,1000,808.312275
2637.228586,797,808.898598
3245.505894,1000,810.152838
3253.259021,1000,811.084508
3286.877141,1000,812.726444
3276.456086,1000,813.427623
3299.975391,1000,814.819779
2954.941959,871,815.444628
2623.32438,777,816.011106
3312.967562,1000,817.618576
2613.322081,778,818.354115
3256.967196,1000,819.931257
1129.51362,351,820.221398
2267.067492,677,820.851913
3066.905261,919,822.51273
2827.889534,846,823.283195
3295.239749,1000,824.572133
3319.939836,1000,825.520919
3093.888866,1000,827.218168
3278.391753,1000,827.935256
3247.557907,1000,829.604476
1353.706314,411,829.982215
3274.577363,1000,830.822705
2806.995399,836,831.993606
3202.410223,1000,832.891157
3300.54168,1000,834.6141
3223.370268,1000,835.519699
3261.894358,1000,837.1368
3246.202526,1000,838.047225
3268.02396,1000,839.664376
2269.114582,677,840.275763
1321.915964,397,840.635766
1189.804742,366,840.965361
80.942171,49,841.009364
3290.233071,1000,842.607902
1818.441172,547,843.012925
3162.119018,935,844.311466
2030.026442,604,844.803334
3282.985618,1000,845.671861
3283.008619,1000,847.202096
2514.662407,763,847.685743
3293.057123,1000,849.116503
3249.602009,1000,850.024042
148.81715,77,850.094985
3274.869439,1000,851.803249
3239.551313,1000,852.735675
3267.402701,1000,854.463054
3257.325482,1000,855.375125
3207.535364,1000,857.013108
3220.674434,1000,857.90857
3248.45397,1000,859.627315
3293.096922,1000,860.553646
3281.772039,1000,862.281136
3281.90702,1000,863.206913
2865.371217,874,864.727861
3068.262132,914,865.470013
3269.321402,1000,866.247092
3225.071395,1000,867.818352
3259.268007,1000,868.563437
1367.503024,413,869.400787
3242.568452,1000,870.151325
136.013113,72,870.219585
3237.783859,1000,871.896809
3248.757182,1000,872.633388
3265.175457,1000,874.184507
2040.315765,621,874.758626
3268.03145,1000,875.610622
3299.689357,1000,877.298795
3270.519073,1000,878.193373
1402.780461,423,879.202702
3304.341392,1000,880.121234
3271.844835,1000,881.795798
3265.085239,1000,882.503084
2107.735882,631,882.945613
1345.391219,407,884.085471
1490.988391,439,884.486596
3281.128993,1000,885.401428
1211.622995,359,885.723931
3328.963352,1000,887.432122
2181.867862,659,888.026085
1251.374619,381,888.276084
3262.5354,1000,889.768782
3252.898584,1000,890.677528
620.95087,202,891.675179
3268.072544,1000,892.579879
3150.233671,937,893.469958
1250.858516,377,894.596526
3275.714852,1000,895.454975
2329.343731,694,896.094184
2055.440451,617,897.432538
357.122425,138,897.559575
3265.648368,972,898.262708
3263.86649,1000,899.792104
2925.407771,869,900.593802
3280.310283,1000,902.134161
1209.452803,368,902.372953
3272.540182,1000,903.155197
1895.101038,561,904.44719
3264.222557,989,905.275699
3249.525893,1000,906.791951
1381.042205,413,907.17066
3191.949335,1000,908.073351
3217.651475,1000,909.690203
1564.775926,481,910.132608
1445.47344,434,910.533379
2659.460233,792,911.991839
1409.862873,425,912.243579
3202.434484,1000,912.879775
2981.134613,888,914.388005
3266.533743,1000,915.062823
3299.365329,1000,916.356023
1287.601318,391,916.624165
1909.02972,585,917.029741
1437.134647,429,917.286629
1502.579682,448,918.314973
2986.531088,876,919.100832
3060.741666,919,920.640278
1789.227697,530,921.1153
2319.898426,687,921.746816
1457.497938,435,922.152545
1510.623469,446,923.311447
2032.533525,601,923.705844
1482.596537,438,923.984896
1255.500617,378,924.216015
3382.341839,1000,925.765813
1133.911551,346,926.03776
3304.037243,1000,926.835595
1511.672684,452,928.005901
3001.304819,880,928.804023
2990.200208,880,929.599724
1363.179926,404,930.645192
1697.272742,502,931.005237
1831.365728,539,931.312528
1121.312289,335,931.50351
1980.640274,576,932.543031
3181.342394,934,933.149234
1869.354249,548,933.609197
1521.97756,448,934.813444
3394.279018,1000,935.685948
2771.899711,808,936.195032
2635.631186,774,937.525772
1304.32754,389,937.881956
3317.584545,1000,939.584464
3322.857667,967,940.388387
3086.039267,906,941.237634
2738.821477,808,942.688831
3311.251803,1000,943.550925
3285.019079,961,945.154186
3287.550188,1000,946.08672
2559.694769,756,947.521741
1291.188948,386,947.807857
3336.067085,1000,948.534806
3307.659919,1000,950.149016
3361.229996,1000,951.063207
3395.410179,989,952.643542
1259.56605,374,952.921378
1255.009061,375,953.214653
3291.536405,1000,954.872798
120.489873,66,954.930222
3301.27565,1000,955.819341
134.433632,71,955.885786
122.609552,66,955.947675
1740.217914,510,956.416411
3286.995,1000,958.048574
3365.785405,1000,958.959018
121.724913,66,959.0208
3292.771819,1000,960.622635
3319.425256,1000,961.251839
3278.774383,1000,962.860244
3300.298658,1000,963.673749
1626.398871,474,964.509287
3285.074729,1000,965.310701
3315.39737,1000,966.580001
3316.366313,1000,967.307002
3327.80313,1000,969.090129
3298.55842,1000,970.032317
3294.525136,1000,971.643832
3304.773979,1000,972.505995
3241.529792,956,974.037766
3306.238971,1000,974.899133
2922.814767,857,975.536599
3314.167659,1000,977.00256
3306.74271,1000,977.652225
1653.663123,491,978.835614
2348.175421,683,979.457601
3054.24423,895,980.269851
3367.342954,995,981.998791
3305.215728,1000,982.922369
1494.897274,440,984.088578
3308.823399,1000,984.802732
138.002968,72,984.844973
1479.488131,440,985.10833
3319.773835,1000,986.70155
3303.107987,1000,987.655148
3312.899525,1000,989.396621
3300.579227,1000,990.278413
3297.106072,1000,991.74791
3306.033727,1000,992.356613
3409.611026,1000,993.94758
1638.916494,482,994.394855
1346.867331,398,994.764384
3323.836408,1000,996.393032
2736.71018,795,997.106748
3323.270094,1000,998.813337
2996.951775,878,999.559311
3317.956333,975,1000.38366
2038.546109,593,1001.77755
2700.925773,789,1002.358469
3306.444987,1000,1004.063958
1227.685209,373,1004.413671
3299.198828,1000,1005.343974
99.5561,60,1005.394834
3297.807079,1000,1006.750018
3313.293829,1000,1007.620529
3289.339307,1000,1009.306138
3289.053336,1000,1010.21353
3313.790362,1000,1011.763157
3324.438414,1000,1012.495897
3306.170464,1000,1014.173517
3308.559613,1000,1015.039549
3300.354438,1000,1016.649981
2974.014435,866,1017.44592
3286.962696,1000,1019.087339
3326.062154,1000,1019.893435
3312.259956,1000,1021.564808
2453.55856,719,1022.00463
949.519747,289,1022.216364
2246.348001,656,1022.718937
3314.705231,1000,1024.122523
479.516791,172,1024.279106
3321.069115,1000,1025.184215
3302.32386,1000,1026.727491
2704.186949,789,1027.329327
1482.284429,440,1028.481696
3313.412075,1000,1029.37461
394.402081,151,1029.501184
3320.705004,1000,1031.185562
3301.643446,1000,1032.101572
2221.676203,659,1032.576322
2225.787033,656,1033.729553
3040.011705,895,1034.465008
3305.557458,1000,1035.843952
2585.254654,756,1036.528233
853.060643,251,1036.7568
3303.491308,1000,1038.420319
3303.753116,1000,1039.27738
3252.958286,957,1040.885688
3305.292649,1000,1041.629041
1760.680514,515,1042.101338
1267.536491,378,1043.261444
140.412797,74,1043.328594
2797.922248,811,1044.056306
3310.892875,1000,1044.957771
1762.357557,522,1046.01324
1983.872171,581,1046.376653
346.200107,137,1046.462642
3307.179633,1000,1047.852879
3327.042764,1000,1048.685518
348.165029,135,1048.808207
3301.70413,1000,1050.507488
826.953765,246,1050.730391
3416.576416,995,1051.630483
3296.446295,1000,1053.233261
3298.904666,1000,1054.144051
2931.037914,860,1055.584885
1202.346657,365,1055.823439
3331.021138,1000,1056.565145
1705.864571,503,1057.73779
1670.169769,495,1058.191515
3322.558357,1000,1059.106926
2472.851601,724,1060.45808
1176.380402,351,1060.76002
2101.379565,614,1061.327507
1704.619218,511,1061.801425
691.447445,219,1062.004646
1715.300475,503,1063.217922
2996.340322,879,1064.025847
2297.12249,675,1064.646493
3313.935827,1000,1066.122927
1207.517425,364,1066.409003
3181.318445,924,1067.612743
3341.632194,1000,1068.283937
2353.717054,683,1068.802057
1367.449164,402,1069.941495
3383.855385,1000,1070.739039
1305.448639,382,1071.08896
3224.588186,936,1072.731284
3102.40521,903,1073.346799
2785.563282,814,1074.647171
1313.719821,387,1074.998399
3377.080788,1000,1075.908783
1684.092039,497,1076.361359
3328.397657,1000,1077.918187
3339.718004,1000,1078.631835
140.527953,74,1078.68064
1715.615342,508,1079.910917
1202.453506,366,1080.257299
416.705925,155,1080.403405
1487.688561,443,1080.766688
3325.903995,1000,1082.516712
1681.830184,495,1082.97416
1284.466162,382,1083.319294
1311.311093,387,1083.633106
1306.615343,389,1083.963559
1867.993694,543,1085.045774
1992.786091,589,1085.382497
1000.520212,297,1085.604551
2780.090593,816,1086.950514
1483.901163,441,1087.431478
2242.363084,658,1088.038726
1384.368974,405,1088.417463
1169.192835,360,1088.731657
1555.91272,457,1089.877759
1182.200545,363,1090.223183
3365.171885,976,1091.0215
1037.812521,313,1091.811484
2749.297097,799,1092.469632
3348.3576,1000,1093.065537
1373.253651,404,1094.14948
1086.498071,325,1094.458066
1223.202281,371,1094.813976
850.074261,254,1095.049929
1314.911352,389,1095.412906
3335.515645,1000,1097.058538
1202.923422,363,1097.395339
1199.107388,365,1097.735871
2992.044654,875,1099.237698
1337.835945,396,1099.593936
3329.66563,1000,1100.515602
3340.126,1000,1102.255508
1648.137953,480,1102.690258
1228.242517,369,1103.020118
2947.022255,872,1104.509275
3215.499623,933,1105.348978
1502.02576,432,1105.709982
1360.059724,399,1106.01897
146.065674,76,1106.085458
1182.176736,361,1107.214809
3343.497079,1000,1108.122098
1484.547691,443,1108.524476
2151.808208,625,1109.906739
3329.407364,1000,1110.707042
3259.537997,954,1112.308377
1393.048721,410,1112.685124
3332.168304,1000,1113.603267
3242.166332,952,1115.275991
1197.386197,360,1115.611524
3336.889773,1000,1116.461089
1331.923633,394,1117.484103
3323.646776,1000,1118.229655
3327.961184,1000,1119.959717
1413.746462,415,1120.327363
3336.325706,1000,1121.272238
1379.711772,403,1121.649623
3110.465124,907,1123.173299
3349.765956,1000,1124.079247
1694.739544,501,1125.221901
3326.136239,1000,1126.146579
1981.393671,586,1126.630002
1127.318759,330,1127.637018
3355.27652,1000,1128.530604
3322.264686,1000,1130.288523
3344.556156,1000,1131.210591
3350.545195,1000,1132.935089
1383.005358,406,1133.307072
3343.132333,1000,1134.206371
3338.759835,1000,1135.71551
3338.650618,1000,1136.282059
799.504962,240,1136.419117
2297.657039,662,1137.640411
1410.302801,415,1138.013646
1439.615229,432,1138.404811
3399.703739,1000,1140.110552
3350.464351,1000,1141.024383
324.30986,128,1141.143567
1459.337678,431,1141.552158
3358.466616,1000,1143.293053
1430.116183,417,1143.670554
1355.506548,400,1144.03396
3346.756838,1000,1145.62275
1394.218646,412,1145.994974
1370.424343,401,1146.357033
3340.714833,1000,1148.039969
379.722307,145,1148.218707
2263.621261,667,1149.025195
134.100725,73,1149.107397
1540.2504,453,1149.598802
2757.647037,802,1151.287301
1598.185637,468,1151.680294
935.623373,279,1151.888903
3367.308839,1000,1152.769401
151.476099,78,1152.844974
3157.893583,912,1154.427907
1238.349706,363,1154.751959
3347.74534,1000,1156.167857
942.737155,287,1156.346752
2721.015626,794,1156.965676
3344.884121,1000,1158.482668
3341.830667,1000,1159.427168
2814.711707,823,1160.205666
1802.242581,525,1161.28797
2795.95001,815,1161.900951
159.449644,79,1161.963133
1564.009407,463,1162.344522
2683.890602,783,1163.847454
2388.878272,695,1164.43628
3357.19698,1000,1165.975213
2719.352108,797,1166.56153
1427.597718,430,1166.924788
1426.101749,424,1167.311532
1356.366577,408,1168.351851
1822.380792,528,1168.713394
3357.445636,1000,1169.388964
3354.794149,1000,1170.78121
2730.188357,798,1171.23524
1746.376253,508,1171.527606
3355.309568,1000,1173.102895
2310.582005,670,1173.714371
1293.561612,381,1174.060275
1926.244776,561,1175.398493
1723.909351,506,1175.825157
1317.13515,384,1176.127293
1834.148978,526,1176.481525
3361.318178,1000,1178.177797
1341.116126,384,1178.53758
1465.35805,434,1178.938574
1105.825577,334,1180.037104
159.781659,80,1180.090661
3227.643994,932,1180.711531
101.233962,60,1180.76869
3104.609685,895,1181.602777
3376.167326,1000,1183.183359
1195.325191,360,1183.486511
1487.788962,446,1183.892279
3347.662326,1000,1185.620398
1419.641717,416,1185.997047
3339.762722,1000,1187.60172
1595.712973,466,1188.022303
3325.427669,1000,1188.836586
3322.756725,1000,1190.494297
1600.686293,464,1190.852778
3343.574863,1000,1191.776706
1738.305767,509,1193.085885
2190.027672,639,1193.678564
3336.913925,1000,1194.599207
1731.700254,508,1195.67992
3318.04274,1000,1196.31031
3323.48729,1000,1197.644566
3328.103001,1000,1198.269207
3330.902222,1000,1199.416594
3307.369555,1000,1200.246014
3343.939401,1000,1201.945385
3359.640085,1000,1202.657862
3346.041413,1000,1204.034613
3330.01063,1000,1204.818902
2106.330579,616,1205.255827
3323.500364,1000,1207.023536
3321.553141,1000,1208.173147
3330.627331,1000,1209.751201
3337.896826,1000,1210.518552
2436.550939,711,1211.951363
3341.318201,1000,1212.824251
2782.296816,817,1214.239673
2687.050925,789,1214.746721
2381.325772,701,1215.281937
1275.355154,380,1216.249815
3336.311272,1000,1217.146867
2337.732303,682,1217.775761
3328.612479,1000,1219.417151
2723.929661,795,1220.046875
1443.505009,432,1220.351136
3307.236269,1000,1221.625911
3104.194915,909,1222.284016
3321.127672,1000,1223.95904
3329.786649,1000,1224.674736
3319.454792,1000,1226.187722
3308.575529,1000,1227.090394
3317.005413,1000,1228.606321
3312.867104,1000,1229.519859
3316.482695,1000,1231.236703
1307.706686,385,1231.591206
3369.885303,1000,1232.506013
3323.470667,1000,1234.030307
3318.923808,1000,1234.93244
2554.079265,746,1236.334729
3022.348623,881,1237.134938
2486.356098,728,1238.577901
3363.508395,1000,1239.298107
1680.015509,493,1239.670686
1317.420674,381,1240.749584
1427.781279,424,1241.006271
3334.276722,1000,1241.605376
3338.911102,1000,1242.942227
1467.998582,432,1243.273122
1710.502433,496,1243.732467
1323.878694,395,1244.102404
3326.441382,1000,1245.747044
3320.041682,1000,1246.376704
3309.523469,1000,1247.870232
1464.510518,437,1248.264543
1700.142772,502,1248.720373
3330.965449,1000,1250.387577
2319.598554,680,1251.013623
3373.287998,1000,1252.721965
2872.784227,843,1253.493469
3322.280015,1000,1254.393657
3326.441079,1000,1256.0638
3322.370812,1000,1256.928637
3303.331236,1000,1258.429813
3329.367098,1000,1259.09853
3324.454353,1000,1260.51253
1303.912863,388,1260.739976
3302.565436,1000,1262.08752
3298.744605,1000,1262.994762
3343.333024,1000,1264.736625
3320.698319,1000,1265.892882
3297.044336,1000,1267.768079
2494.844258,741,1268.267474
3322.256877,1000,1269.024417
3339.526304,1000,1270.541964
3304.507241,1000,1271.446323
3313.244514,1000,1273.051871
3296.067348,1000,1273.916132
3310.356323,1000,1275.60457
3262.21096,959,1276.476034
3309.453276,1000,1278.128885
3319.595856,1000,1279.035757
3307.962363,1000,1280.585398
3383.800062,993,1281.454021
3314.855728,1000,1282.930494
3298.042571,1000,1283.556842
3298.175146,1000,1284.898375
3306.54879,1000,1285.789471
3307.555246,1000,1287.381086
2065.527554,618,1287.936046
3302.210411,1000,1288.837941
3309.968118,1000,1290.432017
2623.194054,773,1291.144809
3298.650821,1000,1292.75929
3304.758626,1000,1293.64392
3287.307997,1000,1295.338353
3272.198742,1000,1296.250645
3320.442976,1000,1297.920779
3296.213665,1000,1298.841037
3279.390511,1000,1300.43531
3302.350958,1000,1301.340898
3295.396942,1000,1302.637687
2163.325415,652,1303.025146
3346.165533,982,1304.471527
3302.843231,1000,1305.07216
3289.358964,1000,1306.514623
2478.536142,731,1307.077689
3314.755864,979,1307.884764
2734.232631,812,1309.305642
1390.658935,414,1309.659769
3057.163857,909,1310.473445
3276.061652,1000,1312.056782
1871.912657,553,1312.552883
3277.919251,1000,1314.029295
3286.241976,1000,1314.808917
1605.20183,479,1315.195023
3291.8824,1000,1316.799671
3292.770777,1000,1317.702321
3293.273738,1000,1319.370765
3289.07051,1000,1320.289395
2948.946416,867,1321.811852
3296.63312,1000,1322.71461
3283.221216,1000,1324.362887
3315.174544,1000,1325.148022
3297.441327,1000,1326.731156
3275.054065,1000,1327.634065
2560.124839,757,1329.081536
3270.395394,1000,1329.996469
2135.200496,648,1330.59327
3284.826364,1000,1331.989012
3267.631516,1000,1332.673828
3284.005006,1000,1334.239793
3282.422076,1000,1335.085551
3262.928311,1000,1336.705359
3263.159621,1000,1337.520943
3243.530361,1000,1339.158174
2280.062682,682,1339.628616
1671.112724,494,1339.923647
1442.773878,427,1340.981094
3229.143491,1000,1341.884474
3275.577078,1000,1343.182271
3300.757571,1000,1343.910677
3268.515134,1000,1345.453585
1859.931776,560,1345.96726
3307.025188,1000,1346.818027
3254.848902,1000,1348.558492
3287.380306,1000,1349.462939
3295.763794,1000,1351.005386
3305.095316,1000,1351.702861
3291.313008,1000,1353.069554
3298.122624,1000,1353.99991
3265.219371,1000,1355.50046
3292.695181,1000,1356.188622
3274.377089,1000,1357.4632
3285.808851,1000,1358.319592
3259.803603,1000,1360.05514
3278.875001,1000,1360.772307
3278.699127,1000,1362.253518
3273.993254,1000,1363.141046
3275.166437,1000,1364.814107
3275.390129,1000,1365.632914
3276.032034,1000,1367.189557
3286.6514,1000,1368.004576
3282.866797,1000,1369.219951
3293.811713,1000,1370.136186
2246.817528,669,1370.752742
3281.91621,1000,1372.322546
3247.800675,1000,1373.236334
3282.507693,1000,1374.817903
3291.684268,1000,1375.629466
3270.58354,1000,1377.294498
3280.092986,1000,1378.097572
3241.007404,1000,1379.608903
3247.532382,1000,1380.573156
3271.018784,1000,1382.44771
3260.829675,1000,1383.587046
3292.533377,1000,1385.242664
1543.476776,460,1385.628952
3256.552261,1000,1386.526603
3235.122335,1000,1388.195102
3237.190284,1000,1389.017141
3254.563238,1000,1390.681843
3270.491143,1000,1391.622638
3255.889008,1000,1393.340125
3275.989315,1000,1394.275728
3257.179118,1000,1395.982493
3261.682903,1000,1396.890716
3215.869441,1000,1398.349362
3263.14114,1000,1398.942733
2574.927585,758,1400.165838
3214.803451,1000,1400.799646
2720.370123,807,1402.258259
1473.840441,440,1402.630036
3251.396265,1000,1403.350678
3241.959034,1000,1404.715704
3323.726863,1000,1405.59323
3287.725706,1000,1407.25823
1578.790686,474,1407.699331
3225.152361,1000,1408.580777
3247.676939,1000,1410.124012
3253.721729,1000,1411.0222
3234.446378,1000,1412.717376
2126.609616,634,1413.31532
3251.69065,1000,1414.898442
3253.68991,1000,1415.714298
3275.16615,1000,1417.445274
3263.222752,968,1418.208632
3254.890774,1000,1419.517929
3241.636095,1000,1420.159249
3276.582658,1000,1421.510923
1699.463092,516,1421.847352
3261.916787,1000,1422.799046
2416.224924,722,1424.282903
1856.85045,556,1424.786572
3248.667926,1000,1426.425021
3241.968278,1000,1427.124572
3221.678684,1000,1427.858357
3247.347781,1000,1429.583268
3252.817856,1000,1430.460518
3265.703819,1000,1432.075134
3240.516719,1000,1433.006952
3225.910205,1000,1434.586311
3242.804669,1000,1435.163661
3246.597109,1000,1436.604752
3261.804011,1000,1437.447506
3268.339908,1000,1439.141192
3249.135277,1000,1439.881893
3276.690939,1000,1441.842324
3196.159484,1000,1443.054074
3272.031614,1000,1444.88118
3281.175934,1000,1445.762626
3266.976876,1000,1447.510091
3277.55033,1000,1448.32009
3298.400019,1000,1449.899881
3286.785658,1000,1450.798048
3259.047634,1000,1452.218066
3291.383416,1000,1453.035094
3000.126319,887,1454.532948
3010.630187,889,1455.197206
3265.997739,1000,1456.753024
1677.935222,493,1457.138956
2112.10584,620,1457.604816
1898.38534,553,1458.084905
3301.085767,1000,1459.784965
3289.980982,1000,1460.622134
3293.013134,1000,1462.050252
2680.026296,786,1462.692009
3256.64482,1000,1464.417091
3278.164022,1000,1465.258954
3261.164426,1000,1466.976284
3259.79376,1000,1467.896477
1977.336564,582,1469.17539
3269.999469,1000,1470.091267
1453.637364,429,1470.481555
3238.449296,1000,1472.183997
1566.40283,456,1472.604689
3278.637629,1000,1473.476046
3253.547942,1000,1475.178598
3277.200842,1000,1475.938838
3250.431104,1000,1477.557052
3245.686481,1000,1478.468426
3220.97853,1000,1480.220092
3265.70784,1000,1481.007858
3245.463304,1000,1482.666474
3288.585134,1000,1483.314556
3248.618685,1000,1484.842537
3281.453402,1000,1485.698831
3286.603037,1000,1487.300679
3292.415853,1000,1488.214516
3240.674215,1000,1489.792076
3262.671041,1000,1490.712821
3275.418488,1000,1492.405205
3205.789746,1000,1493.313437
3292.956898,1000,1495.011239
3284.873111,1000,1495.892923
2396.806262,714,1497.258189
3265.449085,1000,1498.19193
3237.161101,1000,1499.606012
3268.700035,1000,1500.389778
3234.456704,1000,1501.172815
3286.443628,1000,1503.144761
1948.075077,595,1503.887512
3276.339837,1000,1505.576081
3275.527334,1000,1506.237671
3274.501442,1000,1507.615915
3243.673679,1000,1508.493896
3224.477269,1000,1510.051219
3268.99908,1000,1510.776918
3207.841998,1000,1512.010387
586.926121,232,1512.192484
3222.179288,1000,1513.101487
3212.276358,1000,1514.638752
1445.477349,428,1514.887861
1115.285528,349,1515.084737
3246.917434,1000,1516.569077
3276.396465,1000,1517.504039
3277.979744,1000,1519.044926
3257.222217,1000,1519.611398
3275.260765,1000,1521.104579
3254.17614,1000,1522.007381
3275.533266,1000,1523.678429
3270.214301,1000,1524.566374
578.272344,234,1524.787413
3270.357822,1000,1526.437528
661.907146,246,1526.649213
3292.758347,998,1527.578134
3129.381089,1000,1529.14384
2507.110793,746,1529.571767
3254.585184,1000,1530.844694
3206.329958,1000,1531.631645
3200.607745,1000,1533.268723
3159.739437,1000,1534.201868
3176.357853,1000,1535.86629
3207.56552,1000,1536.705034
2384.7966,734,1537.242227
3234.497232,1000,1538.925499
3209.462187,1000,1539.843783
3171.337862,1000,1541.406833
3197.008184,1000,1542.303257
3214.759584,1000,1543.694943
3172.1981,1000,1544.398395
642.810233,244,1544.563728
3262.822191,1000,1546.044009
3257.012682,1000,1546.866918
3281.330016,1000,1548.608087
3256.867754,1000,1549.399785
2185.932832,670,1550.666681
2428.454997,746,1551.345421
3284.964972,1000,1553.034812
1242.971829,373,1553.372749
3086.430729,910,1554.190893
3296.574227,1000,1555.880488
3381.031935,1000,1556.787127
1996.321272,616,1558.090917
3305.721775,1000,1558.851422
3242.050466,1000,1559.474147
2021.004888,608,1560.875736
3284.378924,1000,1561.831438
3303.270525,1000,1563.284748
3246.885326,1000,1564.028765
2511.531567,741,1565.194698
3240.168919,1000,1566.001501
3231.214566,1000,1567.680307
3275.499071,1000,1568.58619
154.893843,79,1568.659309
3253.180804,1000,1570.291512
3281.472238,1000,1571.201828
1460.521026,437,1571.597274
3277.39354,1000,1573.121683
3227.181948,1000,1574.002303
1709.057158,536,1575.172667
3290.584122,1000,1576.116163
3248.064295,974,1577.676114
3298.190383,1000,1578.608791
3283.142173,1000,1579.476698
3273.981359,1000,1580.665986
3275.050144,1000,1581.497432
3269.943251,1000,1583.203653
3282.08536,1000,1584.105605
3261.991855,1000,1585.79711
3280.973755,977,1586.607902
3232.289782,1000,1588.038426
3287.110387,1000,1588.813923
3276.225236,1000,1590.434377
3220.986482,1000,1591.355956
3275.594609,1000,1592.871862
3272.338961,1000,1593.488698
3197.638797,1000,1595.052569
3246.027667,1000,1595.984154
3228.552763,1000,1597.615118
156.211041,79,1597.681265
3266.792392,1000,1598.578665
3237.352768,1000,1600.24735
2956.256925,899,1601.076787
3262.689591,1000,1602.734265
3264.075541,1000,1603.626011
3260.527126,1000,1605.299134
3279.9075,1000,1606.186483
3197.232571,1000,1607.529474
946.183023,283,1607.690545
3249.989771,1000,1608.314896
3285.359644,1000,1609.947759
3235.306965,1000,1610.861633
2009.705689,593,1612.216564
3255.173226,1000,1613.082849
3225.472578,1000,1614.667801
3225.018791,1000,1615.586189
3259.3186,1000,1617.276428
3210.187426,1000,1618.192287
3203.045692,1000,1619.893833
3247.058648,1000,1620.875731
3236.912599,1000,1621.779498
3281.356197,1000,1623.41064
3242.935265,1000,1624.310683
3234.529113,1000,1626.038478
3266.858701,1000,1626.830329
3256.175879,1000,1628.316272
3227.007668,1000,1629.116337
3388.211182,1000,1630.769804
3251.277174,1000,1631.701028
3243.888736,1000,1633.426375
3242.626185,1000,1634.279676
3274.027799,1000,1635.406882
3245.262091,1000,1636.238158
3283.940333,1000,1637.672101
3275.442362,1000,1638.459647
3275.301633,1000,1640.097221
3294.539842,1000,1641.020321
3285.331624,1000,1642.598083
3290.697554,1000,1643.376163
3295.279895,1000,1644.756185
3281.414609,1000,1645.446846
3297.411939,1000,1646.963525
2697.890706,825,1647.458525
2676.386582,815,1648.719011
560.962886,202,1648.898701
643.50825,224,1649.099329
888.438287,290,1649.360065
1912.415614,584,1649.890461
3307.593406,1000,1651.478406
1406.922162,440,1651.874527
2429.46812,734,1652.537904
390.814127,152,1652.678415
893.401506,292,1652.948508
1629.873529,497,1654.139769
1327.399067,404,1654.518379
1732.392196,510,1654.962346
3303.904629,1000,1656.362509
2367.537315,715,1657.004539
3344.917484,1000,1657.839644
3169.282953,936,1659.287366
1437.758244,450,1659.636784
2145.580626,656,1660.256172
3322.309497,1000,1662.000793
2654.632545,784,1662.725724
879.331619,292,1662.992668
3306.558698,1000,1664.514849
2391.715802,724,1665.182174
2283.031798,673,1666.562142
1600.884591,492,1666.972642
2142.562422,632,1667.441897
3307.150425,1000,1669.096819
1399.902295,427,1669.496137
1899.453528,577,1670.043977
1412.909983,436,1670.457139
3287.471105,1000,1672.063213
2630.375979,790,1672.794461
3393.758293,1000,1674.409693
3291.389313,1000,1675.351906
3316.952178,1000,1677.00684
3298.699899,1000,1677.796684
3273.334086,1000,1679.476454
3293.183239,1000,1680.630865
2168.053095,668,1682.18179
3277.653757,1000,1682.974953
3285.827772,1000,1683.82198
1905.417055,574,1685.013247
3272.060717,1000,1685.82737
3291.850019,1000,1687.440956
3309.670859,1000,1688.065254
3279.752805,1000,1689.711984
3296.97043,1000,1690.612387
3290.827837,1000,1692.072121
1646.521373,509,1692.39294
1842.892555,543,1692.746151
2556.281324,747,1694.089612
3275.145631,1000,1694.764067
3286.617854,1000,1696.224432
3287.145076,1000,1697.071718
3288.394368,1000,1698.760736
3258.706336,1000,1699.674909
3271.284785,1000,1701.296604
3257.362341,1000,1702.130398
3261.268128,1000,1702.829371
3268.35257,1000,1704.243215
2977.815212,884,1705.040929
2114.31072,635,1706.318039
3298.037715,979,1707.220366
3285.619861,1000,1708.878852
3261.728985,1000,1709.692096
3315.021379,1000,1711.017807
2948.155003,869,1711.530833
2799.414271,830,1712.172896
3397.20138,1000,1713.819611
2687.5258,790,1714.51371
2735.983324,814,1715.988679
979.960262,298,1716.270436
1100.341653,339,1716.586499
3371.033791,994,1718.253916
2893.02961,855,1719.057427
2702.126572,795,1719.71102
2136.942122,626,1721.083846
3151.624714,932,1721.840289
3291.3872,1000,1723.333187
3286.253005,1000,1724.164535
3280.47189,1000,1725.711771
3295.554906,1000,1726.631746
3315.369643,1000,1727.925654
3261.990964,1000,1728.828965
3231.623319,1000,1730.530721
3292.167209,1000,1731.405165
2642.525015,776,1732.032907
3266.816598,1000,1733.744475
3273.399078,1000,1734.677201
3290.162686,1000,1736.356952
3285.790362,1000,1737.199448
3269.622183,1000,1739.140301
3287.816576,1000,1740.353925
3287.678019,1000,1742.178118
3276.367972,1000,1742.857303
3275.682433,1000,1744.142728
3284.837106,1000,1744.863272
3245.777013,1000,1746.120968
3303.075167,1000,1746.979373
3247.444816,1000,1748.695821
3236.986255,1000,1749.555434
3278.350063,1000,1751.03681
3271.969889,1000,1751.756491
3285.014235,1000,1753.190298
3284.819965,1000,1754.133117
3286.20794,1000,1755.752941
3302.027904,1000,1756.67316
3302.483862,1000,1758.265815
3290.291855,1000,1759.188349
3275.158738,965,1760.839201
2255.777994,669,1761.450885
3260.904693,1000,1762.359779
3284.173908,1000,1764.03491
3281.557879,1000,1764.943532
3299.533304,1000,1766.467625
3302.740591,1000,1767.106999
3282.77166,1000,1768.687937
3304.865587,1000,1769.419668
3290.354663,1000,1771.052554
3275.65054,1000,1771.9978
3294.13888,1000,1773.469916
3271.844429,1000,1774.358612
3265.422393,1000,1776.037957
3280.511255,1000,1776.764919
3271.726355,1000,1778.302227
3249.972187,1000,1779.187486
3233.328678,1000,1780.869097
3253.652478,1000,1781.780118
3079.612617,912,1783.305571
3242.838364,1000,1784.254142
3269.68065,1000,1785.918026
3272.782156,1000,1786.843214
3252.521417,1000,1788.46844
3239.205706,1000,1789.080092
3212.513961,1000,1790.642634
3265.397654,1000,1791.338098
3259.895503,1000,1792.733739
3254.76143,1000,1793.585551
3220.353257,1000,1795.309717
3243.703786,1000,1796.207497
3259.871513,1000,1797.978423
3275.813381,1000,1798.927028
3257.952271,1000,1800.605507
3240.299008,1000,1801.442163
3210.413413,1000,1802.857847
3262.084412,1000,1803.781438
3225.47125,1000,1804.428195
3247.065708,1000,1806.026493
3260.168417,1000,1806.949974
3249.994707,1000,1808.539438
3260.606742,1000,1809.46469
3210.506844,1000,1811.152937
3245.052666,1000,1812.056482
3266.353011,1000,1813.462987
3221.021847,1000,1814.179424
3261.849511,1000,1815.749696
3248.48796,1000,1816.346407
3244.429683,1000,1817.817965
3225.643385,1000,1818.671618
3237.91486,1000,1820.387908
3251.061019,1000,1821.306987
3243.654161,1000,1822.925136
3224.938287,1000,1823.865759
3255.224664,1000,1825.51896
3252.923483,1000,1826.257386
3273.949486,1000,1827.473161
3260.168106,1000,1828.377818
3263.549387,1000,1829.901369
3263.516901,1000,1830.588349
3259.562582,1000,1831.964489
3258.887169,1000,1832.625207
3284.689826,1000,1834.126729
3270.096419,1000,1834.743291
3276.253403,1000,1836.023457
1779.446468,525,1836.484541
3361.490509,1000,1837.38694
3252.434586,1000,1838.830635
3270.710356,1000,1839.454096
3260.380251,1000,1840.822502
3243.073832,1000,1841.501764
3205.745746,1000,1842.649781
3219.854396,1000,1843.435968
2176.071018,646,1844.784216
3238.763368,1000,1845.698205
3237.3546,1000,1847.20522
3240.989307,1000,1848.119388
3212.762694,1000,1849.831914
3259.563984,1000,1850.667748
1918.438863,558,1851.178158
3243.660632,1000,1852.734258
3287.259274,1000,1853.628717
3202.784478,1000,1855.148027
3230.438856,1000,1855.747847
3259.178843,1000,1857.255501
3244.152268,1000,1858.151252
3254.043437,1000,1859.740962
3256.48599,1000,1860.553826
3255.174948,1000,1862.055647
3220.900457,1000,1862.770171
3238.803501,1000,1864.460236
3222.72051,1000,1865.395465
3232.048372,1000,1866.80769
1668.74815,484,1867.166707
3227.051797,1000,1867.895473
3260.083489,1000,1869.588469
2680.724955,795,1870.323206
3251.064028,1000,1871.947016
3234.104345,1000,1872.566899
3244.482618,1000,1874.161446
2175.018607,645,1874.704721
3258.885469,1000,1876.39104
3215.7889,1000,1877.209202
3199.343435,1000,1878.760048
2469.771785,736,1879.458399
3170.469778,1000,1880.356377
3270.398419,1000,1881.948497
3236.711719,1000,1882.850496
1976.219672,581,1884.102572
3216.163399,1000,1885.054629
3262.449306,1000,1886.708905
3259.809815,1000,1887.613459
1553.721488,456,1888.027451
3239.924303,1000,1889.570688
3262.382298,1000,1890.363675
2165.88476,631,1891.485186
3234.967127,1000,1892.190563
3261.271685,1000,1893.931677
3275.372178,1000,1894.8225
3262.710869,1000,1896.412225
124.557666,67,1896.461251
3289.251764,971,1897.101634
3279.872731,1000,1898.494027
3273.635011,1000,1899.284021
3287.933356,1000,1900.388102
3257.099326,1000,1900.960126
3261.360865,1000,1902.387276
3283.984604,1000,1903.3101
121.099795,66,1903.372953
3251.965761,1000,1905.050797
139.771504,73,1905.117795
132.263348,70,1905.184067
3252.416504,1000,1906.115151
1646.792553,498,1906.586228
3274.797605,1000,1908.319597
3234.073199,1000,1909.28053
3321.430463,1000,1910.791372
128.143094,69,1910.833559
3258.697855,1000,1911.555931
3252.691509,1000,1913.308991
3294.08725,1000,1914.236193
131.139496,70,1914.299362
668.360242,234,1914.503484
126.316822,68,1915.419897
3260.383545,1000,1916.343157
137.059447,72,1916.40525
3236.238878,1000,1917.949746
3241.399571,1000,1918.882384
3259.71086,1000,1919.80742
3230.599652,1000,1921.48117
125.103207,67,1921.543927
3238.253172,1000,1923.112364
124.082618,67,1923.151373
3274.72925,1000,1923.722267
3224.596883,1000,1924.96879
3219.258214,1000,1925.831963
3235.371834,1000,1926.761729
3249.578291,1000,1928.455133
3208.000133,1000,1929.369079
3219.121767,1000,1931.104088
3217.481948,1000,1931.942369
3201.484353,1000,1933.578992
3195.603507,1000,1934.378181
142.963225,75,1934.432997
134.457755,71,1934.493458
3227.827692,1000,1936.17484
3217.250463,1000,1937.06759
3229.209915,1000,1938.616553
1472.517755,435,1938.894796
3260.043989,1000,1940.540196
147.359468,76,1940.610246
3261.103469,1000,1941.513005
3246.149097,1000,1943.214949
3243.427472,1000,1944.129078
3208.240097,1000,1945.729253
3227.856387,1000,1946.514373
3277.744042,1000,1948.17574
3234.351126,1000,1949.09996
3244.760261,1000,1950.740514
3315.514739,1000,1951.670153
3235.898711,1000,1953.310531
3261.474469,1000,1954.234335
3255.652733,1000,1955.980827
3254.678798,1000,1956.892188
3228.721054,1000,1958.228575
3274.679782,1000,1959.127927
3270.093531,1000,1960.810516
3249.578039,1000,1961.713796
3244.393656,1000,1962.619556
3244.432705,1000,1964.26026
3234.342409,1000,1965.17434
3295.401569,1000,1966.474771
3284.887228,1000,1967.119497
3280.903478,1000,1968.76814
3250.939159,1000,1969.666997
3270.576402,1000,1971.375675
3254.647489,944,1972.240182
3253.892856,1000,1973.914639
3244.661963,1000,1974.856336
2807.793114,826,1976.354576
3271.741413,1000,1977.037837
3254.582052,1000,1978.668983
1228.838484,400,1978.982135
3269.112751,1000,1979.608392
3275.148546,1000,1981.256352
3223.439978,950,1982.133258
2901.12466,859,1983.748584
3297.882394,1000,1984.666008
3260.027591,1000,1986.287279
2481.419221,730,1986.816991
3252.876503,1000,1988.601621
3284.699148,1000,1989.432795
3272.858144,1000,1991.083371
3260.765112,1000,1992.011214
3282.751336,1000,1993.614969
3246.567869,1000,1994.446646
1847.332011,542,1994.944274
3292.006205,1000,1996.641564
943.619267,315,1996.930793
3244.911141,1000,1997.842404
3275.120576,1000,1999.58566
2555.268116,740,2000.277197
3260.223189,1000,2001.935965
3255.046916,1000,2002.77213
3226.127637,1000,2004.367196
3250.113302,1000,2005.303164
2735.550636,799,2006.80234
3252.717001,1000,2007.682688
3261.237838,1000,2008.809435
3245.248375,1000,2009.424589
3244.36079,1000,2010.839311
139.058743,73,2010.908382
3243.870326,1000,2011.821625
3269.024747,1000,2013.466572
3243.130771,1000,2014.386044
3252.774674,1000,2016.079782
3229.153522,1000,2016.897357
3251.957623,1000,2018.568308
3229.943873,1000,2019.485332
134.573972,71,2019.551018
3259.809249,1000,2021.093576
3257.950539,1000,2021.988062
3233.962559,1000,2023.732496
3266.534423,1000,2024.533972
3264.952229,1000,2026.105138
130.342872,70,2026.168347
3217.095199,1000,2027.079175
3225.380436,1000,2028.705362
3261.972929,1000,2029.638277
3237.699238,1000,2030.552186
3243.683415,1000,2031.918734
3213.336162,1000,2032.610779
3264.49206,1000,2034.079009
3248.489509,1000,2034.963498
3240.003595,1000,2036.57865
3283.794772,1000,2037.277278
3217.131526,1000,2038.837727
3273.522553,1000,2039.770556
3226.682222,1000,2041.424192
3216.116332,1000,2042.376872
3267.628475,1000,2043.801448
3267.135164,1000,2044.397771
3254.207125,1000,2045.816051
3298.745864,1000,2046.538095
1489.331487,473,2047.701124
3232.251512,1000,2048.65292
2597.3087,804,2049.408271
3242.28971,1000,2050.947433
3238.753422,1000,2051.573062
2910.760664,855,2052.73097
3264.686732,1000,2053.375853
3275.236138,1000,2054.631712
3252.42422,1000,2055.396701
3285.543693,1000,2056.614091
3277.333005,1000,2057.390638
3246.522938,1000,2059.026385
3289.073006,1000,2059.800586
3295.653786,1000,2061.245244
3276.001789,1000,2061.998851
3281.272802,1000,2063.491059
1492.245309,438,2063.844004
3269.800089,1000,2064.665705
3355.438847,1000,2066.387982
1542.996358,456,2066.783479
3303.275048,1000,2068.397408
3296.466279,1000,2069.330218
3279.432817,1000,2070.947056
1511.881879,455,2071.364539
3261.219381,1000,2072.217794
3304.855236,1000,2073.909319
3267.291391,1000,2074.717093
2520.6492,739,2075.989465
3291.176358,1000,2076.785921
3257.753754,1000,2078.031735
3272.657224,1000,2078.767039
3275.750935,1000,2080.151454
3245.3116,1000,2081.086519
2284.415048,667,2081.709943
3247.994339,1000,2083.356643
3228.653629,1000,2084.255168
147.850643,76,2084.324466
3268.560037,1000,2085.789259
3268.498228,1000,2086.422
3235.221988,1000,2088.134056
3251.894115,1000,2089.07617
3281.147246,1000,2090.655919
3273.261176,1000,2091.436159
3250.515342,1000,2093.17117
2351.827818,697,2093.81339
3254.498889,1000,2095.438935
3265.803862,1000,2096.289195
3273.521099,1000,2097.95984
3243.760723,1000,2098.869366
3251.445966,1000,2100.546034
144.668774,76,2100.617622
3268.246281,1000,2101.38376
3169.959018,937,2102.563628
1533.003764,457,2102.876812
3359.717759,982,2103.6717
3241.701164,1000,2105.302264
3209.017212,1000,2106.206707
3249.820858,1000,2107.933078
3251.23737,1000,2108.800869
3207.354048,1000,2110.329427
3244.721913,1000,2111.251447
2226.625861,667,2112.675548
3225.718329,1000,2113.62624
3244.259529,1000,2115.206528
3210.944687,1000,2116.100914
3241.675834,1000,2117.782805
2545.562018,747,2118.33155
3240.435692,1000,2119.072865
3200.032661,1000,2120.712707
3222.046982,1000,2121.648649
3252.948962,1000,2123.360373
3248.038598,1000,2124.207934
3231.665393,1000,2125.897569
3254.089271,1000,2126.815727
3253.932296,1000,2128.465905
3245.903868,1000,2129.390528
3246.783349,1000,2131.041238
3260.148094,1000,2131.953289
3238.070859,1000,2133.576774
3242.994791,1000,2134.492617
3181.784309,1000,2136.08679
3227.967283,1000,2136.781381
3256.779192,1000,2138.150798
3234.031692,1000,2138.936942
3228.383801,1000,2140.26078
3209.228855,1000,2141.184192
3224.274893,1000,2142.830426
3286.985271,1000,2143.742045
3238.707543,1000,2145.454808
3204.38055,1000,2146.288296
3250.754716,1000,2147.985903
3253.391911,1000,2148.908176
3179.050966,1000,2150.301142
3259.596895,1000,2150.935949
3248.345473,1000,2152.42674
3213.858133,1000,2153.319111
3264.061324,1000,2154.699323
3232.836312,1000,2155.625479
3217.993652,1000,2156.967323
3250.717003,1000,2157.65519
3242.78531,1000,2158.548759
3249.599007,1000,2160.226268
3238.778948,1000,2161.12047
3196.736595,1000,2162.744544
3158.771856,1000,2163.617039
3265.100947,1000,2165.249908
3262.050999,1000,2166.176425
3252.004612,1000,2167.82706
3276.764196,1000,2168.584128
3282.858957,1000,2170.496394
3245.182762,1000,2171.318188
3238.956769,1000,2173.040542
3259.281182,1000,2173.756456
3217.715541,1000,2174.992688
3265.178632,1000,2175.770348
3262.499095,1000,2177.323286
3266.557719,1000,2178.234643
3231.152956,1000,2179.86128
3218.911876,1000,2180.771356
3242.781511,1000,2182.507228
3231.552362,1000,2183.304863
3216.436314,1000,2184.587628
3225.594699,1000,2185.51211
3232.388623,1000,2187.268762
3239.62523,1000,2188.114296
3226.22803,1000,2189.282026
3245.485345,1000,2190.034136
3205.360135,1000,2191.63771
3235.205617,1000,2192.458977
3225.833674,1000,2194.174588
3212.820473,1000,2195.016481
3232.557383,1000,2196.770202
3232.240476,1000,2197.507813
3261.633624,1000,2198.800329
3248.931996,1000,2199.383063
3244.184943,1000,2200.847217
3263.327706,1000,2201.744313
3251.461264,1000,2203.240461
3214.075776,1000,2204.156898
3235.871238,1000,2205.892462
3260.931352,1000,2206.819715
3232.023718,1000,2208.331528
3252.172743,1000,2209.272525
3265.788709,1000,2210.122887
3253.79101,1000,2211.827899
3269.081846,1000,2212.712231
3256.991943,1000,2214.038196
3241.513172,1000,2214.759217
171.246696,87,2214.829874
3273.670401,1000,2216.44749
3284.876622,1000,2217.368239
3260.08438,1000,2219.046875
3231.412604,1000,2219.960273
3249.561543,1000,2221.65205
3243.467175,1000,2222.576383
3256.429953,1000,2224.173441
3268.765062,1000,2224.816925
3256.247796,1000,2226.397947
1136.91152,335,2226.716731
3255.834459,1000,2228.452465
3274.494474,1000,2229.318953
3260.901759,1000,2230.071153
3244.971363,1000,2231.546926
3247.679216,1000,2232.457702
3243.75304,1000,2233.93014
3279.379251,1000,2234.582713
3241.847179,1000,2236.153143
3254.855046,1000,2237.061512
3242.216365,1000,2238.635261
3251.057094,1000,2239.242987
3228.142023,1000,2240.743086
3245.948259,1000,2241.607575
3260.888023,1000,2243.283406
3269.882632,1000,2244.10605
3266.705,1000,2245.811241
3239.120997,1000,2246.695933
3254.371185,1000,2248.357169
3211.960884,1000,2249.146087
3237.700691,1000,2250.341417
3249.513553,1000,2251.231082
3265.993339,1000,2252.961905
3227.125947,1000,2253.876738
145.734815,76,2253.949601
3259.68054,1000,2255.205912
3252.147009,1000,2256.027382
149.349607,75,2256.100592
505.945967,180,2256.268641
3256.3272,1000,2257.991736
334.795478,132,2258.111544
872.4982,258,2258.345768
871.622991,263,2258.582859
3235.614064,1000,2260.218325
3247.975313,1000,2261.067801
368.864524,146,2261.204853
353.867727,136,2261.333162
3255.591164,1000,2262.804195
3264.26968,1000,2263.557673
3233.707286,1000,2265.016517
3234.589664,1000,2265.664294
2657.900111,783,2266.913898
830.475521,250,2267.140806
3265.830475,1000,2268.048382
321.501701,129,2268.168187
915.885714,271,2268.413739
320.815725,137,2269.284644
3256.507145,1000,2270.148961
3273.61036,1000,2271.881229
3263.788949,1000,2272.533797
311.816123,125,2272.619912
289.496968,119,2272.69587
311.481835,129,2272.77106
332.682678,133,2272.847826
319.482599,126,2272.920601
375.16254,146,2273.004774
3241.258364,1000,2274.477757
3220.095997,1000,2275.403238
3253.475369,1000,2276.920463
309.158202,122,2277.02
805.11288,247,2277.235963
308.793527,129,2277.354105
510.01992,185,2277.522785
3233.149365,1000,2279.179958
1266.885004,415,2279.566346
337.244888,145,2279.702744
1590.29462,512,2280.175925
3229.978483,1000,2281.786337
3222.101595,1000,2282.727583
3211.033059,1000,2284.371869
3259.55181,1000,2285.150261
1167.317044,342,2285.453584
3237.047714,1000,2287.128563
3276.249582,1000,2288.015153
3232.307889,1000,2289.56451
385.664971,145,2289.689015
3226.579043,1000,2290.537543
3224.426273,1000,2292.203237
177.864516,95,2292.284198
1351.577437,393,2292.615497
326.253773,128,2292.726784
3259.134492,1000,2294.271127
3297.553464,1000,2295.174402
328.303255,130,2295.295222
3238.930601,1000,2297.008406
3219.847763,1000,2297.917562
3244.080801,1000,2299.541954
3251.840481,1000,2300.398642
3282.506216,1000,2302.084131
3228.360951,1000,2302.950205
3237.679586,1000,2304.602791
3233.74311,1000,2305.518281
3208.779765,1000,2307.058792
3272.820936,1000,2307.998365
2115.83327,637,2308.59925
3242.494121,1000,2310.048696
3257.753169,1000,2310.688768
2433.988927,723,2312.047548
3214.424855,1000,2312.954084
3251.56669,1000,2314.646191
3210.464009,1000,2315.426325
2847.053093,846,2316.752957
3222.436504,1000,2317.663534
3239.064458,1000,2319.380739
3278.787436,1000,2320.230396
3252.294429,1000,2321.901328
3245.550657,1000,2322.803142
3278.861319,1000,2323.576898
3238.462092,1000,2325.196453
3261.843944,1000,2326.109179
3243.17388,1000,2327.54889
3279.534586,1000,2328.304766
3239.673007,1000,2329.808032
3272.290434,1000,2330.715422
3248.077267,1000,2332.4342
3252.11891,1000,2333.323707
3218.566591,1000,2334.947209
3262.7116,1000,2335.868629
1925.996861,592,2337.13937
3272.019535,1000,2338.036285
3255.509541,1000,2339.721992
3253.964843,1000,2340.503853
1224.774764,353,2340.792453
301.872791,126,2340.909054
316.017379,133,2341.030976
722.630944,241,2342.042309
377.064138,148,2342.179416
3248.549513,1000,2343.105033
3205.695716,1000,2344.656875
3245.280836,1000,2345.446027
522.596506,194,2345.745617
317.676498,133,2345.869806
364.160889,143,2345.998341
2038.164082,636,2347.242151
974.205919,300,2347.52717
3240.206674,1000,2348.462987
3240.635181,1000,2350.12113
3238.919746,1000,2351.018263
3238.362203,1000,2352.518175
3259.714215,1000,2353.322586
3242.909913,1000,2354.882519
3239.993758,1000,2355.797014
3230.880818,1000,2357.536206
2206.252155,700,2358.067477
331.151416,132,2358.172471
514.583692,186,2358.311899
309.900347,132,2358.388697
561.803901,204,2358.506343
560.373176,202,2358.621881
529.555711,196,2359.586615
330.235901,146,2359.721043
539.906418,210,2359.915184
1047.086197,317,2360.205646
354.98507,152,2360.346225
537.915079,191,2360.521948
538.157291,197,2360.677889
3256.292314,1000,2362.281986
1472.88611,438,2362.671003
3260.074281,1000,2363.567107
3206.978054,1000,2365.185719
1046.307925,339,2365.503587
511.849725,185,2365.673896
3177.246563,1000,2367.343925
3222.491498,1000,2368.258497
3229.448117,1000,2369.751971
3221.688439,1000,2370.615452
3244.710876,1000,2371.499808
3214.973448,1000,2373.132029
1211.159876,357,2373.465057
3229.400979,1000,2375.076768
3253.408134,1000,2375.716006
3259.908553,1000,2377.223192
869.885202,262,2377.392868
3166.234261,1000,2378.113788
3249.018658,1000,2379.830339
3238.531317,1000,2380.633588
3222.320486,1000,2382.080529
3240.132313,1000,2383.000304
3190.006437,1000,2384.661677
3244.045781,1000,2385.585056
3247.095556,1000,2386.968158
1258.178525,366,2387.177681
3217.11154,1000,2387.914556
3237.796525,1000,2389.59035
3222.514664,1000,2390.492189
3245.057011,1000,2392.098875
3209.719483,1000,2392.901666
3174.27643,1000,2394.496533
3244.006719,1000,2395.414482
3215.383653,1000,2397.043481
3211.255792,1000,2397.931753
3225.179304,1000,2399.572462
3229.440793,1000,2400.211788
3249.731015,1000,2401.830087
3239.824595,1000,2402.389263
