#{"env_id": "Hopper-v2", "t_start": 1534113129.7561548}
r,l,t
12.588884,14,0.023811
32.932455,44,0.090531
67.247102,50,0.185277
6.984218,10,0.204482
5.582528,8,0.219609
5.163838,7,0.233152
16.780448,23,0.277535
5.619603,8,0.292714
11.645747,13,0.318111
8.919504,11,0.338687
11.945361,19,0.374358
36.179403,29,0.428909
51.500205,40,0.474596
52.322351,59,0.539159
9.336645,13,0.553523
36.73985,39,0.597285
12.633337,20,0.619411
11.310702,13,0.63406
32.149146,36,0.674299
15.460874,17,0.693555
21.4744,24,0.720152
20.964112,19,0.741388
18.223703,23,0.76739
12.5727,17,0.786469
30.977465,32,0.822362
51.659093,31,0.856882
36.009732,46,0.908531
16.085225,17,0.929437
9.288542,15,0.946815
6.539889,9,0.956828
15.572416,18,0.988385
11.009512,13,1.012733
13.337137,14,1.039271
6.228454,9,1.05608
18.129105,32,1.116456
50.441917,30,1.158461
50.527257,52,1.21612
8.916854,13,1.230833
8.637483,11,1.243122
10.740468,12,1.256083
6.346465,12,1.269749
9.041326,11,1.281916
101.204826,100,1.406458
9.418131,11,1.418798
8.910788,11,1.430838
94.330806,57,1.493464
10.774812,13,1.507845
8.011418,12,1.521051
8.448436,11,1.538984
55.871287,33,1.576275
99.318307,58,1.640341
10.142063,31,1.674931
61.243023,39,1.717844
28.035476,29,1.750114
6.735068,10,1.761542
10.678905,18,1.783502
36.577291,36,1.823128
33.288464,32,1.85858
17.328607,20,1.880696
8.289496,10,1.894611
8.835275,11,1.914344
7.083764,9,1.931661
18.561357,18,1.966664
25.217709,24,2.012045
22.167778,20,2.049825
5.277024,7,2.063251
5.409686,9,2.080549
8.212343,10,2.099283
22.694005,33,2.163169
7.893988,12,2.186059
15.955977,18,2.219906
48.191148,29,2.272397
94.958272,55,2.36291
9.999652,12,2.376298
13.133556,18,2.396489
6.081698,9,2.406799
6.143228,10,2.42134
65.464687,44,2.475791
5.214609,7,2.486655
5.978398,12,2.500606
13.041256,13,2.517874
6.408572,8,2.529807
8.000971,13,2.544262
32.449792,34,2.588072
11.474429,17,2.609039
8.14356,14,2.627082
6.145839,8,2.637063
7.281323,11,2.651052
10.478461,14,2.669618
116.541487,63,2.749205
9.294953,16,2.769885
93.06874,59,7.544804
6.675319,9,7.55741
17.92958,20,7.579922
157.525522,98,7.684383
54.208,33,7.720179
12.191491,14,7.73504
8.662712,10,7.74577
10.068677,13,7.759918
6.541996,12,7.772983
3.875299,7,7.780539
13.483196,20,7.802043
15.317306,20,7.823322
6.341498,9,7.833115
43.450025,26,7.860493
4.929656,8,7.869015
30.469959,28,7.898892
5.935323,12,7.911741
8.500356,11,7.923434
19.334596,23,7.947882
60.43413,36,7.98556
8.950279,11,7.997296
14.961016,19,8.017248
9.929215,10,8.027779
14.896479,28,8.05706
97.353337,64,8.124734
9.214884,13,8.138342
48.711949,41,8.181115
5.991633,8,8.189731
46.793286,28,8.219144
52.62107,32,8.252739
58.328292,35,8.289782
12.074634,12,8.302734
14.653554,15,8.319608
12.951451,13,8.334007
176.494748,89,8.431136
11.352459,18,8.451328
16.10114,18,8.471385
8.885207,15,8.48807
3.946507,7,8.495764
3.413495,9,8.50596
10.042041,16,8.523401
8.360283,11,8.535688
20.627645,21,8.558779
19.276293,19,8.580266
9.151041,15,8.596761
6.23295,11,8.609002
11.323188,13,8.623571
7.051876,10,8.634565
6.748871,8,8.643657
30.67043,30,8.67705
15.064525,17,8.696045
5.218703,8,8.704951
6.469266,9,8.714839
13.73199,18,8.735132
9.759153,13,8.749446
7.844479,10,8.760446
9.069174,12,8.773649
8.022032,9,8.783861
10.620311,11,8.79635
6.463789,9,8.806155
11.240816,13,8.82114
20.659189,18,8.840985
4.112599,8,8.84996
8.136684,11,8.862281
10.006976,12,8.875381
15.980325,16,8.893406
10.690892,13,8.907811
12.998288,23,8.933806
3.548404,15,8.950716
86.664443,70,9.027561
6.46329,10,9.038857
4.666431,10,9.050126
8.417273,12,9.063632
48.956115,29,9.095732
11.741476,13,9.110382
56.033447,34,9.148687
6.982314,9,9.16564
13.256474,16,9.196222
7.042229,10,9.215106
30.811466,34,9.279725
11.103614,16,9.310894
69.992485,42,9.39098
47.881951,29,9.445755
6.261441,9,9.462638
83.425046,48,9.541047
30.463694,32,9.576456
11.807794,16,9.594214
12.137084,25,9.622214
14.962418,29,9.655285
11.193118,15,9.68437
7.282494,11,9.704948
47.856909,41,9.781903
21.782974,20,9.820175
13.726007,13,9.844794
14.236226,17,9.877348
9.389384,15,9.906507
58.19952,34,9.97103
5.944264,10,9.990434
9.520163,28,10.043458
5.455257,9,15.276263
51.412854,43,15.332559
5.94109,8,15.344709
88.029428,57,15.418581
9.818384,12,15.434271
21.469397,22,15.464282
12.757881,17,15.485846
17.517352,15,15.505328
19.271585,25,15.538592
67.385251,43,15.588782
99.659506,61,15.655123
16.997851,19,15.676202
10.01473,13,15.690742
201.750554,112,15.813801
119.857731,65,15.885257
72.913216,42,15.944801
4.725005,8,15.960723
7.957246,10,15.972343
16.811669,23,15.998035
12.037028,14,16.013453
53.323477,42,16.060234
21.79657,24,16.087098
8.330098,11,16.0998
27.761468,23,16.12529
50.387293,30,16.158383
131.047253,80,16.245711
36.209667,34,16.283475
84.12953,49,16.337438
59.748719,41,16.383642
112.452684,69,16.459419
27.266227,25,16.487116
6.488975,9,16.497937
11.934654,13,16.512467
16.699436,18,16.532751
22.482746,22,16.557142
53.597138,32,16.593092
88.781222,72,16.671972
93.099351,73,16.752299
53.389749,50,16.808089
8.888818,11,16.820604
53.636927,32,16.855838
9.669411,13,16.87042
13.23243,13,16.884884
9.535809,13,16.900482
5.236203,8,16.90949
23.175407,26,16.938327
51.233988,31,16.972996
10.782708,13,16.987939
43.256991,34,17.026003
50.102907,35,17.064401
16.196542,16,17.082533
13.653247,17,17.102426
21.162877,37,17.143516
16.91494,19,17.164671
21.516367,21,17.188166
14.882742,19,17.209432
4.228879,7,17.21752
56.243243,34,17.254972
10.353218,13,17.269184
211.106929,162,17.449141
52.008145,31,17.48372
7.380593,9,17.493906
10.350175,13,17.509229
7.926002,13,17.52378
6.516915,8,17.532835
90.877514,52,17.59059
12.916103,17,17.609614
20.312738,19,22.098857
36.782626,28,22.141567
11.544608,12,22.160535
17.960405,20,22.192261
55.602816,42,22.25644
9.323466,11,22.273156
18.395384,20,22.301472
56.826164,42,22.364185
19.35876,35,22.419663
102.784463,59,22.512
16.655658,17,22.540169
12.123268,14,22.560487
8.873769,12,22.577369
13.645235,15,22.602469
70.691816,55,22.688596
146.656595,82,22.813162
61.75472,37,22.870063
64.689521,38,22.93135
27.979551,24,22.968909
108.490542,60,23.061926
58.619562,35,23.115249
38.642647,34,23.167931
7.776502,9,23.181866
48.257241,29,23.229146
47.692434,28,23.270556
11.888396,14,23.29338
16.065332,16,23.319969
67.368059,40,23.380759
58.780405,36,23.438072
66.464188,41,23.499888
49.56605,30,23.545896
31.282254,30,23.594818
26.317958,24,23.632428
9.7206,12,23.650955
52.95285,32,23.698765
23.039425,19,23.725752
20.487238,19,23.752527
42.11242,25,23.80033
6.390295,8,23.815603
154.961121,94,23.968049
53.263744,32,24.00295
12.178362,14,24.018581
9.935624,15,24.035428
104.437185,61,24.102075
8.80618,11,24.114202
20.117648,24,24.140763
88.280814,70,24.217021
97.749095,79,24.302741
7.630064,10,24.313842
179.472542,95,24.48814
138.008568,96,24.666479
10.725318,14,24.693175
12.84687,13,24.717797
62.209888,38,24.79011
70.990992,40,24.865181
195.143804,129,25.110438
70.301948,42,25.174601
14.471241,15,25.197239
10.917001,12,25.216409
50.161205,30,30.477521
60.823118,37,30.528428
74.130029,44,30.585745
16.804137,17,30.607874
9.502806,11,30.621943
64.119379,37,30.670238
127.784878,75,30.766891
19.479634,20,30.793526
11.515891,18,30.81594
66.540476,39,30.859807
45.013321,38,30.902571
5.340937,11,30.914865
66.901422,38,30.969141
14.097167,15,30.991906
24.167957,22,31.027567
79.312558,66,31.124165
21.557499,24,31.162689
16.998647,18,31.188635
50.462218,30,31.233247
118.063549,70,31.336592
132.577729,78,31.45028
33.398691,24,31.48496
57.179976,33,31.520556
109.835194,77,31.604218
8.121038,11,31.61621
65.899566,38,31.658307
51.212385,31,31.692126
75.032957,45,31.740488
139.206717,83,31.830704
6.00089,9,31.840501
11.554082,19,31.861306
24.009799,23,31.886682
133.632139,70,31.962408
82.772574,68,32.036914
97.100364,62,32.146319
7.162215,10,32.164136
68.094752,40,32.236453
17.265169,18,32.269746
87.188997,49,32.36038
65.000858,39,32.433136
7.488154,9,32.449666
18.983494,28,32.501943
69.280331,40,32.57559
40.459383,24,32.620048
42.684156,40,32.693755
6.194194,11,32.714493
134.054046,85,32.869987
59.139373,35,32.935425
145.714344,93,33.10578
29.863975,26,33.14422
206.517675,99,33.251089
66.5036,39,33.293658
17.414777,25,33.321316
9.187628,12,33.334389
137.140643,81,38.1921
42.939729,25,38.219688
179.059018,93,38.32043
8.402548,11,38.332629
67.248705,39,38.375149
57.960055,35,38.41338
18.359866,20,38.43543
107.521815,71,38.512497
55.086968,33,38.548821
155.044847,91,38.648094
118.523132,67,38.721709
87.744806,50,38.777064
62.878814,38,38.818916
62.365423,37,38.859431
165.984934,90,38.958022
119.128448,86,39.051802
47.703181,29,39.083988
93.892706,64,39.154078
74.609285,44,39.201726
187.818943,97,39.307387
98.150701,54,39.366115
79.396096,45,39.414818
130.878549,76,39.498422
23.837347,23,39.524093
262.458958,143,39.679073
108.915795,73,39.757312
219.283039,98,39.861484
72.616507,44,39.908182
106.066974,62,39.974523
56.600907,32,40.009076
51.131993,30,40.041191
79.155696,46,40.091418
106.910326,69,40.165752
109.384115,67,40.237111
32.733442,32,40.278267
101.948405,111,45.096185
140.303059,74,45.206959
102.539944,57,45.282665
15.981743,17,45.307193
28.850989,24,45.344767
121.550271,62,45.422729
68.342154,41,45.466642
111.871539,59,45.530818
55.203884,33,45.566735
140.929407,70,45.642929
144.862994,79,45.728049
162.069835,84,45.819279
67.396704,39,45.860907
124.648596,87,45.955325
37.360942,26,45.983903
79.146874,50,46.038446
162.620088,94,46.140542
95.568481,63,46.231825
116.833644,62,46.331584
52.577497,32,46.373982
178.280538,100,46.482654
64.800689,38,46.523745
7.873017,12,46.537129
59.061466,35,46.575181
292.654985,171,46.760691
171.978307,87,46.854024
65.018796,36,46.891755
13.099565,12,46.90561
72.108474,43,46.952424
100.005446,54,47.009947
225.825483,130,47.167846
62.998359,37,47.208331
80.694932,57,47.27032
137.563107,75,47.351609
235.748208,116,52.127245
79.102848,46,52.195648
78.870555,46,52.265501
107.071825,62,52.358629
236.597562,122,52.540177
140.081292,73,52.649672
165.63572,99,52.8034
27.03459,21,52.83546
137.978858,100,52.988743
38.746425,30,53.033248
102.922925,67,53.138341
185.08212,110,53.305999
174.602973,94,53.449944
136.114695,88,53.587255
66.745988,39,53.643904
135.248044,88,53.780354
161.377753,93,53.896325
98.461302,70,53.982229
122.665463,76,54.086092
121.774076,79,54.177566
31.031912,32,54.214283
124.90004,72,54.292275
98.872724,69,54.392727
95.607546,61,54.484119
107.465571,60,54.574745
72.636574,42,54.636682
112.492866,66,54.730807
104.167303,59,54.794441
99.345552,64,54.867826
85.632295,58,54.939701
64.169468,55,60.377072
62.907972,37,60.42804
167.131149,92,60.552325
155.811113,93,60.674192
97.784956,64,60.75425
122.884966,68,60.827633
195.957893,126,60.990094
171.91248,92,61.098994
110.201684,66,61.170455
59.476094,34,61.20817
86.306243,57,61.27085
70.532457,41,61.316982
110.027666,71,61.393167
133.813109,100,61.503727
171.602601,97,61.617612
227.17209,124,61.748066
55.098735,33,61.783392
77.352953,45,61.831136
110.646836,64,61.900058
128.14812,77,61.980236
190.897277,105,62.117043
219.860262,115,62.292505
16.437903,17,62.31933
192.364859,99,62.456008
238.867951,115,62.610349
197.053863,109,62.753141
214.481295,119,68.265316
164.892742,79,68.350419
128.732507,81,68.439198
154.347607,94,68.542336
99.804917,55,68.601998
214.266969,107,68.717432
161.029838,87,68.811498
54.999556,32,68.84632
211.164516,110,68.965274
182.364318,106,69.079164
124.35932,70,69.15423
106.766419,70,69.230079
206.469369,109,69.34763
223.152041,125,69.483335
161.723679,94,69.584348
110.920049,76,69.665257
103.392011,60,69.728215
9.978168,12,69.741138
100.104133,57,69.802712
212.175076,121,69.934467
253.415112,158,70.10535
92.696508,58,70.167756
164.485061,101,70.277048
220.627884,121,70.407775
259.341882,137,75.721987
256.619548,140,75.92051
161.449806,90,76.018443
57.028313,33,76.054317
63.966073,38,76.095209
243.082614,143,76.251466
108.333086,70,76.327459
193.746244,104,76.440649
216.236181,105,76.554442
216.899496,103,76.666099
190.203777,102,76.776504
207.416424,119,76.905934
103.135597,59,76.969556
65.328526,40,77.013995
152.962468,80,77.100984
248.123823,126,77.238453
276.557748,159,77.410227
7.223185,9,77.419721
229.143032,147,77.576933
77.084772,43,77.623045
167.677015,92,77.721479
170.109692,88,77.816288
194.867225,117,83.328761
78.812053,45,83.409505
183.961764,96,83.582258
120.183854,76,83.720479
204.388279,104,83.91355
136.736323,110,84.11439
157.265063,92,84.264687
250.134286,142,84.478604
213.534624,112,84.642002
316.37181,187,84.917668
251.442025,126,85.096859
168.886957,104,85.252063
203.062762,114,85.422085
221.678602,120,85.583905
262.703713,162,85.813379
13.554286,18,85.843546
207.211045,123,86.046382
211.586851,121,86.268912
230.165608,117,91.801424
264.462716,141,91.977122
211.771061,132,92.1506
295.280936,160,92.36925
238.485363,144,92.545527
201.851088,121,92.696787
284.870409,153,92.887808
241.492978,148,93.072766
238.586237,118,93.218279
236.117536,122,93.379781
293.085096,180,93.61841
277.955169,147,93.812831
180.294623,108,93.947924
197.292366,100,94.098764
177.175167,97,94.247202
258.114912,148,94.472443
386.369767,253,99.975106
222.192472,102,100.0996
264.410926,138,100.245502
200.847277,110,100.361206
247.027014,139,100.509492
219.107664,105,100.622413
243.981223,115,100.745415
316.065609,177,100.93537
256.046997,131,101.074862
217.788053,120,101.201899
146.373483,87,101.294032
193.247956,103,101.40363
230.593865,116,101.527482
252.683884,130,101.667271
160.760325,87,101.760916
245.36686,143,101.912951
304.421803,172,107.201486
241.179624,135,107.38302
253.98801,117,107.532708
130.556027,68,107.618468
141.858631,89,107.727273
265.663329,146,107.909342
220.978468,128,108.070489
323.572331,188,108.307872
226.285831,112,108.448013
119.036068,77,108.543655
282.438987,122,108.703652
279.381051,152,108.892728
271.19047,153,109.086375
251.657534,117,109.231629
249.331493,132,109.40588
239.628092,123,109.56239
182.42189,108,114.672307
234.435757,123,114.832844
242.146234,127,114.995356
165.797529,94,115.116365
206.610701,99,115.245532
222.102287,134,115.390297
189.265065,111,115.509265
214.381411,116,115.633443
360.598928,201,115.8462
341.310056,215,116.071745
252.284177,132,116.244136
261.765234,136,116.42021
270.256706,142,116.600722
191.073326,95,116.722546
261.741947,142,116.90338
261.071698,139,122.46841
243.31951,132,122.658435
229.751188,122,122.810727
274.811112,139,122.983828
247.07714,150,123.169814
220.880317,125,123.332
255.400386,139,123.513892
130.723108,84,123.624005
246.949105,137,123.78032
239.226819,136,123.926262
310.686921,152,124.0899
253.915169,140,124.240496
246.628072,145,124.395112
236.016267,125,124.528064
232.269057,121,124.65722
194.298341,96,124.761994
290.878206,140,130.406245
250.936626,122,130.553627
477.599753,226,130.824235
205.811705,123,130.984474
230.406053,122,131.138955
218.839528,112,131.283447
424.221242,253,131.611533
273.270165,120,131.755578
299.507298,161,131.929266
307.467481,188,132.131403
180.878506,102,132.238574
226.821395,128,132.376464
254.975457,129,132.514344
105.359632,60,132.578534
232.659916,111,132.696368
318.816328,179,138.142827
233.102615,135,138.349625
243.775152,129,138.540747
268.614783,134,138.740952
344.758097,184,139.01531
355.109984,168,139.265181
346.46487,174,139.525179
218.767775,117,139.6991
308.582803,159,139.938437
357.104022,182,140.199425
251.24252,147,140.388304
432.307774,231,140.637169
281.300116,179,146.355304
249.608463,127,146.564585
194.911208,107,146.721996
293.048892,169,146.939637
242.839742,124,147.108419
238.6909,130,147.263205
250.547882,134,147.409117
322.430368,154,147.575758
517.644253,277,147.871166
265.335095,144,148.023719
315.865818,146,148.17995
114.773355,77,148.261005
247.867795,118,148.387503
309.880732,147,148.545211
262.584757,127,148.681762
170.493391,104,154.728738
290.631549,137,154.930011
443.475691,223,155.247687
338.293426,154,155.478962
425.635691,251,155.849272
476.821826,280,156.156422
259.045508,140,156.349265
268.39173,153,156.585334
306.747761,172,156.849592
582.686964,280,157.262725
331.044338,166,157.5101
309.547568,163,163.006533
389.909527,168,163.232799
141.988209,89,163.348516
283.538262,144,163.534421
233.471331,119,163.687361
253.910663,140,163.863605
284.231721,140,164.012716
303.86965,163,164.226089
301.144321,155,164.426108
432.940439,207,164.647546
444.556798,230,164.894455
318.547036,189,165.094926
739.203392,540,170.938315
269.59251,138,171.111601
150.709245,88,171.209378
145.390982,87,171.304685
488.377402,274,171.600989
262.16994,146,171.767862
378.984669,216,172.097262
491.695942,218,172.366976
299.502544,158,172.647615
448.155908,212,172.969581
227.307681,123,178.692849
436.873474,194,178.938725
208.201722,113,179.059381
320.225417,138,179.208769
409.769988,244,179.475888
258.399209,126,179.611458
290.59728,154,179.782967
300.570658,151,179.99668
584.823392,277,180.412007
334.698584,151,180.613548
159.363972,96,180.755129
327.037987,145,180.919837
435.287221,217,181.254805
229.868092,120,186.497963
342.988928,159,186.702957
330.488916,177,186.931931
447.298884,234,187.241293
523.150872,283,187.602743
512.65102,254,187.93294
306.779554,160,188.144803
418.160825,213,188.423692
375.50748,152,188.622841
257.98617,129,188.784195
433.262551,188,189.074142
536.530655,236,194.497487
287.363691,149,194.65575
554.927173,266,194.938699
171.645697,96,195.040394
460.337402,248,195.302765
270.76078,132,195.444289
326.805721,170,195.62608
415.001314,177,195.868909
297.376488,144,196.080858
347.433993,156,196.31369
336.112363,157,196.54408
620.9902,296,202.023292
302.961044,140,202.200947
322.29206,146,202.392639
483.562473,218,202.674955
259.183471,128,202.838603
166.712768,93,202.960635
271.161904,124,203.116213
641.785802,355,203.581228
429.18654,234,203.889755
398.272462,209,204.119745
328.52061,179,204.309768
534.267782,250,210.071829
296.498857,132,210.269436
505.781505,221,210.585183
385.006262,172,210.76909
744.431406,335,211.124784
175.381116,95,211.227316
409.792356,176,211.414539
535.824522,231,211.65894
485.563114,251,211.92768
521.845765,253,217.646374
661.451324,278,217.994213
465.300603,205,218.213907
405.73611,180,218.446063
1065.862552,458,219.02749
453.588969,198,219.268749
292.936977,134,219.412796
485.863395,186,219.615278
319.523471,149,219.776024
447.085612,213,220.004711
490.700292,267,225.503179
540.149844,221,225.832429
368.541363,177,226.103177
239.368885,114,226.269854
406.128909,205,226.545671
469.859086,232,226.847282
471.624898,215,227.129942
290.285872,144,227.290903
447.446976,188,227.492357
778.540191,318,227.829492
481.795266,202,232.807324
469.188168,211,233.147724
316.462197,157,233.430686
141.832405,87,233.531548
743.815252,356,233.910565
495.498826,235,234.162395
303.627399,149,234.321638
149.169,98,234.426738
304.20999,138,234.573646
137.171276,105,234.687008
429.700855,182,234.881505
689.387154,350,240.153856
592.285813,312,240.559344
380.986424,174,240.746494
479.534071,220,240.985282
547.597474,232,241.233775
663.410645,295,241.5516
354.807077,164,241.741488
686.572093,289,242.106692
358.19046,154,247.643858
514.333456,227,247.926362
489.307764,205,248.146823
286.414204,133,248.287393
689.171976,295,248.601708
494.369289,238,248.857794
301.43065,136,249.042978
430.038826,216,249.358333
319.659118,170,249.552556
509.379515,230,249.795841
554.748413,275,254.922226
462.795113,232,255.264462
499.027424,257,255.656153
452.026704,211,255.980515
150.719749,95,256.128793
499.538513,196,256.349866
435.519251,174,256.537231
665.669293,333,256.900746
438.51103,182,257.098685
709.41597,325,262.687976
468.09746,189,262.932198
637.755915,268,263.334772
514.141374,217,263.659049
412.914256,178,263.920943
229.255603,132,264.112099
631.075083,272,264.510836
491.489842,211,264.826185
610.990284,296,265.241726
828.239008,330,270.865806
181.132091,95,271.017759
788.144865,337,271.476702
825.580404,437,272.031424
495.585915,219,272.316859
575.699678,233,272.562874
596.540418,238,272.815416
509.225907,240,273.069116
647.397096,254,278.638207
816.170536,333,279.021005
708.721394,296,279.343368
437.827111,206,279.566877
232.056195,107,279.687171
380.737822,206,279.945781
590.356269,245,280.288924
560.147124,235,280.633908
774.856336,344,285.887008
583.122635,215,286.206271
582.779513,313,286.67062
706.109106,271,287.083269
774.603743,301,287.404184
968.429795,532,287.973343
729.636142,368,288.371074
869.263699,352,294.338864
497.025812,207,294.562555
628.619102,258,294.883819
469.480568,217,295.203917
851.341679,356,295.723683
622.373299,256,296.098162
691.742365,297,296.512956
582.993826,224,302.162859
721.610539,299,302.60612
603.223987,241,302.893752
565.233197,236,303.14305
542.767915,236,303.396749
552.554976,224,303.636018
648.440814,270,303.923019
706.150831,359,304.301821
549.087534,243,309.43064
489.417478,213,309.730652
164.529797,108,309.848037
840.562234,318,310.192979
669.380852,250,310.459307
548.511107,249,310.72711
538.804166,236,310.983841
509.393301,211,311.211374
490.977518,211,311.473563
692.10883,267,316.578591
668.59018,277,316.992396
758.087926,305,317.441389
649.818671,279,317.811515
762.059728,304,318.138099
1002.762461,405,318.585052
926.763697,388,324.037662
642.824485,263,324.367379
1139.780509,486,324.932133
975.819241,413,325.391434
1055.026833,400,325.8736
675.763392,270,326.210863
471.676758,206,331.566537
806.87308,309,331.959509
729.16408,275,332.308834
244.72991,118,332.462524
650.047552,296,333.016842
814.678761,348,333.433005
640.930472,249,333.756215
207.807,129,333.918927
591.711923,254,334.202985
525.153522,225,339.224491
898.56176,311,339.61274
423.352931,198,339.860027
761.287639,318,340.258507
545.591681,210,340.526104
589.762351,246,340.838665
550.490111,218,341.117451
519.534369,199,341.373381
875.788141,335,346.805152
687.454335,258,347.295252
858.307373,326,347.905579
547.433269,202,348.176237
675.480141,261,348.502939
893.625926,351,348.944598
944.467582,363,349.412764
523.730096,196,354.999707
788.232424,311,355.396344
775.961432,320,355.800658
913.904683,335,356.227806
837.932901,322,356.578922
810.770996,320,356.921958
810.324407,320,357.259192
676.499549,252,362.852405
650.81608,235,363.146748
497.711664,201,363.375696
505.476473,234,363.626833
580.098071,219,363.860598
629.146392,233,364.111325
533.276957,201,364.349211
740.044955,272,364.640372
225.302847,133,364.781253
790.65739,300,370.116113
825.422279,327,370.492826
548.896932,210,370.720499
626.308144,243,370.985263
507.910875,197,371.19717
928.558221,348,371.591791
567.886087,216,371.860193
951.633713,366,377.401148
176.812971,119,377.531134
148.115493,114,377.674955
170.31497,97,377.82224
655.196599,225,378.115105
824.752968,307,378.484559
843.778669,319,378.86943
1076.111466,392,379.350543
736.047235,310,379.746042
634.058413,279,385.38963
185.53685,126,385.53743
968.854153,372,385.963445
638.968401,283,386.317453
759.776932,283,386.670186
242.813862,134,386.840116
528.805286,210,387.073484
713.6777,258,387.347146
203.481438,130,387.483118
996.710807,345,392.956733
667.19463,256,393.352035
521.886955,205,393.659907
154.593323,117,393.833675
213.904237,125,394.013187
988.784175,364,394.546164
751.812711,299,394.954091
894.341737,336,395.384197
878.110825,313,400.724828
670.211565,285,401.151241
703.932797,259,401.517743
661.198761,257,401.793472
792.630753,330,402.222701
625.427277,272,402.615349
687.367481,276,403.020266
1042.140905,398,408.153277
791.384974,333,408.580419
927.547046,335,409.001071
765.304902,295,409.35653
976.216861,377,409.762556
831.907792,310,410.094935
1120.260859,390,415.058939
508.663708,197,415.303116
322.687257,206,415.541987
545.137978,227,415.81621
864.996603,326,416.197736
1044.981411,373,416.651938
644.145611,242,416.910212
639.066861,233,422.108691
692.430154,248,422.5744
733.78685,297,423.105854
653.660224,247,423.394682
1057.891813,397,423.830991
846.34615,329,424.191816
542.014325,210,424.454963
791.856725,301,429.836176
689.240454,247,430.165934
904.425872,329,430.587097
981.787584,369,431.05808
1112.987573,454,431.6319
660.949118,249,431.942755
822.325093,314,432.333837
736.274897,284,438.083589
523.142445,202,438.458984
392.71256,243,438.908944
922.45986,324,439.499048
234.372451,134,439.738239
405.435626,168,439.986574
621.065251,269,440.381392
725.144646,271,440.779816
743.197134,277,445.795274
637.956575,257,446.170978
1211.551179,520,446.943319
644.458612,247,447.208056
975.117681,353,447.585896
1207.704395,420,448.035536
1051.173086,386,452.965595
729.612572,262,453.250474
719.824002,271,453.542171
891.388965,360,453.930737
724.822458,264,454.218177
645.638528,227,454.464528
691.394726,274,454.762877
656.994672,247,460.14957
804.367982,317,460.613144
571.594175,208,460.916249
529.652191,207,461.292131
988.44407,367,461.8064
1174.28188,398,462.233238
698.517995,255,462.508282
220.341956,132,462.650214
762.060362,281,467.805913
749.929181,272,468.143423
651.098267,233,468.440807
1100.957904,389,468.928533
666.563736,246,469.235732
1287.05942,447,469.787558
819.295664,314,475.689728
837.769593,312,476.148419
958.851867,337,476.593482
673.275001,254,476.862166
747.646048,292,477.168072
645.952466,251,477.43057
856.262074,312,477.758165
678.698515,258,478.034822
726.477859,271,483.688394
222.337298,137,483.84426
1037.440213,348,484.278517
843.531703,300,484.817317
716.085434,251,485.1759
213.258748,131,485.316503
762.753493,275,485.610886
756.874431,282,485.913891
633.183843,233,491.205927
461.833673,200,491.506177
940.661629,354,491.957372
865.95106,340,492.388787
714.022436,254,492.679291
1054.199638,360,493.142107
700.632651,263,493.468843
831.334569,316,498.579624
860.798093,302,499.031854
829.633612,306,499.427798
1287.317334,485,499.973032
749.294163,286,500.2763
1205.58836,460,500.767053
151.251227,87,505.737924
822.108558,309,506.291548
679.984008,292,506.81348
808.930908,326,507.32003
905.564154,330,507.671402
644.579377,226,507.914402
976.111054,364,508.308861
972.03734,363,513.63806
1165.328035,427,514.091776
215.743087,132,514.23173
779.831566,284,514.531169
988.779791,373,514.930554
959.633798,366,515.326602
943.108621,344,521.462821
764.209197,265,521.818557
1092.226853,377,522.35869
986.914049,383,522.943735
116.506777,68,523.048726
1167.532017,443,523.786634
362.407331,200,524.015146
828.878633,318,529.510829
916.414444,329,529.995498
804.8813,284,530.416657
933.309759,356,530.941799
907.067074,363,531.49526
779.403242,294,531.917467
1199.435096,403,538.032924
712.710321,296,538.395929
634.099634,281,538.732983
943.569403,337,539.202522
1143.288893,409,539.808377
790.656048,294,540.230349
898.306961,358,545.924258
753.613491,289,546.293601
732.070937,295,546.613461
643.072983,237,546.869959
1109.174325,423,547.327477
971.714783,319,547.701711
725.531065,291,548.08323
1021.098041,328,554.158067
1416.797553,597,555.014951
1159.256753,388,555.521226
778.956869,291,555.834731
1179.396286,509,556.550005
804.789468,306,562.584996
1020.928861,347,563.133485
1005.246762,404,563.644934
1246.236187,412,564.119882
775.494223,300,564.557256
845.50781,301,565.017045
965.18719,354,571.14063
764.00188,279,571.481395
992.948596,381,571.915578
887.175312,336,572.413039
964.089257,335,572.872752
873.79331,290,573.250772
1154.396965,396,578.929225
728.367206,283,579.237604
866.073509,309,579.567436
944.559502,326,579.916664
986.538263,396,580.435659
834.354966,318,580.88516
950.725805,374,587.164827
708.285127,246,587.501719
928.733832,336,587.870968
228.512572,130,588.034191
1206.829546,396,588.603391
878.734091,349,589.050774
903.477943,336,589.497969
842.905165,305,595.337415
777.929303,282,595.838118
974.011492,329,596.211513
906.898302,347,596.588519
768.533698,305,596.924371
836.272763,302,597.253599
741.733253,277,602.569148
826.0455,309,602.963573
875.60546,312,603.360845
1239.653173,446,603.952065
866.675515,314,604.3696
1272.385589,421,604.834086
766.282201,269,610.00909
137.379543,83,610.127371
995.468364,393,610.757269
998.13048,388,611.167533
813.265888,303,611.486444
1104.673517,394,611.909406
1060.549114,384,612.318241
918.937948,352,617.833387
970.217318,338,618.290548
922.481095,330,618.792319
1115.841689,394,619.394019
1066.858074,350,619.927726
942.229992,332,625.815154
1278.414775,469,626.317867
1105.977474,423,626.774044
974.08228,348,627.168106
1529.32548,589,627.916271
848.111515,283,633.784691
980.63384,341,634.184074
796.770924,266,634.558398
1026.745627,385,635.138628
1239.75657,454,635.724755
909.704953,370,636.124962
1006.017359,352,641.57238
1359.570742,487,642.185116
1126.374544,386,642.608944
1435.266475,490,643.134373
1014.022524,384,643.540959
954.841709,348,649.586951
1025.524732,344,649.993546
1090.989049,370,650.386687
801.214746,304,650.710471
1368.344999,477,651.228425
166.88304,118,651.355705
245.72362,134,651.498654
1064.000584,362,657.311929
756.502287,285,657.616225
1287.675624,451,658.102539
196.392033,119,658.262945
1043.645453,356,658.800017
974.355062,348,659.329241
1207.503807,422,665.36751
1223.911716,481,665.987188
1119.313235,421,666.474558
1141.847015,412,666.908782
1463.668878,511,672.412489
973.118717,331,672.906236
1345.795203,503,673.741071
1215.544561,498,674.528362
247.910223,142,674.736401
1314.246245,508,675.421193
927.824038,349,681.154859
942.028138,319,681.542621
866.753229,341,681.911309
1055.679767,370,682.319588
997.464987,351,682.705124
273.857357,134,682.851355
1146.185115,406,688.761164
1550.29291,538,689.339336
1329.275155,477,689.855464
644.194774,255,690.132188
893.678666,346,690.507317
1441.608019,515,696.39198
702.09611,276,696.69683
1126.312104,407,697.155079
936.421446,355,697.546803
1538.638818,521,698.299224
917.600991,353,704.054886
1067.560362,407,704.785658
891.224745,364,705.292158
1496.95989,510,705.847802
1518.411387,486,706.376488
1134.391117,415,712.001291
654.998982,223,712.250183
1526.923964,501,712.808184
982.886821,356,713.198491
1003.932873,346,713.575725
1083.998902,404,718.958076
946.308261,325,719.35044
1499.735406,508,720.061649
959.596158,335,720.586061
740.09279,252,720.973947
1508.113279,531,721.721136
1119.605952,391,727.528809
219.709549,126,727.701761
1394.511613,491,728.356778
104.950673,59,728.434054
767.999507,265,728.774164
956.873733,319,729.173842
121.545399,68,729.272619
1307.1415,479,734.855703
772.390891,265,735.172655
1058.276955,367,735.639566
791.072451,282,735.999665
831.294833,288,736.410394
773.904376,298,736.901983
811.329636,284,737.381111
815.436735,291,742.83853
117.104182,66,742.919599
1497.309316,520,743.590749
1004.795607,368,744.058689
1014.374975,333,744.4994
1374.345596,466,745.157223
763.8723,280,750.81554
862.258822,295,751.256424
1384.465534,502,751.940879
1013.452573,361,752.492499
1183.438589,461,752.987526
1052.139347,352,758.487958
921.587229,338,758.991191
901.607654,334,759.504803
1140.652601,423,760.066553
1273.116734,427,760.6734
137.646972,77,760.79377
1733.253083,639,766.439714
1493.2937,520,767.012557
1025.688046,369,767.44321
662.903429,323,767.796205
1034.606253,357,768.190235
1359.167525,510,774.09289
1340.873135,447,774.635408
1084.722276,375,775.164292
959.488948,338,775.590345
983.776428,383,776.009261
1103.879407,391,781.581682
1257.852951,432,782.135873
1321.403453,444,782.707037
1054.566096,417,783.250862
1344.115491,435,783.721202
1733.785207,597,789.90658
1055.474781,349,790.309735
1247.414717,433,790.860264
1284.374647,434,791.328188
1510.190432,515,796.550552
1001.189791,372,796.984435
620.954823,220,797.220912
1058.773949,361,797.60932
1059.125735,361,798.080595
626.265742,226,798.321921
853.333878,293,798.631844
1134.7479,393,804.355217
1199.431949,418,804.802898
1195.628298,410,805.244035
1075.866306,357,805.625466
1154.507605,402,806.053379
842.624715,290,812.188655
1236.607447,419,812.715244
1017.935295,345,813.101381
1247.813366,409,813.538177
1265.758037,421,813.985532
871.257304,300,814.307605
1288.839088,418,820.240145
1641.007925,605,820.909799
797.667601,294,821.217798
1174.253512,421,821.66548
878.191064,353,822.154219
1222.486653,441,827.813509
270.722019,133,827.955535
1257.273642,462,828.542512
1580.478535,510,829.18455
1357.212969,465,829.768511
1248.799977,425,835.519866
265.520355,138,835.703138
989.184898,346,836.112377
1176.573595,419,836.623571
1465.683027,519,837.455512
1331.342566,458,843.01391
1642.510866,527,843.768635
240.096018,134,843.967876
2062.740549,708,845.028646
953.172354,322,845.423742
977.542178,340,850.624097
797.197691,258,850.999667
1023.613483,332,851.484399
234.450697,126,851.673651
1752.532695,575,852.393773
961.058694,331,852.746767
1318.68259,439,858.725316
1506.045054,485,859.439886
1000.496541,339,859.944274
1025.019849,345,860.450614
884.574582,349,860.967921
1241.729616,440,867.147992
948.89475,313,867.603298
809.938853,290,867.997695
935.446527,347,868.481374
2242.644002,744,869.270833
459.388828,215,869.497631
988.135839,334,875.231545
1314.193213,429,875.690227
827.086223,280,875.987387
1711.052004,563,876.586974
1048.092846,356,876.966008
1060.155782,364,882.432668
1368.904764,474,882.972732
144.394496,79,883.05824
909.461707,310,883.393408
902.436479,298,883.714385
1484.088386,500,884.306712
1037.863236,366,889.514858
796.867472,261,889.83759
1273.549479,414,890.368121
1074.832454,364,890.833532
816.237174,283,891.18764
1299.494726,434,891.754848
1018.004581,354,897.008963
1033.92641,366,897.40396
1775.595071,599,898.059338
1444.768968,481,898.688111
712.806748,272,899.064451
976.045422,339,905.291796
954.139747,326,905.663811
910.220048,327,906.019199
1120.479028,390,906.442256
997.042448,338,906.814377
1317.015486,445,913.088233
1030.327686,353,913.54516
988.691482,322,913.954762
1219.758526,414,914.489477
1109.874268,369,914.950146
1063.724942,361,915.404063
1150.110926,404,920.836491
953.716739,354,921.282134
1263.628004,416,921.841533
1082.973344,379,922.402209
838.071081,293,922.776269
959.585696,380,928.776362
1211.0019,427,929.334598
1123.124819,408,929.804971
1204.323917,414,930.339936
1173.789988,411,930.804524
995.284911,327,931.157592
1007.333997,366,935.648257
984.97936,321,935.992894
1162.40036,375,936.395265
1072.533333,372,936.793444
1328.049129,433,937.258486
773.722901,268,942.831902
1052.394606,374,943.260007
1285.535147,423,943.720907
1287.547505,426,944.358249
829.64367,284,944.783365
1230.71105,410,945.30316
1078.609484,363,951.338272
1221.422702,442,951.880537
1282.853544,416,952.413395
1660.759859,529,953.079914
954.288414,326,953.429108
1244.23458,415,959.426557
156.702684,79,959.512977
1070.425255,354,959.897733
1339.869293,432,960.386233
1644.221327,573,961.201927
1272.583347,415,966.893315
1026.754121,329,967.269276
1368.357636,441,967.737836
1288.145168,485,968.256839
1077.240838,343,968.624125
886.450766,305,974.195813
867.522437,296,974.624196
751.984141,257,974.900945
1132.712954,357,975.284824
988.03097,352,975.663718
1325.051302,415,976.106199
682.141607,222,976.341874
1211.416914,397,981.837567
922.57174,314,982.173054
1320.809531,420,982.653651
274.129412,133,982.822014
768.458325,260,983.170619
1269.33944,424,983.707142
825.045855,287,989.634261
1056.712367,355,990.074202
935.562706,315,990.423929
1307.843043,410,990.960023
1024.834071,333,991.392184
1072.867413,346,991.896779
832.093273,274,997.65977
1020.535039,331,998.1588
1541.092128,506,998.807974
706.499585,240,999.066844
1045.914018,337,999.542108
1018.02011,325,1000.115478
1014.887106,349,1006.066942
1041.335209,352,1006.508055
1339.317643,443,1007.085548
1038.926293,352,1007.622159
639.329427,217,1008.013497
242.65731,141,1008.23384
1265.566969,409,1008.673385
1554.168404,591,1014.84345
1284.426044,432,1015.308922
1335.266614,458,1015.807911
809.231753,282,1016.115261
1032.221508,360,1022.066078
1609.689845,517,1022.736004
1336.392574,444,1023.210294
1048.029212,349,1023.619215
1247.265366,433,1024.115102
994.859559,340,1029.535885
1103.326491,356,1030.01746
1337.485483,461,1030.621542
1314.774,419,1031.17362
981.230876,319,1031.599138
730.568016,268,1031.905357
994.557508,360,1037.417638
152.056047,83,1037.524504
1098.414869,348,1037.950084
1115.718333,360,1038.344195
1317.347602,444,1038.828537
848.2753,294,1039.197708
1077.028231,354,1046.099727
1185.029664,364,1046.621456
1109.789975,341,1047.072862
1088.333171,379,1047.64368
1279.23911,440,1048.254201
1038.483832,335,1048.703335
836.805454,297,1055.403019
797.653657,257,1055.796645
766.748754,254,1056.130157
1052.223919,337,1056.527394
1047.468234,348,1056.928285
1358.861499,420,1057.501437
1046.910245,327,1063.175467
1095.661604,351,1063.643332
140.158755,74,1063.724981
807.487157,292,1064.043593
1102.250211,360,1064.516311
1152.561455,369,1065.084034
1602.053522,493,1065.824932
1296.876172,414,1072.398386
1067.90173,367,1072.96256
1334.829554,439,1073.637205
1057.449215,346,1074.165308
1314.298952,446,1074.938253
1061.155487,351,1081.521735
823.377605,284,1082.026716
754.975229,265,1082.458976
1360.849986,414,1083.109616
953.742584,318,1083.564973
1119.141027,440,1084.278133
840.841301,276,1090.858335
1333.591024,432,1091.495933
1069.663372,347,1092.03341
1619.213922,511,1092.699982
1062.742172,354,1093.092008
338.733224,160,1093.269493
1290.302942,431,1099.434524
500.746447,216,1099.763965
2074.976668,698,1100.880264
1097.043675,350,1101.421571
834.400408,274,1101.882136
1333.579961,415,1109.018844
893.142131,306,1109.42415
1270.146244,425,1109.914452
1072.314994,350,1110.294704
1104.816305,357,1110.680944
2006.781791,633,1116.823569
805.737068,280,1117.248513
1413.327427,444,1117.984439
1160.703803,358,1118.528105
1883.545804,589,1119.376893
1063.728344,342,1125.695668
1152.515525,355,1126.225138
512.609855,220,1126.551965
1347.158912,432,1127.077133
1115.077251,355,1127.492424
975.682543,326,1127.844937
559.951189,226,1133.809415
1654.777706,514,1134.498081
1652.393942,503,1135.04903
1385.944096,443,1135.578134
1766.101704,559,1141.788377
1359.007248,460,1142.407333
872.003471,296,1142.797971
1108.652257,391,1143.34631
1375.720687,484,1144.096172
1244.229731,419,1150.182377
1597.098477,531,1150.954322
292.223997,137,1151.142971
1134.535681,361,1151.64367
976.508183,337,1152.140846
1304.144759,417,1152.720658
1086.43513,355,1159.459618
1243.989239,401,1159.94063
1541.219862,483,1160.572934
1125.803161,380,1161.087528
1828.908648,557,1161.991484
898.151834,286,1167.43416
1394.95211,425,1168.001381
2163.169871,660,1168.900281
1609.822227,497,1169.632134
860.440172,274,1175.759076
1394.532963,428,1176.392422
1198.157393,388,1176.864723
1103.96189,368,1177.323378
1000.869879,325,1177.716037
1172.709485,376,1178.125476
2301.92157,711,1184.647461
1253.416328,386,1185.326485
1431.84235,459,1185.977522
1641.022341,508,1186.698316
935.333377,289,1192.639866
1094.137246,348,1193.022177
1140.78237,375,1193.425401
1026.605463,323,1193.776371
1450.461216,456,1194.280448
1668.835789,512,1200.868354
1644.991642,513,1201.615651
1284.468672,445,1202.295982
1126.213864,344,1202.760557
1132.703841,362,1203.2744
1456.872183,445,1210.426059
1362.577062,429,1211.065459
1636.502087,523,1211.824375
1107.6647,354,1212.302626
1044.637578,328,1212.675503
1174.739546,377,1218.909724
1266.823594,394,1219.373754
1098.700177,363,1219.864299
1525.707411,463,1220.615173
857.386659,296,1220.996381
1308.842039,406,1227.421708
1372.0726,425,1228.094797
1336.202744,441,1228.647101
1122.151282,360,1229.033859
1665.192824,527,1229.612281
1142.86904,360,1236.264767
1060.096229,344,1236.663215
669.620564,251,1236.958498
1452.195994,445,1237.564118
1208.890357,382,1238.069165
1090.520299,353,1238.556855
149.602753,77,1238.674093
1337.307192,413,1245.756724
923.098298,288,1246.142818
918.526112,289,1246.56068
2131.804934,665,1247.407276
1662.603352,506,1253.93782
1546.217656,483,1254.667895
1348.606859,424,1255.404335
1828.125594,578,1256.238894
1987.449887,594,1263.221923
2115.656036,647,1264.141716
1045.231667,342,1264.632345
896.888605,276,1265.047213
1125.424047,383,1265.591831
825.748921,275,1265.957661
2214.889358,669,1274.255987
1618.550241,499,1275.049503
773.260832,285,1275.457601
1445.692996,467,1276.182182
1393.222441,436,1283.037232
1043.169311,340,1283.515785
813.593165,293,1283.922137
1280.599741,400,1284.436042
626.062931,226,1284.786485
1322.63789,402,1285.426948
2212.874543,671,1291.873354
1551.513469,477,1292.383795
1357.226542,417,1292.826644
1335.521373,433,1293.286031
1949.48561,594,1299.416048
306.43646,145,1299.644524
1721.120611,549,1300.402991
1236.871909,376,1300.937688
274.886972,136,1301.175799
1225.758816,412,1306.86588
1658.889058,549,1307.618264
1994.237798,608,1308.322319
2811.871869,866,1309.509078
1381.233755,431,1315.731466
1082.844398,362,1316.214882
1092.970301,365,1316.612887
1083.61692,351,1317.036977
1092.323427,344,1317.453079
1466.745947,464,1323.292349
1105.252608,344,1323.714525
128.469319,70,1323.80796
882.347495,271,1324.163574
1601.452601,488,1324.821132
1218.533461,382,1325.31479
1170.54201,365,1330.396206
2008.949008,628,1331.133071
1068.073072,336,1331.510612
806.516656,289,1331.862865
1531.45107,474,1332.403835
2743.326826,833,1338.27264
1242.955957,456,1338.965592
854.373763,289,1339.313861
1345.705579,414,1339.767971
2572.387468,790,1345.825276
722.354342,262,1346.143084
1217.34633,388,1346.702117
1331.286188,419,1347.240093
782.750246,282,1347.540641
1986.608752,655,1353.740492
1374.945192,423,1354.222834
2447.046725,787,1355.234202
3040.662688,961,1362.333826
1914.709664,623,1363.120997
2607.707191,852,1370.017053
2640.09548,818,1371.208829
3062.562284,929,1372.411397
1560.332912,522,1379.344181
2753.249972,832,1380.418922
2841.150708,886,1381.651466
1702.871026,545,1388.220279
2772.243449,827,1389.253845
1732.292981,530,1389.908385
1659.967522,521,1396.962169
1396.263408,483,1397.613006
1559.178465,480,1398.302067
2071.023142,626,1398.996751
1902.540442,604,1404.925075
1688.401714,510,1405.56673
1765.575958,568,1406.272464
971.255475,317,1406.758073
1146.825902,356,1412.842457
1025.097217,323,1413.301322
682.374553,258,1413.650445
1051.853754,325,1414.134824
1023.534433,327,1414.510844
1706.492526,515,1415.159557
1445.607229,440,1420.986136
1187.322042,368,1421.561694
1105.927171,342,1422.059578
654.599559,225,1422.426874
767.576638,254,1422.765449
1850.411911,574,1430.078065
1350.747148,420,1430.758428
819.803283,270,1431.120755
1009.226781,318,1431.631464
1819.002635,551,1432.453041
1695.33256,513,1438.714505
2196.682998,676,1439.710188
2146.28503,652,1440.556512
906.662927,285,1440.868658
1733.207909,518,1447.562863
1390.100505,451,1448.06998
2757.863146,836,1449.135083
2201.070668,667,1455.622545
766.079669,256,1455.962988
1326.971804,393,1456.383325
3215.534444,959,1457.425142
923.768537,281,1457.725658
1137.268875,371,1463.311525
1033.186293,311,1463.652463
1473.991498,455,1464.199778
1901.586593,576,1464.947734
3265.710828,1000,1471.575734
2127.675832,632,1472.577756
1660.385227,501,1473.309131
1356.660329,451,1479.190723
129.624049,71,1479.283765
1496.445513,475,1479.899881
1068.341796,319,1480.351446
1752.443873,544,1481.173896
1880.884185,577,1487.69868
973.915118,308,1488.144467
2834.68448,848,1489.235155
1367.194845,426,1489.772615
1980.504122,624,1496.036992
718.680926,262,1496.424131
3021.374625,930,1497.556443
1694.723201,523,1498.168374
2960.015712,1000,1505.243784
2906.530889,1000,1506.39501
3133.52541,1000,1513.617771
3100.335266,1000,1515.016999
3189.499798,1000,1522.109277
3191.43697,1000,1523.171361
2404.504899,728,1529.439574
1601.670808,477,1529.974135
2257.66256,667,1530.713273
2877.716701,881,1537.224448
557.210169,213,1537.45462
1298.198005,389,1537.930852
2481.078157,747,1538.878362
191.54375,92,1538.998595
1255.038045,377,1544.183514
1754.076714,549,1545.016639
2075.143695,633,1545.899282
1353.098917,410,1546.341466
1405.040652,427,1551.853021
988.779773,312,1552.251355
1668.512157,499,1552.882241
1280.960014,392,1553.447741
1691.290558,508,1554.172787
1365.116693,403,1560.115223
1463.044307,444,1560.606839
164.464441,90,1560.704163
1881.995864,582,1561.363258
1095.206109,357,1561.74072
1098.521201,330,1562.09125
1484.126241,452,1567.756835
1917.205057,578,1568.495671
1056.732021,316,1568.892276
184.926535,89,1569.00374
677.27095,259,1569.325524
1059.980585,323,1569.742337
2217.899788,638,1575.606344
609.544631,215,1575.842988
1476.372833,438,1576.387228
1949.507368,583,1577.085538
1394.965105,436,1582.866802
1000.919615,306,1583.209538
2007.496316,617,1584.075752
628.345474,227,1584.41464
1704.832368,521,1585.142467
1735.822783,542,1592.116784
1448.287371,476,1592.752168
1811.53041,563,1593.459101
1899.237447,573,1594.309968
2523.389972,759,1600.823632
1250.459382,383,1601.350807
1720.678393,519,1602.069896
1175.671754,369,1602.534307
2173.425751,666,1609.37117
1268.664453,391,1609.951894
2424.054639,742,1610.752791
3314.299202,1000,1617.340851
1158.38766,420,1617.794935
2515.47942,767,1618.757162
541.367417,215,1619.027922
2965.428333,885,1625.673815
3293.905404,1000,1626.902141
2791.64675,844,1633.605058
2028.392645,641,1634.60026
3310.981292,1000,1641.768734
160.97396,88,1641.864259
3093.34022,1000,1643.157101
3033.043052,907,1650.277004
912.334705,289,1650.652712
3330.686527,1000,1651.760046
526.313379,214,1652.028313
877.872213,278,1652.374847
193.394688,94,1658.781632
3111.309639,1000,1659.982525
3182.184786,1000,1661.250993
3101.192611,1000,1668.059847
2167.570411,731,1668.938038
1281.902999,446,1675.293852
636.682267,227,1675.605931
630.209927,233,1675.900701
467.786925,183,1676.096717
3190.619033,1000,1677.365103
3325.681955,1000,1684.963367
537.14416,215,1685.243643
621.510281,223,1685.535327
3233.772975,1000,1692.466267
3175.623267,1000,1693.588249
634.666975,234,1693.860588
3206.058426,1000,1700.284254
2618.08489,800,1701.206524
616.879937,235,1701.491639
1141.958203,367,1701.982399
3009.491433,900,1708.552327
1466.142087,448,1709.028723
3245.27084,1000,1710.170534
1044.416814,320,1715.939309
1286.81454,411,1716.494091
332.625028,160,1716.70101
672.622076,249,1717.024939
2180.078777,643,1717.842007
2640.750459,807,1723.805185
1170.922318,370,1724.237644
645.466582,230,1724.529392
1646.018505,500,1725.109236
634.02858,232,1725.362476
665.913024,231,1730.775732
627.796632,221,1731.074254
1244.661243,386,1731.570482
1664.786716,504,1732.177463
2393.92657,702,1733.028082
1701.55699,516,1739.376784
952.036273,310,1739.841912
2180.588845,654,1740.698679
768.085062,269,1741.036096
1912.224073,568,1747.083863
1939.878268,579,1747.864325
1821.227523,562,1748.572912
3186.685926,1000,1755.278121
2289.241267,674,1756.149223
3378.505428,1000,1757.498167
3228.725037,1000,1764.16927
955.144917,335,1764.604821
1125.296098,358,1765.051702
902.03402,327,1765.463123
1536.955454,452,1771.223835
1117.548988,339,1771.643004
2171.666378,636,1772.505983
2789.665916,819,1773.612888
1849.966944,552,1779.751694
2481.350812,797,1780.936503
3248.258377,973,1787.409423
1131.758204,343,1787.779843
3013.314212,883,1788.751815
3341.212656,1000,1795.442067
3279.861563,1000,1796.561144
1894.762604,572,1797.180055
1863.796668,544,1803.419828
1136.128755,355,1803.962942
154.498157,79,1804.04889
143.203448,75,1804.130077
2556.6831,763,1804.949269
144.818907,76,1805.030203
1785.863021,521,1811.109679
2372.981743,703,1812.202783
2794.827471,838,1813.138534
1918.82392,576,1819.769139
1935.46594,580,1820.628931
3311.037851,1000,1822.109836
2919.45132,849,1828.167601
1107.690422,446,1828.648438
1865.611812,593,1829.286931
1307.946278,409,1835.194679
1273.350247,380,1835.770652
3048.359972,912,1836.921485
930.397348,346,1837.331065
3096.657992,1000,1844.159038
2641.123177,1000,1845.572275
2919.756092,1000,1852.415798
3040.570024,897,1853.562826
1625.67768,489,1859.173764
2691.434525,908,1860.275186
672.6862,257,1860.577669
3055.684301,1000,1866.227786
2096.897833,697,1867.022275
1604.867796,495,1867.613683
472.884815,196,1867.824889
838.044884,285,1868.128853
1381.627053,426,1873.70549
1276.796802,412,1874.318066
2143.251874,632,1875.092962
2669.601242,799,1875.955612
3179.132735,1000,1881.765887
3110.981685,1000,1882.82694
3242.866585,1000,1889.028247
2241.338553,684,1889.753006
2554.81113,781,1896.283976
1323.655376,420,1896.77859
1315.575912,398,1897.281577
1544.424705,470,1897.872648
3145.03948,944,1903.941952
2492.235105,737,1904.89918
1531.179971,463,1905.48658
132.068117,71,1905.573771
1639.36579,492,1911.417453
2139.131865,635,1912.218335
3030.388104,896,1913.336461
1502.777788,457,1919.362459
3351.368077,1000,1920.560781
156.874161,80,1920.646687
1164.764541,355,1921.027622
1928.757487,571,1927.422562
2664.58055,791,1928.588257
985.349764,346,1929.041744
1912.802418,561,1929.765141
2742.384116,803,1936.115421
2192.146628,658,1936.936975
780.679551,274,1937.278596
2237.492682,668,1944.255344
2636.376252,778,1945.308986
1176.039148,368,1945.858027
1200.491211,378,1946.328895
1939.982542,592,1953.045531
2003.771872,607,1954.056594
3303.459026,1000,1955.471689
936.98788,300,1962.241123
2482.878046,732,1963.18844
936.737581,289,1963.561446
1173.572343,348,1964.024685
1144.329113,357,1964.483795
966.12674,303,1970.386458
1191.225221,366,1970.872439
1936.100616,573,1971.499967
968.559404,309,1971.835658
1969.815261,605,1972.581585
2167.294963,648,1978.721237
1795.18422,544,1979.346112
1159.905073,370,1979.739012
765.242765,277,1980.029737
1667.469949,504,1985.982785
706.87547,241,1986.259025
652.434773,231,1986.548967
1525.807839,458,1987.058058
931.020704,297,1987.378538
3171.307118,948,1993.506113
3041.016988,902,1994.510295
2688.86239,780,1995.341467
849.355672,273,2001.387158
969.461738,297,2001.802674
3293.730163,1000,2003.141763
2976.11516,892,2008.834995
2107.128908,615,2009.611374
1567.618164,495,2010.36031
2332.83619,700,2017.680076
2753.591202,814,2018.717537
3016.624529,894,2019.678642
2703.343328,790,2025.765935
2238.109745,670,2026.620534
1405.141002,429,2027.071845
1811.037665,543,2033.134539
1344.415874,406,2033.652847
1863.630933,570,2034.26866
2115.376968,621,2034.936642
2302.09956,682,2041.074039
2926.143058,862,2042.003707
2103.397633,616,2042.802387
2349.355017,689,2048.873111
3332.584911,1000,2050.115355
1051.463133,325,2050.509388
3333.17352,1000,2056.788805
2159.521859,667,2057.626213
2275.696414,684,2063.350726
3283.448167,1000,2064.700497
738.869239,274,2065.051474
3330.058723,1000,2070.97905
1050.308668,314,2071.316313
3302.321752,1000,2072.52557
3256.612672,978,2078.96384
1107.835331,332,2079.38077
1906.945211,576,2080.245347
2679.447209,786,2086.813969
3096.639478,937,2087.891567
2271.73055,669,2088.659523
3394.826732,1000,2094.990508
1054.262647,326,2095.366506
1178.346418,358,2095.853641
1971.072936,582,2096.641395
530.02735,216,2102.22882
1923.997175,575,2102.981792
1800.529389,526,2103.549237
1029.022211,314,2103.8861
1662.875624,496,2109.382225
646.326537,229,2109.654625
1409.430132,436,2110.127443
1393.933307,420,2110.583188
1076.05254,330,2110.946673
989.975364,298,2111.262355
923.255553,284,2111.562938
2410.42922,696,2117.470477
1070.209341,322,2117.815346
1086.068818,338,2118.173687
1807.006169,542,2118.776999
1622.930446,478,2124.465352
1150.022155,357,2124.884715
1645.16364,494,2125.426902
1143.924092,349,2125.835659
1607.486994,478,2126.534538
1131.342865,346,2131.923435
1225.425872,369,2132.410587
1436.42029,435,2132.980329
1288.740478,390,2133.459786
2423.847266,714,2139.623914
1532.009449,464,2140.305056
1528.829248,469,2140.809016
1589.161636,475,2141.319863
3372.333229,1000,2147.526277
683.786177,244,2147.79137
2298.092935,673,2148.520166
139.483301,73,2148.599395
3118.451891,898,2154.582711
3298.462146,1000,2155.646948
3172.002773,1000,2161.881846
2721.416892,806,2162.752123
2266.853159,664,2163.462801
1480.040544,441,2169.137125
1508.956756,471,2169.640493
1751.839259,532,2170.215655
1500.565318,468,2170.722158
1192.687947,363,2171.114702
1852.467872,553,2177.067576
1745.153265,523,2177.773329
1291.370057,403,2178.378411
660.451483,234,2178.719965
1526.973471,458,2184.281326
1216.568726,368,2184.694498
1689.633624,517,2185.37419
2729.68778,836,2186.43546
1201.412798,363,2192.967066
3271.725193,1000,2194.320027
1320.80082,426,2194.769404
1276.830585,384,2195.238058
1109.732306,359,2200.379249
495.726309,195,2200.590364
1522.384964,454,2201.103291
3249.416979,974,2202.448687
1230.31464,387,2208.341443
2277.118855,669,2209.216741
3275.870232,1000,2210.369661
1377.639126,425,2216.390109
1913.36835,591,2217.27942
1548.463779,473,2217.955179
3288.11852,963,2225.511893
2343.297369,695,2226.420681
707.824514,248,2226.690361
3320.69437,1000,2233.758283
1362.273462,405,2234.344581
3236.081301,1000,2235.456416
3380.606934,988,2242.025839
946.773686,290,2242.343693
1809.572014,535,2243.020158
2797.034617,822,2249.127755
3313.708403,1000,2250.399862
3299.130896,1000,2251.670494
3092.66424,906,2258.423378
1663.915593,499,2258.963788
1753.762697,513,2259.533903
136.360072,72,2259.612187
2285.198931,675,2265.765617
1538.611979,480,2266.384926
1744.49668,516,2266.993132
3192.000452,941,2273.244408
1493.300735,472,2273.749703
3211.141695,1000,2274.829032
1846.328125,557,2280.621384
1601.981705,487,2281.145197
2718.359383,795,2282.040976
3027.081862,905,2288.211517
3400.352804,1000,2289.586265
1387.988477,415,2290.108665
3240.204086,1000,2296.534002
2012.520709,597,2297.179332
2038.035299,594,2303.265497
3170.292614,1000,2304.640096
3270.561482,1000,2310.688684
3317.849941,1000,2312.481398
1871.283082,586,2313.131158
2163.812771,638,2319.398261
3323.350579,1000,2321.266565
2573.421534,780,2322.522603
1220.764868,371,2327.699879
1931.872976,581,2328.341962
2244.112394,658,2329.083668
1347.982743,404,2329.6291
1650.337612,497,2335.182866
1140.509351,350,2335.596107
1233.077111,368,2336.063399
1331.955171,392,2336.487788
3261.086658,1000,2343.080839
1517.026718,462,2343.684494
1413.938488,419,2344.195883
3403.873743,1000,2350.406843
3275.166689,1000,2351.620246
2216.614185,651,2352.355041
1423.077608,443,2357.595782
2051.277345,608,2358.248874
2988.319016,877,2359.456614
1243.733752,379,2365.675107
1893.668331,567,2366.432903
2855.586085,843,2367.599951
1643.236768,485,2373.576554
2143.134587,642,2374.528504
2345.411035,688,2375.419415
1438.354516,449,2375.996098
2428.958851,717,2382.652834
1873.478222,554,2383.279161
3298.988624,1000,2390.064014
3274.007914,953,2391.108138
2154.360186,643,2391.917094
1851.30534,559,2397.349674
1138.632556,345,2397.717505
931.493932,283,2398.02036
1581.502544,473,2398.52205
1671.157743,506,2399.060977
1664.961514,487,2404.823332
144.544746,75,2404.93493
130.140318,70,2405.038451
1369.526886,408,2405.497858
137.365333,72,2405.575686
3351.488226,1000,2406.680243
1268.229615,379,2412.028187
932.095677,297,2412.461979
1240.330107,394,2413.023556
2490.462891,724,2413.933799
3354.544376,1000,2420.186573
3152.303686,917,2421.423933
1660.113718,495,2421.962467
3336.289056,1000,2428.635115
1585.997991,495,2429.299878
1474.215408,447,2429.796776
2808.974543,825,2435.992114
1472.697051,433,2436.501705
2520.233351,741,2437.403273
2648.606438,788,2443.31384
1632.520066,485,2443.860626
3289.503286,1000,2444.955176
2522.121081,741,2450.925092
2328.678519,680,2451.679841
1041.950562,332,2452.042844
2538.018837,763,2458.302965
3372.859084,1000,2459.651769
1917.554961,580,2460.312499
2082.713582,625,2466.316765
1432.149543,435,2466.839981
3252.374736,1000,2468.081464
3303.376772,1000,2474.465174
1696.877498,504,2475.046336
1415.931342,419,2475.58381
3301.371484,1000,2482.186284
2034.343838,599,2482.84456
3089.052297,902,2489.522829
1945.838317,582,2490.260963
3249.536488,958,2491.502885
1501.276717,459,2497.689166
1274.808827,382,2498.128437
2203.18091,643,2498.916999
1934.75592,584,2499.545616
3328.125149,1000,2505.843467
1508.308451,456,2506.340697
1213.322127,362,2506.885597
1444.269094,432,2507.519882
952.912788,294,2513.188064
1558.013391,460,2513.682966
1243.594027,379,2514.170547
1216.746997,376,2514.693665
1550.944238,462,2515.258914
1689.098391,496,2520.62724
1272.072085,382,2521.081993
1265.42444,376,2521.485773
1477.892472,434,2521.953693
1369.593543,409,2522.4165
2542.028478,742,2528.852125
1170.955949,352,2529.22701
1430.277047,426,2529.683879
1207.759445,365,2530.073185
2553.418476,754,2536.027856
613.082087,210,2536.297883
912.691118,277,2536.596665
1117.891688,336,2536.956923
1269.738559,385,2537.422553
1423.508024,423,2542.99332
152.906562,78,2543.092923
2154.019749,626,2543.945452
1367.152194,410,2544.533119
3388.202847,969,2551.159435
1163.391927,347,2551.756678
1435.5074,427,2552.277427
2505.448173,741,2553.330215
