#{"t_start": 1533097151.7100122, "env_id": "Hopper-v2"}
r,l,t
5.375189,8,0.070625
8.356037,10,0.098598
17.815074,17,0.135023
7.917978,11,0.164478
7.382474,11,0.194349
3.768011,29,0.264902
7.637209,11,0.295789
7.916774,22,0.356477
7.056817,12,0.387867
21.40861,21,0.431488
7.675442,12,0.463166
15.855672,16,0.516566
5.778843,11,0.547053
11.893634,15,0.583262
7.729958,11,0.613662
9.766316,19,0.654217
11.012871,19,0.719516
12.444233,15,0.748519
12.642514,19,0.804699
9.073251,12,0.836709
6.922718,13,0.867813
12.637388,16,0.904806
4.638005,8,0.931846
4.69812,17,0.9703
6.077925,9,0.982261
6.852911,10,0.996364
7.84796,15,1.015154
17.657741,26,1.060486
6.648428,15,1.10389
12.97838,14,1.121534
13.45367,14,1.140323
18.208622,27,1.187404
8.629748,11,1.218389
4.066816,15,1.242098
14.581523,17,1.263712
11.821441,29,1.312646
7.04504,27,1.364586
4.943038,8,1.390944
11.21532,17,1.441323
5.357841,10,1.470534
11.850713,17,1.492072
15.733512,28,1.560464
3.796541,17,1.582728
21.936997,29,1.636465
6.847215,11,1.66674
6.837076,9,1.690908
8.18751,15,1.730267
11.049046,15,1.774141
6.142642,13,1.806836
7.441173,25,1.839025
10.372289,22,1.867587
13.447328,17,1.922453
14.949876,31,1.993199
7.472463,20,2.057847
14.276479,31,2.131187
4.856308,25,2.203842
4.629396,19,2.244918
4.825083,21,2.312326
8.962073,13,2.345841
10.084347,13,2.378864
20.466802,21,2.424438
5.447951,9,2.456064
9.339082,22,2.501375
16.837482,18,2.555798
12.162054,25,2.621043
11.324243,14,2.654991
5.887415,25,2.720303
11.756389,15,2.755505
4.520506,9,2.788104
6.121724,10,2.816719
8.125808,12,2.844666
9.300098,25,2.905615
7.820481,11,2.936314
5.579772,15,2.972423
6.44563,11,3.003201
5.616457,11,3.03396
6.976716,17,3.086606
11.511481,14,3.121349
11.313651,19,3.178795
11.055232,20,3.221227
10.030317,16,3.273912
3.943363,10,3.28725
10.844133,27,3.371665
11.391785,16,3.409079
19.304525,18,3.447913
11.268969,22,3.504484
11.860829,21,3.563747
7.005037,9,3.587313
10.050016,14,3.62186
11.496315,22,3.679079
8.14802,15,3.727692
5.549971,22,3.772027
8.371032,12,3.804143
12.324851,32,3.877365
17.884195,23,3.923515
7.843241,20,3.950013
10.585842,20,3.975433
5.729874,11,4.014097
10.971248,23,4.076017
10.310395,14,4.098283
7.790263,13,4.131263
19.636336,26,4.197068
5.338947,11,4.226431
6.33813,11,4.257036
5.538514,26,4.340172
17.03152,17,4.378619
31.620571,35,4.465114
38.233787,31,4.537791
9.38817,14,4.571949
5.230314,12,4.603338
20.689681,26,4.685235
13.719357,25,4.73074
9.897609,20,4.757595
6.465126,12,4.772867
16.031692,22,4.812407
8.465778,14,4.83073
8.250751,15,4.849188
5.220404,11,4.863842
6.594179,11,10.860423
15.259341,27,10.944273
9.003085,16,10.995286
10.314034,20,11.05666
13.461542,28,11.136393
7.495399,17,11.178846
6.900048,11,11.210998
6.16771,11,11.243007
8.271812,12,11.29416
5.804982,9,11.307958
13.79795,20,11.373439
9.817265,19,11.431849
11.902851,15,11.471697
9.766548,16,11.523445
6.432441,9,11.561832
11.262719,20,11.616899
7.594883,29,11.696098
11.786715,24,11.763343
10.251708,12,11.813609
5.349476,10,11.846201
18.311834,19,11.889922
6.47312,11,11.922685
10.748769,23,11.987514
10.800028,16,12.01114
9.249466,13,12.029854
7.17588,13,12.051097
15.220346,31,12.119274
5.985944,27,12.183027
12.936242,36,12.285338
8.957727,12,12.302936
10.423288,15,12.364085
8.684078,14,12.401037
18.583329,21,12.462916
7.409708,15,12.505924
18.822159,24,12.58324
11.126677,17,12.608856
8.668665,15,12.654777
41.738815,36,12.746621
18.113718,30,12.823038
7.702585,12,12.840025
6.398754,33,12.890678
7.622245,14,12.909693
14.499353,19,12.971071
7.383186,12,13.004382
18.876603,19,13.047421
7.273332,12,13.080289
25.744767,22,13.113734
11.730254,18,13.13975
7.907407,14,13.159867
3.361699,8,13.173409
13.139976,21,13.256803
5.142523,9,13.27127
6.215447,16,13.311859
9.508448,21,13.379328
10.024929,15,13.43056
6.395127,25,13.502947
33.421198,41,13.629774
19.237706,21,13.688386
24.361306,25,13.75769
18.391406,33,13.852923
5.697169,14,13.898465
5.893894,10,13.916776
13.669416,27,13.972254
28.396043,32,14.051613
6.024338,10,14.082116
39.190097,34,14.18169
7.482872,11,14.213456
16.704574,17,14.27113
10.868392,13,14.305396
5.114533,14,14.333097
33.021258,35,14.422673
12.208586,23,14.497198
28.356059,26,14.55166
16.796404,46,14.717535
6.272874,10,14.749213
37.860767,31,14.841564
9.40337,14,14.879216
21.36139,20,14.940835
6.444761,12,14.974368
11.083427,14,14.994461
13.881268,14,15.016137
14.559795,15,15.038963
15.244048,26,15.076209
2.212195,15,15.114816
8.335268,31,15.212702
11.165446,14,15.250255
10.254664,23,15.28379
12.150889,15,15.338276
18.276111,19,15.371646
14.195936,24,15.474552
11.614342,13,15.491886
19.208886,26,15.578883
27.287489,29,15.635693
10.31546,13,15.65594
6.764062,13,15.674279
8.892684,24,15.734014
7.255534,15,15.788262
8.58245,13,15.823349
11.333003,18,15.865882
7.056827,13,15.883382
11.318326,17,15.908797
22.140887,27,15.946949
26.950666,28,15.986811
12.554604,17,16.040402
9.981593,11,16.07187
4.707138,8,16.099062
11.652065,17,16.139085
8.709831,12,21.886803
10.352257,18,21.931747
21.651844,23,21.994477
25.132943,32,22.082289
11.775673,14,22.113054
30.427908,33,22.193408
3.479,17,22.248142
7.508864,18,22.2888
5.600387,8,22.315637
8.477241,16,22.352899
9.475278,12,22.385219
10.219555,20,22.428693
7.663634,11,22.459478
56.560261,55,22.606593
9.934965,14,22.641843
4.572604,15,22.677473
9.424441,16,22.731367
8.913808,14,22.766841
9.443979,17,22.807076
6.398636,13,22.841619
15.282624,21,22.907046
21.153102,19,22.956233
4.967997,19,23.019367
5.427431,10,23.049569
7.466386,13,23.067481
6.950428,23,23.099735
11.094949,26,23.134344
3.685856,21,23.165022
5.53847,11,23.180723
7.636641,12,23.221696
10.221829,22,23.280886
12.23516,18,23.331136
29.586936,34,23.487713
55.992745,38,23.548632
9.278437,24,23.616489
18.943087,19,23.665447
34.009426,24,23.730568
8.833743,14,23.782582
8.719236,13,23.829869
10.509682,14,23.865544
36.450206,32,23.925879
6.844246,11,23.940719
33.179281,27,23.979215
6.174676,12,23.996909
5.884341,12,24.035013
50.713041,34,24.139478
7.451785,17,24.203475
25.586798,24,24.271808
3.267671,26,24.360512
19.212245,20,24.440474
2.868814,28,24.528682
11.183422,16,24.568265
14.183381,17,24.627598
13.094445,24,24.697317
9.599705,12,24.732506
19.415725,26,24.770598
10.201008,19,24.798595
25.964578,47,24.890396
6.943336,11,24.923665
4.747033,7,24.934283
19.337332,28,25.011039
35.877902,35,25.10594
36.421476,34,25.220924
11.556645,38,25.323499
10.344293,13,25.358903
6.824443,34,25.45817
44.632567,38,25.536619
25.681222,21,25.593432
11.299091,15,25.636276
14.156051,16,25.674919
9.775579,12,25.718358
36.669272,30,25.793903
8.112529,11,25.823642
8.108503,20,25.879811
7.698084,11,25.911926
9.371954,19,25.973006
35.841579,44,26.094957
11.596518,13,26.134481
17.765425,23,26.200545
29.646489,32,26.326854
7.117265,13,26.353134
11.613014,15,26.385948
14.373029,14,26.441041
27.012383,25,26.512061
13.639091,19,26.567819
8.056412,16,26.611122
9.488757,22,26.687731
8.201388,16,26.737779
22.696792,20,26.80055
13.843407,20,26.857687
14.373123,15,26.89318
3.818278,10,26.915699
7.483579,34,27.061168
10.996422,27,27.141769
31.880672,29,27.232143
12.169992,14,27.269042
10.789423,15,27.297538
9.680552,21,27.335079
22.986862,29,27.386003
8.253146,14,33.430068
25.606409,32,33.504107
40.470751,37,33.616367
57.223462,47,33.725425
18.548591,26,33.791423
23.741735,21,33.876375
21.258471,29,33.98423
27.628841,23,34.050012
20.11385,19,34.10325
15.073322,15,34.138818
26.846714,30,34.226827
20.434341,19,34.267451
22.059464,19,34.308146
31.712133,34,34.400791
20.02453,23,34.474938
4.091825,11,34.505502
13.84842,20,34.546724
18.75932,21,34.606515
21.535842,22,34.667613
18.654066,27,34.734933
20.615586,27,34.802377
13.120029,29,34.883937
26.045684,22,34.927766
39.500738,42,35.041095
4.150437,7,35.064945
12.949299,17,35.099783
14.70322,20,35.162684
24.700464,38,35.247678
8.425925,13,35.285
19.532409,26,35.358704
63.528067,67,35.554686
14.033873,15,35.590734
55.604621,50,35.697668
22.561345,24,35.739539
7.566586,30,35.785203
19.481132,19,35.842871
17.915017,27,35.910599
24.83354,27,35.991946
77.706966,46,36.049969
29.406344,27,36.085964
17.319545,27,36.140095
33.055432,43,36.25638
20.964262,18,36.279773
14.753767,15,36.29949
43.153412,39,36.350608
34.594982,32,36.423454
26.939522,22,36.484368
23.043953,19,36.541234
16.981439,20,36.59904
90.158523,51,36.728895
42.605935,42,36.800327
29.384025,27,36.862069
4.75401,17,36.913127
33.187656,27,36.980187
13.529938,18,37.036291
32.181933,36,37.115274
9.072416,10,37.144273
16.96543,17,37.186845
69.938054,49,37.315158
39.137238,42,37.418024
41.49932,40,37.518873
32.228902,24,37.585572
45.532775,39,37.635681
92.064716,55,37.72207
15.838093,21,37.764817
20.013716,27,37.835102
18.481298,24,37.895993
11.244236,17,37.940289
31.837297,25,37.996346
57.331848,39,38.096641
46.023148,32,38.175217
29.34495,29,38.25745
6.158384,27,38.334234
10.022432,13,38.367903
67.756779,42,45.036804
51.471169,46,45.162501
26.216945,22,45.25635
83.673632,49,45.390967
38.835932,38,45.50415
28.605709,23,45.565311
36.894673,30,45.656062
30.27547,27,45.735458
119.137079,64,45.910906
77.303982,47,46.04279
44.775974,30,46.107953
10.922338,16,46.146647
109.158895,64,46.331583
40.520318,42,46.43203
38.916219,27,46.501625
120.319086,64,46.607645
19.140313,21,46.638374
23.290441,29,46.723633
6.904817,12,46.748716
77.055239,45,46.869059
18.037671,26,46.925709
20.501595,37,47.004296
136.526284,71,47.149563
73.373872,51,47.268069
36.914993,36,47.365822
74.086591,45,47.427829
89.462401,57,47.561659
36.593391,28,47.631469
22.755705,19,47.671623
85.480399,58,47.770235
87.235168,50,47.836597
6.494139,9,47.849342
32.827081,49,47.93106
36.508626,47,47.993496
27.399837,22,48.054919
49.876316,42,48.126569
15.266555,21,48.154754
59.006887,43,48.23861
27.181382,31,48.322247
17.90334,24,48.385864
36.699486,30,48.45826
7.302831,12,48.491137
33.915002,26,48.570505
12.587026,16,48.606429
32.60497,31,48.687101
22.75243,21,48.762954
64.238043,43,48.873822
47.949815,50,49.002255
49.495963,39,49.100864
45.414515,32,49.173016
196.741327,100,49.419035
56.355816,52,49.564826
14.25115,23,49.611565
44.938336,37,49.717424
186.76905,101,56.26975
13.120302,29,56.311531
62.383244,67,56.50233
65.557272,41,56.633812
75.309742,45,56.746141
114.989103,60,56.920216
24.027878,22,57.002799
36.595494,31,57.068744
107.262709,72,57.20612
35.666937,37,57.293551
22.201702,45,57.392083
11.647548,13,57.436212
48.564963,34,57.549969
33.634196,30,57.608229
22.6942,37,57.670715
16.599524,21,57.722605
167.342379,90,57.968575
71.63987,52,58.107876
84.987118,55,58.273002
10.027079,21,58.31942
15.561956,21,58.391151
67.540179,43,58.502429
121.956725,65,58.67937
54.940722,37,58.792428
63.822074,46,58.922872
121.334397,64,59.117694
42.689334,31,59.193654
75.057996,45,59.318676
11.189564,14,59.355757
27.05176,26,59.407676
108.653103,63,59.526386
30.338816,39,59.638701
22.034088,32,59.746033
17.212713,26,59.813704
77.099679,50,59.914932
135.937107,75,60.16416
21.3187,22,60.229882
12.152253,20,60.290785
45.793417,33,60.393113
42.957754,30,60.469747
91.507438,53,60.633128
51.476972,34,60.74267
56.05265,36,60.838597
113.479703,65,60.957592
31.036192,32,61.007785
8.51119,16,61.04258
44.587404,41,61.122452
71.387901,46,61.203642
18.261263,22,61.269081
96.010012,52,61.432285
52.578986,35,67.272102
171.381144,81,67.487894
65.272489,45,67.589773
116.133852,65,67.724619
61.766474,39,67.787906
28.334451,23,67.847832
77.423838,48,67.94175
13.391963,18,67.965444
14.665707,15,68.00825
99.05765,77,68.184282
108.632524,71,68.409198
198.455601,91,68.657621
65.588362,41,68.737236
139.41027,70,68.898622
52.416474,36,69.000667
61.543555,39,69.094573
52.150144,36,69.193536
127.771205,68,69.36762
197.819702,89,69.611886
190.29687,93,69.869074
53.490945,32,69.955299
74.224997,67,70.124486
25.972248,29,70.20971
39.742408,31,70.294868
104.397816,60,70.44143
136.896663,80,70.630222
31.016372,27,70.699184
86.497865,50,70.846111
53.658158,32,70.941958
71.231708,44,71.022284
52.282205,39,71.105323
4.104946,9,71.123241
92.673134,56,71.284461
203.748548,97,71.537945
161.601963,95,71.738956
41.779603,28,71.815904
12.196971,28,71.865004
164.152873,78,72.003267
70.088363,41,72.130526
33.682989,25,72.183233
153.274558,92,78.896796
174.818438,92,79.147163
161.114072,75,79.290452
110.921211,62,79.371109
108.612536,59,79.451241
66.440994,38,79.546457
84.910278,66,79.647869
62.972672,41,79.716203
35.348365,25,79.749294
51.365616,31,79.789984
47.894291,29,79.866362
154.186173,75,80.061734
33.316587,29,80.140626
180.101966,83,80.307183
160.563041,80,80.409708
4.698436,21,80.437298
57.635033,35,80.499302
68.736245,41,80.566613
53.003368,30,80.623477
28.426492,38,80.673622
183.72575,84,80.874353
129.291107,95,81.019068
67.636195,50,81.170416
108.947358,59,81.305794
63.364214,37,81.404799
6.356731,11,81.431396
81.861566,45,81.541378
208.9646,102,81.705263
173.441894,80,81.901425
50.071441,34,81.980942
11.936734,34,82.071579
74.75732,43,82.188923
187.025629,84,82.431771
200.682098,90,82.644551
112.616316,72,82.784097
163.037771,95,82.985304
116.760601,65,89.461772
161.345084,84,89.683342
182.760198,90,89.913764
10.158372,19,89.978456
57.806737,36,90.071737
192.552299,86,90.26017
199.931018,90,90.47646
100.760505,59,90.630923
174.961341,85,90.885045
109.629831,69,91.037255
49.336514,32,91.091431
178.776455,89,91.27107
95.235465,54,91.394418
137.870339,73,91.563832
114.503201,64,91.753617
68.702096,42,91.886138
118.137777,63,92.073715
116.593639,63,92.235764
197.274949,97,92.519038
117.00725,61,92.691974
55.341896,36,92.792827
15.261365,26,92.880408
139.430587,73,93.068384
103.71517,57,93.221973
97.892697,56,93.360391
128.942186,67,93.469649
171.078784,105,93.82011
30.590525,29,93.922201
133.230214,67,94.11106
194.729294,86,94.394652
226.98656,113,94.696499
66.578562,40,100.805617
179.46633,84,101.006658
101.236625,58,101.136415
139.106023,70,101.305444
148.455858,71,101.473404
49.865012,30,101.534868
57.46819,40,101.613104
67.643457,56,101.723855
72.124592,44,101.797343
152.9367,75,102.011753
170.076091,79,102.215285
159.67746,77,102.404033
60.684261,36,102.477465
117.487584,63,102.651412
173.786161,82,102.892364
201.435199,100,103.179059
162.204934,81,103.407107
54.478567,32,103.486924
144.484695,71,103.635991
147.556435,72,103.870757
155.383458,74,104.006631
66.106665,38,104.103573
201.734694,92,104.420786
191.783027,90,104.648728
148.197396,71,104.867357
152.311477,77,105.07501
188.053403,100,105.314832
109.431913,80,105.548005
53.190881,32,105.638155
109.779036,59,105.798476
177.154042,87,105.99127
186.245963,97,112.713154
179.296655,84,112.930045
212.969564,95,113.14701
188.245869,85,113.368607
178.498214,85,113.573716
208.239338,93,113.820989
73.251121,63,113.983095
211.087931,93,114.204221
149.513898,75,114.396876
57.67255,34,114.488886
169.042264,84,114.702592
12.840814,15,114.738664
210.575784,92,114.875932
239.701415,128,115.087919
21.480023,27,115.168036
184.934276,91,115.388487
205.89754,90,115.653116
205.414904,100,115.91562
61.731669,37,116.004781
186.6105,86,116.179398
207.641507,99,116.378139
156.36746,75,116.588022
217.996076,96,116.844998
206.183587,95,117.050871
49.487349,30,117.146236
175.22792,83,117.35412
201.988424,93,123.771108
30.7685,30,123.860601
160.13222,77,124.053083
148.43774,75,124.218997
185.857565,91,124.469883
153.709432,85,124.711547
211.008527,105,124.984425
180.356825,86,125.211595
213.074747,122,125.418852
181.042616,89,125.602199
103.143176,55,125.741326
201.264823,89,125.98716
136.255107,68,126.169675
200.151846,95,126.420813
206.088161,108,126.737295
152.186491,76,126.899152
206.390184,92,127.081582
192.061622,91,127.329457
143.569163,74,127.547964
182.907536,90,127.745734
100.380862,54,127.872334
170.330852,79,128.079048
98.804824,54,128.250211
143.026767,73,128.441181
166.251575,80,128.642736
188.467228,88,134.688902
202.106431,89,134.932586
59.717069,36,135.029191
204.387306,98,135.317275
150.869133,74,135.558544
196.828019,87,135.812359
202.410993,93,135.998028
201.347649,98,136.200262
187.952929,89,136.434939
221.154102,114,136.718799
179.26433,87,136.95463
208.501796,93,137.19727
16.592246,43,137.337028
202.569929,97,137.618191
210.941234,96,137.853566
195.002508,88,138.101927
188.420383,86,138.265455
216.122831,102,138.537736
192.234226,88,138.784988
173.565985,87,139.023227
200.762267,89,139.287017
211.10987,93,139.541899
218.014036,106,139.836105
144.246826,73,140.081797
203.215156,93,146.720707
173.38651,86,146.96007
205.12611,90,147.182722
212.169579,106,147.391998
212.400985,95,147.607464
219.104628,111,147.858237
207.095241,95,148.111831
204.580434,96,148.333475
200.134941,95,148.586895
188.470964,93,148.842975
208.155095,92,149.111653
61.835861,37,149.224576
207.628358,94,149.495753
189.357135,87,149.738986
208.956396,94,149.909305
211.704886,94,150.161064
200.049006,99,150.350209
192.361859,85,150.519132
201.943856,89,150.645678
200.522451,90,150.845693
188.889695,86,151.049912
206.63191,100,151.320647
187.877422,90,157.861766
63.943314,39,157.969949
208.848082,93,158.19588
184.263989,85,158.423139
206.730855,92,158.58907
174.252678,83,158.732436
183.877796,85,158.886318
207.436695,91,159.129663
216.836311,100,159.397691
16.056264,19,159.438393
201.780028,89,159.680774
206.506667,92,159.932692
200.272584,90,160.095322
210.636181,94,160.345668
218.679759,96,160.598112
196.446537,88,160.828227
67.802772,39,160.934621
206.596043,95,161.186334
163.330294,78,161.318721
97.049095,54,161.436394
171.340664,80,161.67035
213.256937,95,161.92384
186.39192,84,162.102832
190.110911,85,162.298453
214.442447,95,162.54709
207.975618,94,169.16471
212.963168,94,169.462017
199.558365,90,169.7978
196.165451,87,170.030948
208.027269,105,170.260554
193.860387,89,170.504268
111.882714,60,170.681463
213.361444,94,170.915106
195.701118,89,171.096138
62.391748,38,171.202804
205.966029,92,171.459752
214.039639,94,171.635619
199.023536,89,171.78197
192.501204,95,172.031422
204.590243,91,172.244847
213.50357,94,172.479856
192.55792,87,172.693249
179.423073,82,172.903915
207.140476,91,173.197842
222.704366,102,173.407221
210.478516,94,173.612919
185.091109,87,173.754963
206.551082,91,173.93262
209.631865,93,180.745165
212.675654,94,180.981975
184.481088,93,181.145765
216.533192,95,181.38318
218.452712,96,181.655215
195.524152,88,181.858723
211.357293,92,182.048029
181.075662,81,182.239681
70.75573,40,182.344013
209.604878,94,182.535677
80.264769,46,182.634767
213.064236,94,182.770984
212.716563,94,182.999842
218.550185,95,183.239592
205.087356,91,183.469064
207.649985,91,183.73226
207.1714,90,183.93681
204.445913,93,184.144912
217.945339,96,184.363624
197.674697,96,184.557115
207.531215,92,184.753338
209.304777,93,184.970019
164.151526,77,185.078002
214.134973,95,185.269133
213.593883,98,191.867547
198.296827,88,192.098669
183.929184,90,192.309758
205.955219,91,192.556269
190.477815,85,192.77924
211.316724,94,193.024639
190.365403,86,193.248158
215.117716,103,193.521245
195.286043,88,193.755416
191.563964,91,193.983258
216.92826,95,194.224975
200.57146,87,194.451725
183.534815,90,194.696432
205.828453,96,194.954906
219.76219,96,195.205001
193.457656,93,195.473596
207.713061,91,195.710988
203.833376,91,195.933735
211.763476,94,196.092418
206.202724,92,196.259052
179.810726,83,196.430682
185.010692,84,196.57816
218.512767,96,202.6789
203.245496,94,202.932095
208.840714,92,203.176077
209.580508,96,203.362281
208.803021,91,203.614023
214.625567,95,203.842384
206.833697,91,204.011652
216.929539,97,204.271255
195.720084,88,204.403605
199.543708,90,204.547914
222.383828,98,204.760293
213.539716,92,204.957819
201.210026,90,205.143005
196.707691,87,205.36814
190.325385,85,205.573851
212.215192,93,205.748732
212.995787,93,205.921075
185.945147,87,206.066937
186.339102,87,206.210184
204.352285,91,206.372518
211.386168,93,206.548785
218.366017,103,206.715436
207.092882,92,213.207993
214.332742,95,213.415892
212.080819,95,213.634128
206.758096,91,213.885012
192.045015,85,214.131173
211.537241,93,214.421016
208.702896,93,214.695792
210.820318,95,214.979095
195.929949,92,215.208377
205.732305,93,215.477169
193.351148,95,215.711181
196.759552,87,215.9592
206.974549,90,216.154947
215.294745,95,216.371111
216.290802,94,216.645956
198.132293,89,216.902446
210.898809,93,217.181922
197.788787,88,217.406528
208.278456,93,217.668361
215.934181,95,217.946774
202.470678,89,218.184213
213.755268,93,218.429709
208.628972,91,218.681821
220.233958,97,224.999566
223.703597,98,225.238348
216.5476,94,225.38213
200.960091,90,225.616295
193.775786,87,225.843592
212.908592,95,226.039665
220.362907,96,226.272632
197.200224,87,226.563788
214.820334,96,226.841644
222.070986,98,227.078298
201.231951,90,227.251572
209.251005,92,227.399769
215.502416,96,227.682418
218.104573,97,227.952641
211.341404,93,228.207454
217.199199,95,228.478729
217.627695,95,228.728433
214.242202,95,228.959914
243.883855,124,229.309336
210.335329,93,229.547729
190.636878,87,229.759601
212.481444,94,236.660586
217.764519,97,236.800822
211.965068,94,237.006149
215.79606,94,237.23881
217.657234,96,237.493948
216.195892,96,237.756304
216.189633,95,237.994054
214.548923,95,238.219223
218.135446,96,238.46945
170.39834,80,238.686347
141.706588,70,238.77554
194.077412,87,238.977055
212.859129,94,239.210038
176.597321,83,239.434374
222.103457,98,239.674183
212.329661,93,239.868766
214.325984,94,240.114706
212.495734,92,240.351777
223.701267,97,240.529483
211.523897,93,240.714176
214.401493,95,240.896767
219.617724,96,241.152626
217.499876,95,247.943243
208.054879,92,248.197156
216.741175,95,248.448242
215.106388,93,248.658028
215.179846,94,248.913691
223.561886,100,249.159461
223.427477,97,249.341689
210.183161,93,249.551768
216.406068,95,249.797324
220.937469,97,250.039343
203.740988,91,250.30051
221.785657,97,250.574522
219.912553,96,250.783205
213.219443,93,250.939894
217.150347,95,251.19311
220.590523,97,251.46573
214.802304,95,251.725129
208.032962,93,251.968726
211.840963,95,252.221798
215.585889,94,252.47428
199.806584,93,252.769475
213.410549,94,252.906889
219.49579,96,259.412163
221.174078,97,259.680359
218.566192,95,259.954424
205.74968,92,260.232284
216.507766,97,260.461579
213.578827,93,260.631957
210.224414,93,260.811661
230.569358,106,261.012631
210.162677,93,261.195358
210.613525,92,261.456622
223.425736,98,261.747006
213.648388,93,261.985726
217.111067,96,262.260789
220.062522,96,262.545356
222.602316,99,262.818484
220.002755,97,263.108167
219.002131,96,263.371593
220.570212,96,263.627158
216.407955,95,263.918067
213.795984,93,264.109958
221.887934,97,264.348807
218.188936,99,271.182712
72.432902,43,271.302236
214.27199,95,271.548755
221.498599,97,271.800811
216.834492,95,272.021299
217.417306,96,272.17591
209.551833,93,272.431762
212.569572,95,272.669725
218.117127,96,272.853424
216.141474,96,273.010595
216.263567,95,273.295476
212.614253,96,273.525976
223.752578,103,273.79732
217.187659,99,274.060121
210.326652,94,274.292113
218.70775,96,274.532211
216.062022,97,274.71622
218.404081,95,274.846626
215.04543,95,275.030072
222.585488,98,275.207823
227.846085,99,275.414589
211.921698,94,275.646042
215.743481,96,282.366767
227.169415,99,282.621722
221.513723,97,282.814476
216.081166,95,282.991256
221.749943,97,283.229646
217.733498,95,283.419928
220.759527,97,283.677613
219.104292,97,283.919614
222.887438,99,284.17701
214.196552,95,284.428349
220.57996,97,284.607729
227.092791,107,284.893101
212.68221,96,285.145714
221.620756,100,285.390952
215.589963,97,285.632153
218.737692,96,285.773986
184.812017,84,285.882495
222.586403,97,286.153143
221.312413,97,286.341435
214.690032,95,286.502673
226.808424,98,286.72679
215.719819,95,293.243923
217.339701,95,293.381511
221.034608,96,293.619231
216.621539,95,293.887901
213.993249,96,294.172903
221.673774,97,294.45842
215.881755,95,294.744175
202.294847,90,295.004943
221.075341,97,295.2905
219.901068,97,295.592083
227.077775,99,295.847087
210.79781,93,296.118075
221.80791,97,296.377024
212.335409,94,296.63685
231.296958,100,296.895885
222.330847,98,297.157592
214.997823,94,297.407119
222.921538,98,297.601817
226.895893,98,297.841789
218.312663,96,298.096968
219.874607,97,298.334714
219.189589,96,298.571642
225.339534,98,305.446681
218.696689,95,305.700487
221.467761,98,305.97057
218.08849,97,306.230461
214.180793,95,306.434764
221.008092,97,306.705127
220.942553,97,306.968486
229.115469,100,307.18246
214.469229,104,307.407386
167.726989,80,307.65942
218.285514,96,307.967028
224.589115,98,308.262526
223.531977,101,308.548543
224.212691,97,308.823988
222.836533,100,309.141979
217.159713,94,309.390097
224.434551,98,309.564242
210.910495,94,309.851656
222.507593,98,310.20035
221.665638,97,310.444654
231.803408,102,310.699902
224.479443,97,317.165233
227.231156,99,317.421233
224.757367,99,317.691899
223.358245,97,317.950134
226.392997,99,318.212342
227.24492,99,318.466161
225.126571,99,318.725217
220.047316,95,318.918406
233.425673,103,319.056435
231.54096,100,319.302651
215.536523,93,319.548982
227.923398,99,319.782658
219.12791,95,320.029491
222.691204,96,320.31547
216.165654,94,320.485713
225.182058,97,320.703472
227.127682,99,320.880535
229.845832,100,321.110944
217.693008,94,321.359795
227.944155,99,321.575173
218.990664,95,321.748511
216.281193,96,328.82907
228.577189,100,329.059602
228.402728,100,329.348101
224.519067,98,329.617451
228.276726,100,329.948854
225.59552,98,330.22686
226.321613,98,330.451717
222.567071,98,330.596756
227.284423,101,330.792707
231.90904,100,331.076276
223.910954,98,331.292123
228.282352,100,331.518955
230.246617,99,331.660191
229.348269,100,331.867411
229.483048,100,332.125771
232.765267,102,332.386919
216.603037,99,332.633436
223.076895,98,332.848351
220.515359,97,333.110324
232.907808,105,333.375968
229.513631,100,339.770878
228.65741,98,340.062962
222.728982,98,340.351382
237.548151,103,340.602219
228.02405,98,340.815448
223.86899,98,341.069083
228.814868,98,341.330602
227.25087,100,341.57769
178.945531,82,341.790236
226.347754,99,342.094522
229.122234,101,342.384991
220.869712,96,342.643244
227.420111,100,342.884273
233.244382,101,343.149806
197.254812,90,343.399322
224.10758,98,343.657798
216.84023,95,343.892566
222.675165,98,344.100443
233.954153,102,344.329077
225.485623,99,344.611979
214.67628,93,344.873698
220.748581,96,351.204293
223.545938,97,351.474097
222.790901,97,351.715886
225.090948,98,351.907988
230.325842,100,352.075428
225.335665,98,352.349674
231.901381,100,352.596541
230.173858,99,352.82848
226.283313,99,353.066211
231.86052,107,353.354782
225.414274,98,353.637515
225.221541,99,353.860036
225.625663,98,354.033355
226.81177,99,354.207993
217.723113,95,354.332671
224.18843,97,354.498191
216.105367,95,354.692281
232.050177,101,354.924914
225.044662,98,355.143302
226.16198,100,355.355761
224.132211,98,355.608511
233.175804,102,362.256026
228.85528,100,362.518778
230.656245,100,362.800331
225.831867,100,363.07876
227.181239,100,363.319372
227.447248,100,363.569891
231.977375,100,363.824606
222.606301,98,364.082792
231.713978,101,364.325775
234.478839,103,364.538333
234.863952,104,364.845847
233.033125,101,365.108962
234.594881,102,365.375578
224.346341,98,365.637956
224.71144,98,365.886326
230.582198,101,366.162382
224.515845,100,366.424348
222.099967,97,366.687857
232.72654,101,366.944019
234.608455,101,367.223429
232.785468,103,367.52333
229.775841,102,374.407052
224.154867,98,374.698585
247.145029,106,374.989815
235.605439,103,375.278561
224.623833,99,375.484473
224.661644,97,375.702131
231.91832,101,375.898056
226.640987,99,376.147503
236.003684,103,376.448319
228.373851,100,376.702787
232.035308,101,376.953486
233.061306,102,377.186204
226.323376,99,377.420665
245.3484,104,377.662907
228.756722,99,377.799596
222.425369,97,377.976993
226.601482,99,378.109461
233.691634,101,378.394889
227.841392,100,378.572121
231.794162,101,378.781684
243.209407,103,385.39692
230.583507,101,385.659555
242.486897,104,385.924894
236.284981,102,386.201319
235.216114,102,386.467624
233.446577,100,386.70801
249.263832,106,386.948894
231.270874,101,387.090593
235.127383,100,387.25632
235.963525,102,387.523048
234.355707,103,387.692076
237.607242,100,387.953853
228.037323,98,388.191605
223.665457,97,388.403209
234.700155,101,388.653236
228.345865,100,388.855007
228.599155,99,389.040493
232.684277,102,389.224131
239.974083,103,389.402724
236.721377,101,389.570048
245.768757,103,395.655059
229.152029,99,395.907676
231.710543,100,396.150793
228.004964,100,396.428959
229.673176,100,396.681599
239.424694,102,396.933226
230.433367,100,397.225639
242.758762,103,397.492069
228.660411,98,397.769096
229.386821,100,398.01523
228.601958,102,398.297939
222.308179,98,398.549524
255.059187,106,398.826952
239.837004,103,399.061876
228.908183,99,399.255394
220.928065,96,399.38343
236.34242,102,399.581999
239.825766,104,399.749257
227.724795,100,400.01335
243.473929,104,400.244606
229.933274,100,406.646203
246.490654,106,406.947935
233.723555,104,407.239517
246.693932,103,407.537482
244.954047,104,407.816013
243.657968,103,408.098122
227.897594,100,408.394844
228.381532,99,408.65551
238.320359,102,408.910631
232.855551,103,409.21368
237.748338,102,409.477785
237.254843,101,409.685699
234.411145,103,409.951842
229.404457,102,410.154439
241.577771,102,410.388999
240.911819,101,410.635072
243.505467,103,410.904628
230.444499,99,411.173184
234.709587,102,411.423792
223.267134,98,411.694308
230.713028,100,411.942667
225.032091,98,418.211799
229.051698,97,418.462874
243.336221,104,418.762418
205.006223,91,419.028927
233.790675,102,419.307984
248.536799,105,419.581317
230.568489,101,419.777784
236.439115,101,420.103955
240.277803,103,420.416704
236.575012,102,420.697086
252.420852,106,421.020545
232.394563,103,421.309904
236.354974,101,421.518949
231.684396,100,421.791703
224.651156,99,422.034626
248.976781,107,422.244504
237.91277,101,422.422182
235.17814,102,422.603269
255.22202,106,422.900871
241.960669,102,423.176742
234.5005,102,429.845406
228.592345,100,430.045568
240.246844,102,430.249367
238.532259,102,430.456401
231.459687,100,430.65192
249.901467,105,430.914424
244.078634,103,431.186146
230.590972,99,431.43024
254.242714,105,431.737957
233.979598,101,431.989006
248.972956,104,432.221533
230.165134,99,432.432676
218.936925,96,432.673522
227.346591,99,432.907397
255.685513,105,433.142526
240.115873,102,433.411556
232.926019,100,433.673064
243.811698,106,434.002848
266.140335,110,434.276942
254.975299,106,434.52522
266.61637,110,441.158662
233.30017,101,441.431615
238.194953,103,441.726568
257.556385,106,441.999067
261.507107,108,442.282025
246.034092,106,442.561335
264.349494,116,442.861963
250.917512,105,443.141714
234.080465,100,443.296312
234.089022,101,443.454962
231.385249,99,443.661107
256.961224,107,443.892422
239.251221,101,444.059151
245.046717,103,444.228081
268.857499,111,444.498085
237.836552,102,444.681885
265.937643,108,444.854212
238.3983,100,445.045418
258.429629,108,445.258235
263.184133,107,452.267509
267.81748,109,452.555212
237.006695,100,452.771038
261.177092,108,453.028086
254.059873,105,453.32026
260.825989,108,453.53915
260.879302,108,453.734877
280.72201,114,453.98315
260.353851,108,454.228462
263.154576,108,454.377621
276.383647,112,454.636795
257.067109,107,454.851306
261.283894,106,455.062022
287.672365,123,455.378715
252.827976,105,455.579396
281.590908,114,455.762497
243.321941,103,455.903249
253.087217,106,456.151044
253.364575,105,456.427293
243.777651,105,462.760658
293.267766,117,463.007685
266.650103,111,463.286833
282.010562,113,463.585955
250.509346,105,463.866017
256.996103,107,464.045717
246.507042,104,464.230121
274.654905,111,464.525112
255.490204,107,464.807951
270.556441,111,465.012193
237.95165,100,465.270684
243.674455,104,465.524847
273.452519,111,465.756841
257.589574,107,465.945344
277.745521,112,466.140649
253.219898,105,466.406353
250.790735,105,466.626456
285.566145,114,466.807485
233.32507,101,466.996625
264.444234,109,473.667713
237.037564,101,473.926922
267.512277,110,474.174814
278.84471,112,474.378929
246.451971,103,474.638803
264.344938,108,474.913629
295.22888,117,475.186995
269.994467,110,475.431513
240.333899,103,475.6943
271.169141,111,475.979056
260.036331,108,476.26078
264.949351,108,476.526062
246.350802,104,476.802331
277.582995,112,477.100019
252.608363,105,477.303436
280.736907,114,477.547638
279.010407,111,477.845876
262.258442,108,478.113544
283.160401,113,478.372986
273.308298,112,485.034167
256.993779,107,485.292737
278.943813,120,485.562675
291.959074,114,485.738689
271.035079,110,486.005726
265.426039,110,486.286819
295.871347,116,486.552299
269.056452,109,486.833757
264.985147,109,487.079207
251.242792,105,487.283407
258.472101,107,487.549198
283.698472,112,487.882848
255.538584,106,488.125459
284.082529,113,488.358123
282.922912,115,488.640714
256.129112,108,488.877175
271.053061,109,489.158051
277.495103,112,489.400802
291.535118,125,495.466832
273.282408,110,495.757549
266.732454,109,496.027383
268.213043,110,496.33288
238.185281,102,496.667087
247.3416,108,496.966356
250.907755,106,497.258897
262.43041,108,497.558646
276.509943,112,497.864761
266.027099,110,498.16178
264.510671,109,498.417753
279.259779,113,498.691545
285.986838,116,499.024721
280.839179,113,499.328597
276.51683,111,499.585041
256.273873,107,499.89897
274.34431,110,500.207175
269.91949,110,500.547977
306.086406,117,500.862951
339.059934,128,507.596852
295.792734,115,507.900506
285.916636,112,508.134598
281.771713,112,508.398979
263.501988,106,508.666731
295.765641,116,508.960016
299.670523,116,509.185282
306.50521,120,509.500023
288.213679,114,509.793274
274.467773,111,510.036677
290.692672,115,510.359453
273.656012,110,510.643763
301.646396,117,510.943416
271.738626,111,511.204271
260.670852,106,511.471717
274.323647,112,511.679645
279.641543,113,512.00196
320.588118,124,512.296612
276.764498,111,518.786619
281.662568,113,519.022768
316.678336,124,519.385114
285.483931,113,519.741858
270.960171,116,519.997562
278.132007,111,520.22269
273.131724,110,520.437466
308.577866,120,520.675431
287.222718,114,520.882025
322.875013,121,521.111644
289.0553,115,521.40286
275.09303,112,521.689836
293.464687,113,521.987997
277.077471,113,522.203868
303.058372,117,522.445633
278.521074,116,522.756618
278.754669,114,523.05767
299.205509,117,523.358152
272.646324,111,529.777042
287.125707,114,530.046532
299.019617,113,530.318187
296.957383,116,530.636683
318.928794,132,531.010387
279.86886,111,531.252295
298.199001,115,531.499906
313.962889,122,531.759659
271.686238,110,532.013902
285.014989,113,532.304811
313.495731,120,532.585613
304.954171,117,532.812479
287.257252,114,533.130819
280.89261,113,533.461821
290.493006,113,533.757269
276.171375,111,533.98791
322.404481,122,534.347126
291.855116,113,541.090296
297.458838,116,541.301328
332.891478,122,541.49848
307.476401,120,541.815608
288.198807,113,542.112285
300.734807,116,542.417277
281.90874,110,542.694792
311.710063,117,543.005618
304.823856,117,543.309674
278.407335,110,543.604252
288.257961,120,543.906412
278.126417,110,544.214224
306.456727,123,544.538841
314.793687,118,544.817192
308.027353,118,545.119061
316.100208,120,545.430786
296.478232,114,545.781102
298.303485,112,546.16729
308.659681,120,552.640831
302.575806,119,552.982109
299.434483,117,553.290811
287.631209,116,553.567147
275.961171,111,553.722753
285.124996,114,553.920733
338.658139,123,554.136183
321.736121,120,554.329916
340.456888,125,554.65316
298.578253,116,554.906466
287.5675,114,555.110472
309.50717,121,555.409056
323.223946,123,555.732671
314.451267,119,556.03359
311.21405,118,556.3401
300.717684,116,556.630108
311.719705,118,556.933479
354.041497,130,563.624285
317.07937,123,563.915515
305.331815,119,564.233374
339.375399,126,564.584655
310.575387,119,564.927446
291.960034,115,565.182985
295.874764,115,565.505707
307.155837,118,565.816172
299.641872,117,566.120793
354.912798,126,566.478573
333.888676,128,566.742743
319.445553,118,567.010878
271.438981,109,567.29912
340.788178,127,567.626519
308.512509,119,567.909365
298.005591,119,568.259438
312.110412,120,568.537606
313.366987,119,575.155866
313.697753,120,575.442925
333.344586,125,575.69025
307.733525,119,575.952814
292.030016,113,576.257231
327.045134,122,576.48299
335.239399,123,576.675864
322.670112,120,576.953009
306.066994,118,577.292748
296.825863,115,577.623529
316.905392,119,577.939536
334.740137,126,578.210478
324.818296,122,578.461411
282.399837,114,578.750176
335.403713,125,578.982985
306.229309,116,579.172813
301.145114,118,579.418587
309.934244,118,586.289023
292.007154,115,586.564237
327.614578,123,586.87631
311.792589,118,587.148905
316.514757,120,587.401816
352.515573,129,587.68722
293.108936,115,587.931813
330.06946,124,588.191767
329.214149,124,588.490052
334.952508,128,588.815871
316.201091,121,589.073459
309.311835,119,589.348428
333.927439,124,589.684215
288.70137,116,590.00021
325.199225,122,590.300433
362.668078,132,590.64626
292.704333,114,590.879524
290.486942,115,597.669625
359.316381,133,597.967009
368.608485,131,598.209605
336.583845,125,598.441569
316.270262,120,598.681776
290.361599,113,598.973751
313.692297,120,599.160547
293.101562,117,599.500371
346.896128,131,599.785425
343.808009,128,600.079067
277.980339,110,600.329358
352.547561,127,600.649939
300.725389,121,600.995105
323.091337,122,601.250705
344.983087,128,601.540325
330.22111,125,601.820725
229.752215,99,602.056816
355.136224,129,608.756935
351.352176,130,609.068114
345.504064,129,609.431172
363.764009,132,609.755492
342.401983,129,610.164843
225.807761,99,610.456224
380.686923,136,610.885995
350.441625,127,611.239185
339.372052,126,611.586329
339.11794,126,611.897941
357.979097,130,612.264002
307.241436,120,612.551514
342.339083,131,612.888133
304.6388,119,613.075139
314.097503,122,613.261461
312.644522,120,613.558101
342.849835,129,620.166532
310.485043,123,620.399378
290.150936,115,620.590693
323.832071,124,620.830806
319.483543,122,621.103715
334.995722,127,621.338958
347.295485,127,621.578545
301.58626,122,621.777097
357.660169,130,622.057818
229.192553,100,622.275047
342.712855,126,622.53156
290.826949,117,622.816886
317.612706,122,623.041597
346.349606,125,623.294829
374.06528,135,623.539807
349.555784,129,623.865927
327.297432,123,624.114003
367.062418,135,630.599402
323.29828,122,630.83588
342.861403,127,631.138544
324.513267,124,631.476831
308.599448,117,631.761338
371.85101,133,632.169891
357.251249,131,632.536757
321.556771,125,632.879572
363.640043,133,633.279195
255.934108,106,633.558967
331.233202,121,633.874397
359.108962,133,634.190322
382.67448,134,634.479337
377.609441,136,634.895609
322.420583,123,635.258444
312.50465,119,635.57073
375.396918,135,642.059344
354.586823,131,642.403051
369.863457,132,642.743593
353.077718,130,642.980875
343.894265,127,643.242957
375.445605,135,643.531819
372.259047,135,643.760074
284.862066,113,644.030698
366.230589,133,644.421283
354.323586,132,644.780844
365.958901,134,645.235085
349.610917,128,645.572171
333.099719,123,645.910874
345.790188,128,646.255567
364.99192,134,646.60067
347.101061,126,646.920442
387.053647,139,652.902888
298.255161,117,653.168628
382.206177,135,653.395463
343.709582,127,653.6077
373.495598,135,653.813293
359.199759,132,654.019662
385.256444,136,654.305401
355.376871,132,654.603472
390.317231,138,654.91685
370.89315,134,655.288012
359.460818,132,655.533303
336.580105,125,655.824084
392.738337,140,656.222864
371.609564,135,656.58593
353.087993,132,656.889281
331.350518,125,657.238893
388.934325,138,664.122273
367.330802,133,664.464423
376.554077,132,664.691643
383.000426,137,664.983062
374.203044,135,665.259979
400.614742,143,665.619895
361.15359,132,665.903544
359.779407,132,666.24105
386.730949,137,666.462899
346.825094,127,666.731414
373.525489,134,667.000464
375.63271,133,667.279073
381.190353,135,667.514444
380.546187,134,667.790896
345.325835,129,667.998061
355.172448,132,674.96043
370.349466,136,675.216075
390.766666,139,675.433163
365.076264,132,675.6469
385.155514,136,675.835719
368.269453,132,676.108714
377.243677,134,676.327311
348.433204,130,676.549422
358.54767,132,676.784457
349.402491,128,677.120855
320.798937,121,677.427926
363.282803,133,677.684477
355.712305,133,677.985579
382.201801,136,678.322635
400.355893,141,678.640571
393.562654,139,685.234003
152.862564,75,685.427454
385.53805,138,685.734807
390.952636,138,685.942087
374.113275,136,686.146588
183.449254,85,686.288434
162.517221,78,686.388959
354.309447,130,686.629701
363.456499,131,686.896162
377.748799,133,687.094529
330.891745,124,687.314583
158.747787,77,687.414556
159.552734,77,687.614051
393.948699,140,687.824841
392.310805,138,688.036449
382.74261,138,688.254492
381.099002,136,688.621772
370.094588,133,695.433015
393.920797,137,695.694191
373.686735,134,696.04297
391.067872,139,696.32989
347.817596,128,696.65754
398.921652,141,697.038831
281.467013,110,697.31945
367.539294,133,697.679008
287.272578,116,697.979833
386.275395,137,698.282929
385.034454,138,698.500225
363.300946,133,698.816721
353.988526,131,699.150634
373.113922,134,699.512011
397.022669,140,699.896908
364.468975,132,700.185152
352.160857,130,706.680362
354.151559,129,706.986121
340.36295,127,707.253783
360.893846,134,707.567869
373.975782,134,707.934439
354.401953,129,708.218334
387.828486,138,708.664205
372.282761,134,709.058718
372.890048,135,709.395842
369.706188,135,709.709997
393.258019,139,710.06728
382.000618,140,710.448384
356.629018,129,710.716322
359.19078,131,711.012501
358.682153,132,711.302798
391.04697,137,717.872524
371.353136,135,718.211084
380.05609,135,718.548778
373.721819,134,718.889323
380.700173,140,719.271098
391.662345,139,719.65096
362.732942,134,720.008713
381.536658,136,720.248856
372.134588,134,720.508569
375.46198,135,720.80838
401.420959,141,721.118048
354.634335,130,721.480286
358.075285,130,721.721151
380.740174,136,721.967112
356.224785,130,722.198466
381.611169,138,729.537124
378.025581,135,729.810263
325.354632,122,730.101502
384.931525,136,730.344227
343.5129,127,730.615325
386.559691,138,730.921023
375.393826,133,731.261562
369.468771,131,731.591935
387.249749,139,732.037031
356.274347,129,732.418839
360.669364,134,732.690881
368.001243,132,732.975859
352.989007,130,733.157803
369.999505,135,733.415144
357.929179,133,733.692766
368.739837,135,733.977316
405.020535,140,740.503184
389.539078,140,740.756612
364.646239,133,740.991668
384.653906,140,741.39153
358.288997,131,741.653556
374.032075,133,741.952684
395.587575,139,742.27872
398.740823,143,742.635931
372.308318,135,742.978639
387.913648,140,743.307525
394.643512,140,743.587943
359.610117,133,743.969359
364.060748,132,744.320596
369.524834,135,744.667953
356.962972,129,744.942618
397.96624,142,751.421511
381.597231,135,751.757351
389.353654,139,752.003533
409.550948,142,752.330145
396.028867,139,752.63456
391.00333,138,752.989766
369.925533,139,753.353462
384.275367,137,753.681258
354.319869,129,754.040409
377.867281,134,754.419561
390.084414,141,754.81801
411.335339,142,755.0749
403.595189,141,755.403525
376.81792,135,755.794039
392.135198,138,756.138583
380.051596,134,762.657418
392.249057,140,763.037604
380.744841,134,763.305852
359.18384,132,763.660182
366.296957,133,763.987869
353.387511,130,764.337438
396.074672,140,764.568601
363.955634,134,764.92309
391.427388,138,765.270031
392.467289,138,765.626936
385.508923,138,765.969888
388.631727,138,766.265197
391.937382,138,766.625612
389.346993,139,767.000013
360.901988,133,767.254472
388.701875,138,774.151509
409.799742,142,774.548301
395.888125,139,774.924307
398.96185,140,775.297862
425.576555,147,775.670759
383.208021,136,776.045274
413.410419,145,776.346363
401.33516,141,776.616521
185.723506,85,776.745412
385.926796,136,777.084447
406.493813,144,777.454834
426.026285,149,777.834839
373.711089,136,778.158999
401.960368,141,778.439012
171.961638,82,778.599019
412.676558,143,784.986923
424.422622,149,785.405649
384.331478,136,785.730294
400.250483,143,786.102322
370.051751,133,786.406276
405.546225,143,786.813539
426.125008,147,787.233371
397.195031,140,787.56605
393.888962,139,787.8188
379.431265,139,788.116266
383.070138,136,788.394994
373.665742,135,788.727915
424.304661,148,789.158608
405.932309,141,789.502989
404.187393,141,789.850477
395.808415,140,796.558166
373.864426,134,796.808664
389.945444,136,797.177945
388.177122,138,797.557383
418.382821,148,797.946383
391.228848,140,798.154432
406.365093,140,798.552015
411.850396,145,798.929794
375.919682,134,799.312594
403.603807,142,799.617252
386.358206,136,799.885846
371.322446,133,800.204597
416.355672,144,800.603195
364.70108,133,800.913914
408.464036,143,807.813125
390.540872,137,808.115541
330.314927,121,808.469099
379.924567,135,808.799616
385.445691,137,809.122558
365.479886,132,809.431707
421.891987,148,809.686148
411.914281,143,810.064535
405.50044,141,810.329759
375.394049,137,810.671161
449.045783,156,811.10789
358.265994,135,811.384931
406.903749,142,811.726328
395.837067,139,812.098721
400.27042,142,812.458299
333.417358,124,819.3278
423.975754,145,819.743596
367.557226,133,820.040639
377.570559,141,820.337005
409.162535,143,820.67431
407.116812,141,821.06634
377.605373,136,821.341278
429.715152,149,821.670413
400.818784,139,822.046297
407.055352,145,822.388815
411.649799,144,822.783968
408.089468,142,823.100864
391.981971,136,823.383194
379.101684,136,823.642535
399.793085,141,823.992342
419.933899,145,830.512569
415.622685,148,830.911811
385.961009,141,831.252374
435.379556,151,831.662568
312.609984,120,831.866206
472.20084,162,832.14058
31.969841,26,832.225163
362.851173,136,832.626359
416.748642,147,832.952515
400.7187,142,833.26894
529.772694,172,833.629182
142.986044,72,833.792435
422.162619,150,834.111
422.891779,149,834.406915
438.494514,151,834.665995
404.003357,143,841.186263
425.395767,148,841.471911
394.635211,144,841.745963
416.160389,143,842.098394
394.685845,140,842.372528
403.571205,140,842.595012
411.296449,144,842.85282
422.11784,144,843.16296
397.031549,145,843.440007
395.377178,143,843.72917
394.826705,136,843.954527
419.429747,149,844.34317
397.613739,140,844.752266
416.707938,147,845.098238
395.803933,141,851.839552
385.945212,137,852.230428
438.965958,152,852.654942
429.369666,147,853.050377
428.24502,145,853.459231
435.802483,148,853.858311
416.6581,143,854.22092
409.95929,141,854.495967
417.992227,144,854.874583
353.957538,130,855.295803
408.06067,143,855.743049
440.839339,148,856.134809
419.700319,146,856.512333
427.369891,147,856.815242
394.782111,137,857.052159
429.585018,147,863.673183
422.179667,148,864.019626
389.544157,137,864.382676
417.251761,145,864.833771
407.485825,143,865.12146
242.541126,100,865.337684
394.812514,138,865.675261
446.538702,151,866.064922
423.898788,145,866.422449
415.743234,144,866.658449
416.471886,145,867.003286
411.142731,142,867.289276
404.019714,142,867.538605
418.39863,144,867.817863
431.902898,149,874.228031
440.58589,150,874.587485
425.548845,145,874.959671
415.813593,144,875.326805
403.560007,142,875.700953
438.642659,148,876.0005
400.492433,142,876.242299
394.382756,136,876.507738
398.699388,139,876.894258
418.386502,145,877.277142
373.969861,137,877.69714
427.63107,147,878.135417
445.788358,152,878.435981
409.142986,142,878.754585
458.691091,156,885.268909
434.13731,146,885.609251
432.161994,150,885.971199
424.568508,149,886.312498
443.251706,150,886.598001
382.703838,137,886.967153
269.160725,108,887.191967
444.842412,151,887.510969
437.83041,153,887.915217
433.085505,146,888.280636
417.649299,143,888.718328
192.159408,88,888.900013
242.659731,101,889.053916
399.876938,139,889.371562
447.108373,152,889.730846
250.353221,103,889.962134
179.139372,85,896.658831
487.742506,162,896.937146
414.696312,144,897.208276
397.058351,139,897.583168
510.200092,170,898.068423
480.578209,161,898.391184
450.312332,151,898.821677
413.397739,143,899.206754
440.111808,150,899.606801
478.912409,163,899.945059
454.81442,154,900.299884
490.345725,164,900.781274
409.6775,145,901.178703
389.296214,136,907.907524
469.601533,159,908.328894
428.783693,148,908.713303
432.664653,150,909.099826
392.034282,137,909.46788
460.708973,159,909.91944
405.665953,144,910.233829
414.905511,145,910.54463
409.127371,142,910.893621
430.492663,148,911.297442
426.32777,148,911.633702
404.117948,140,911.921802
453.935834,153,912.259258
446.794202,151,912.677519
428.352862,146,919.292231
429.644507,146,919.657356
444.195166,152,919.980832
398.626666,142,920.238984
419.34334,145,920.550072
424.45976,145,920.93701
402.468953,141,921.303348
451.92486,157,921.647579
419.022216,143,921.942569
448.930006,153,922.241438
574.436415,189,922.551727
439.140262,150,922.856635
440.332432,150,923.233504
420.10311,144,923.542697
455.27825,159,930.355329
461.913913,156,930.680855
209.663303,92,930.938824
462.437417,157,931.37484
452.43868,155,931.655701
243.624816,100,931.910443
454.31945,153,932.315179
419.613854,147,932.71427
497.133938,166,933.114825
437.690947,149,933.487624
435.947721,148,933.917906
438.085708,149,934.286918
513.697402,169,934.738058
410.723937,143,935.117062
422.204555,146,941.44622
545.793733,176,941.863546
454.641622,154,942.163683
400.107111,139,942.412062
447.827653,152,942.726099
385.835443,136,943.068281
526.714829,172,943.431042
394.046325,138,943.716717
324.233138,121,944.018028
548.374732,177,944.408235
545.924322,176,944.882399
437.701916,149,945.263915
469.364082,163,945.641398
483.645275,159,952.177539
436.336272,150,952.573851
454.568957,154,952.939002
476.592554,160,953.373912
555.793088,182,953.741484
453.237315,155,954.059207
470.588834,157,954.452963
457.42238,154,954.823174
379.217298,139,955.160314
385.756326,139,955.523372
445.530386,153,955.935103
449.422164,153,956.258836
546.404104,180,956.656005
400.540731,142,963.226603
499.479077,166,963.61903
433.739274,150,964.026657
487.138509,164,964.47192
418.99191,144,964.840706
459.416957,166,965.292768
490.334147,162,965.736832
456.90792,155,966.163889
427.89004,145,966.558351
448.743332,156,967.021524
469.041247,157,967.418965
487.066956,163,967.878113
481.996338,161,968.302278
552.570388,179,975.131002
494.302235,166,975.61495
541.335482,176,976.107085
563.421801,182,976.466075
585.594988,188,976.913351
415.051928,146,977.287299
459.387233,155,977.686038
495.170542,170,978.094999
470.666819,159,978.42878
307.413227,120,978.740561
504.118765,165,979.218745
437.227392,148,979.603774
503.089771,166,980.040724
507.468635,170,986.39685
439.746486,154,986.821423
551.248238,176,987.317289
487.71684,161,987.763743
468.691712,157,988.179908
491.116442,164,988.5806
515.937744,169,989.009776
516.395121,170,989.446482
507.831712,167,989.785014
530.068749,174,990.143065
541.780304,178,990.464192
438.55357,156,990.769805
522.268757,171,997.755509
501.313805,167,998.135382
467.35295,158,998.451412
438.457321,153,998.765666
428.978111,146,999.00353
535.551019,181,999.335487
493.665691,165,999.754845
448.902525,154,1000.11031
521.614053,171,1000.382039
539.613814,175,1000.652911
440.577889,150,1001.016946
411.400138,144,1001.298324
592.699837,196,1001.794897
513.352559,167,1008.760721
440.981744,155,1009.156798
518.842469,171,1009.614741
561.526043,186,1010.097002
513.7587,174,1010.429094
578.448244,190,1010.885447
504.402736,169,1011.334795
538.888125,175,1011.753829
554.530813,182,1012.195441
519.127869,172,1012.581332
554.120786,180,1013.00993
465.30543,166,1013.360703
464.035558,162,1020.211066
445.369725,166,1020.660405
590.095681,192,1021.207924
644.115601,208,1021.747583
459.021301,165,1022.133685
510.012961,174,1022.57355
232.363198,98,1022.735301
579.131557,191,1023.140342
497.078326,169,1023.526883
523.750522,176,1023.964098
554.920035,180,1024.355142
236.531401,100,1024.572185
503.180783,176,1031.265899
556.624352,183,1031.746181
547.138904,180,1032.238366
581.070581,195,1032.714195
518.643748,173,1033.22822
506.526027,167,1033.769299
474.84725,168,1034.191412
505.077255,174,1034.59284
517.731429,173,1035.036654
365.536149,141,1035.349802
561.248013,191,1035.881605
499.496529,166,1036.303193
237.380897,102,1042.55062
604.306334,198,1043.076112
569.39066,186,1043.597701
515.579865,169,1043.923945
593.166846,193,1044.328075
451.561018,161,1044.634782
551.840294,182,1045.013112
582.220742,186,1045.353668
530.333197,174,1045.66246
616.31257,200,1046.128359
475.262862,158,1046.400136
533.85019,174,1052.757473
560.505535,190,1053.193909
559.766973,182,1053.527813
513.905798,171,1053.928987
489.498416,165,1054.239076
535.247071,174,1054.531002
608.465445,200,1054.960949
600.456196,197,1055.418561
582.17057,191,1055.921964
601.220806,200,1056.334674
529.973154,177,1056.825639
538.564939,176,1057.300088
490.617271,171,1064.426605
347.034737,133,1064.777593
548.743673,178,1065.187928
544.749442,178,1065.584534
450.297455,162,1066.01069
502.749608,167,1066.443609
539.922669,176,1066.776206
544.226399,177,1067.102005
548.517659,178,1067.560471
503.553161,170,1068.035474
572.049923,189,1068.394753
565.716015,194,1075.363661
523.343385,179,1075.861341
513.406551,174,1076.298741
506.640525,167,1076.75313
581.167925,190,1077.280696
566.061658,184,1077.643497
559.094531,184,1078.112768
546.263463,177,1078.479872
574.824419,189,1078.93353
547.975673,180,1079.332534
558.634311,182,1079.811294
502.410356,167,1080.082711
564.039355,184,1086.574934
486.187068,162,1086.886217
576.033599,187,1087.403089
492.653827,167,1087.800688
557.225788,186,1088.197705
619.330396,200,1088.688917
622.150449,201,1089.238391
564.250329,187,1089.743191
69.271857,41,1089.876633
579.893638,184,1090.361651
582.533387,196,1090.766423
71.510082,43,1090.872502
550.099452,180,1097.855941
540.914879,175,1098.300024
649.215484,212,1098.792804
505.943309,168,1099.195739
458.362976,167,1099.659536
554.507213,187,1100.151614
554.931058,183,1100.61538
558.62305,181,1101.073908
646.638745,204,1101.435294
528.328388,180,1101.93195
563.069926,178,1102.301234
579.884658,194,1102.664216
556.075986,181,1109.06878
562.187543,185,1109.564344
529.212565,170,1110.024903
580.518561,185,1110.456535
524.466559,173,1110.881828
591.101774,193,1111.392833
322.632813,128,1111.651494
540.041297,176,1111.917808
554.630033,184,1112.389196
539.301818,177,1112.737397
435.546137,161,1113.094456
539.612442,176,1119.436917
570.856983,186,1119.834042
575.110347,184,1120.329751
546.440089,176,1120.807471
561.995626,184,1121.213297
507.038724,163,1121.671696
571.209814,184,1122.069284
546.391239,177,1122.481211
636.030082,205,1122.92454
535.629254,178,1123.308365
599.50925,200,1123.832636
620.058539,200,1130.776805
616.437346,201,1131.2027
619.498283,198,1131.648635
612.700977,197,1132.109273
592.518065,191,1132.488225
603.572374,193,1132.908622
573.868156,186,1133.252298
688.918965,221,1133.770998
592.053126,189,1134.12039
546.683652,177,1134.592201
565.900121,196,1135.056754
580.425513,185,1142.401727
276.643476,113,1142.668889
561.279649,185,1143.134951
574.621298,189,1143.691125
552.863852,180,1144.065689
559.287977,180,1144.486744
574.130407,186,1144.957016
602.871481,191,1145.388052
661.106957,205,1145.851927
582.497349,186,1146.228577
631.364104,203,1146.689676
676.417235,214,1153.906943
577.512517,192,1154.37835
599.778164,196,1154.804012
571.881211,190,1155.31141
597.078214,189,1155.727039
613.047219,197,1156.034009
570.951387,187,1156.491534
581.78596,189,1157.031254
636.816365,202,1157.449013
558.02898,184,1157.772311
543.613586,174,1158.194844
639.75082,208,1164.851098
467.012797,162,1165.154637
564.045187,181,1165.612098
258.023985,111,1165.91086
613.281109,200,1166.423141
621.433111,199,1166.958201
566.902013,186,1167.417474
652.30305,206,1168.006361
622.600182,198,1168.44322
547.150765,180,1168.915252
600.622526,193,1169.336672
579.36059,189,1175.567103
596.398501,190,1175.972749
548.137417,174,1176.326592
638.395017,205,1176.880287
600.585658,205,1177.490153
647.898169,205,1177.99533
579.088705,191,1178.508291
621.802245,199,1179.07396
586.878828,187,1179.540277
664.430734,211,1180.057724
566.426888,186,1187.010998
661.771318,214,1187.610347
564.517335,182,1188.09212
568.590369,189,1188.635426
552.588503,179,1189.132338
591.626317,192,1189.60888
531.26442,172,1189.933665
568.500479,182,1190.355807
633.007868,199,1190.870838
533.103549,179,1191.234411
579.178974,190,1191.618472
591.678803,189,1198.16224
608.668345,195,1198.473079
567.35683,199,1198.945913
640.798849,201,1199.48056
652.252245,206,1200.088353
605.371418,193,1200.477404
613.647713,194,1201.016602
567.341741,185,1201.34647
626.81316,199,1201.757585
570.659268,192,1202.174829
565.862611,183,1202.614698
658.734624,206,1209.183992
573.294283,188,1209.686104
603.484155,193,1210.139565
621.590549,199,1210.503471
598.711187,184,1210.838607
537.560381,175,1211.196318
570.449689,177,1211.661544
461.310967,152,1211.990096
629.10126,203,1212.526735
553.131198,178,1212.950849
518.879535,170,1213.341353
624.907004,197,1219.928387
601.742097,190,1220.436283
627.281872,201,1220.74583
639.081576,203,1221.29019
644.902471,209,1221.711768
561.946542,182,1222.129462
585.186637,192,1222.60203
715.763231,222,1223.08562
658.326456,207,1223.600556
646.760741,212,1224.126057
485.323456,155,1230.617247
541.882772,173,1231.168444
576.992479,187,1231.617288
575.688509,185,1232.013455
547.005377,179,1232.357394
602.566596,190,1232.868335
377.250837,141,1233.142833
633.779992,201,1233.659154
578.380157,187,1234.112955
615.872576,194,1234.62906
599.026244,194,1235.138463
649.173375,203,1242.216708
574.858184,185,1242.724444
575.833384,199,1243.169935
614.622406,203,1243.695406
618.71927,198,1244.114425
632.678995,206,1244.595554
628.865126,206,1245.138286
512.179722,164,1245.49565
625.521277,198,1245.851563
623.268042,200,1246.3132
583.255782,191,1246.824291
574.666118,182,1253.906633
597.920413,200,1254.434047
594.39985,197,1254.816466
626.375973,201,1255.312712
659.504073,216,1255.794402
631.178786,203,1256.199167
605.794203,201,1256.681918
599.316829,195,1257.134507
649.659663,205,1257.653124
640.016614,203,1258.179534
616.83808,192,1264.821704
711.467836,223,1265.272478
610.82384,193,1265.673389
180.475572,85,1265.837289
670.239788,210,1266.316181
604.195192,191,1266.70316
534.15155,177,1267.179818
631.55879,202,1267.607138
544.531149,180,1268.012749
785.699843,241,1268.606543
629.753911,194,1269.075075
774.98036,239,1276.496226
541.916966,177,1276.853173
646.329341,208,1277.330553
661.456298,212,1277.820118
729.296042,234,1278.405161
684.636859,217,1279.044266
676.730492,217,1279.512665
313.79794,128,1279.796729
524.886505,187,1280.377885
694.73717,213,1280.842156
798.256903,243,1287.720753
793.773914,240,1288.209129
619.396312,197,1288.634505
625.466232,197,1289.024745
664.97448,208,1289.451441
671.536637,211,1289.984241
632.475674,201,1290.538895
162.273399,80,1290.770759
597.545437,191,1291.265406
648.854133,207,1291.792454
212.317603,95,1292.05542
765.093451,237,1299.247477
594.319388,189,1299.726731
628.854248,198,1300.151634
640.834691,201,1300.605863
531.686818,186,1301.042853
664.009722,213,1301.517213
613.229116,205,1302.021179
647.829141,205,1302.502019
613.566806,194,1303.034172
640.848485,206,1303.572817
657.656658,207,1309.895673
675.402257,210,1310.4231
672.960951,211,1310.943612
652.557764,210,1311.454998
682.132659,213,1311.885271
108.918409,61,1312.112518
599.573019,190,1312.681516
533.789571,172,1313.139158
571.328138,181,1313.446732
647.199377,204,1313.972915
632.130209,199,1314.502951
593.197466,198,1321.378511
824.060163,246,1321.917669
791.827076,236,1322.600528
678.273266,209,1323.067547
647.919043,202,1323.588157
646.467573,209,1324.14088
622.950253,194,1324.54554
587.76039,184,1325.016022
645.377231,202,1325.441051
584.648643,192,1325.815509
559.218656,171,1332.638394
586.91308,186,1333.072073
623.428615,200,1333.464012
569.18401,182,1333.93959
617.827073,195,1334.415449
630.768181,195,1334.878273
620.327994,190,1335.378021
631.625767,201,1335.870629
587.052803,186,1336.249653
635.656738,199,1336.631597
633.513126,192,1337.057245
615.851796,197,1343.852345
815.00013,251,1344.458866
639.620173,200,1344.951321
712.809159,218,1345.518433
596.977246,186,1345.931926
652.567197,211,1346.395271
586.929705,187,1346.809247
537.859927,172,1347.149817
857.442588,255,1347.77261
606.554582,193,1354.813022
632.466531,199,1355.321178
146.610519,73,1355.514315
570.437262,184,1355.919134
642.893816,204,1356.385658
626.019458,196,1356.859696
626.457551,198,1357.346972
640.513608,200,1357.899488
637.146954,204,1358.288135
664.59494,210,1358.867003
670.435524,208,1359.440549
723.672769,219,1365.964
632.5237,199,1366.434423
607.818395,188,1366.802527
477.948487,157,1367.170141
729.959643,225,1367.660007
653.102371,210,1368.072874
615.095251,192,1368.458343
736.250246,224,1368.888608
648.288683,198,1369.32201
546.850259,172,1369.78039
615.84838,193,1370.250678
605.318882,188,1376.815775
592.036708,187,1377.138148
629.446496,197,1377.604912
608.883676,190,1377.960647
674.066648,208,1378.524467
612.850472,197,1379.007282
575.824202,181,1379.363986
584.584039,189,1379.78021
530.816153,175,1380.170105
560.035587,179,1380.459879
716.20522,222,1387.406288
472.265716,154,1387.717968
619.693787,194,1388.110407
610.48397,191,1388.634541
665.02485,204,1389.100541
550.907183,177,1389.611662
506.621972,163,1390.047867
625.216939,194,1390.559074
451.394321,150,1390.89574
498.928393,161,1391.316911
630.148316,196,1391.642918
657.554891,207,1392.178857
594.90218,194,1398.93469
632.065983,197,1399.463526
651.363282,208,1399.957666
589.94883,190,1400.446642
705.743481,218,1401.008229
625.551286,199,1401.533213
641.100398,199,1402.015116
892.265633,271,1402.712486
442.271954,150,1403.123109
379.42574,139,1403.48754
602.514905,188,1410.120783
637.382546,195,1410.60239
841.811299,249,1411.262145
686.440834,216,1411.767694
558.503666,177,1412.08511
832.964348,247,1412.454527
692.875885,213,1412.895376
833.001117,253,1413.368645
824.191911,245,1413.937584
668.826155,202,1420.725743
666.355874,214,1421.298285
381.48454,139,1421.704452
712.843965,218,1422.266638
790.131876,248,1422.872002
828.739624,251,1423.555994
614.318389,205,1424.085301
774.34059,236,1424.673599
786.824602,246,1425.146521
654.203842,212,1425.580354
730.52244,224,1433.194134
666.523813,207,1433.678527
227.611395,103,1433.870256
809.538696,242,1434.445147
858.717608,250,1435.073984
811.318181,246,1435.757936
591.017552,211,1436.293411
205.930189,93,1436.555995
871.236504,268,1437.119479
716.216838,219,1437.730567
628.578837,195,1444.186092
743.475874,222,1444.730801
633.287412,195,1445.193944
767.075133,235,1445.775757
819.865776,247,1446.365781
1084.976264,318,1447.003515
553.831879,186,1447.298723
694.243483,216,1447.814835
551.67788,177,1448.286673
683.55207,208,1455.050646
634.292785,197,1455.538291
839.141509,241,1456.126354
647.404798,199,1456.615541
643.487027,200,1457.084152
662.126078,209,1457.524483
775.295074,229,1457.939548
669.246906,202,1458.428631
639.170836,194,1458.777411
652.461954,199,1459.267653
753.294431,231,1465.734269
250.471988,105,1466.011818
737.233533,225,1466.630341
917.574113,275,1467.275156
897.13017,271,1467.715927
902.191624,271,1468.201936
1627.97244,475,1469.330519
804.917778,234,1469.944191
1106.499413,342,1476.862458
453.463788,172,1477.308346
643.71176,198,1477.700255
882.155818,263,1478.402451
268.835553,112,1478.607185
615.708712,190,1479.159856
862.766107,271,1479.838784
671.222041,205,1480.403608
881.645369,275,1481.105203
863.722807,263,1487.94287
750.45684,223,1488.566831
891.725568,261,1489.174838
760.863177,242,1489.885978
716.012308,209,1490.42837
660.20019,197,1490.940247
820.628309,240,1491.58329
1133.258402,342,1492.402492
926.484602,293,1499.452142
1089.523759,326,1500.330938
864.357579,274,1500.978552
820.482224,245,1501.63533
862.466143,265,1502.353013
679.679382,207,1502.872422
742.281358,229,1503.401667
674.948232,213,1503.892982
886.05461,263,1510.8406
1626.325584,482,1511.870287
866.435327,247,1512.519821
774.160685,229,1513.158214
715.216994,228,1513.751547
1401.308216,425,1514.789425
870.358766,260,1515.434608
986.876361,295,1522.322699
848.992632,251,1522.871156
1177.202989,361,1523.47928
912.354374,286,1524.046083
782.880992,228,1524.454398
1134.438924,344,1525.071424
690.64819,215,1525.565086
1738.996662,511,1532.760299
632.792907,194,1533.192612
830.864468,242,1533.868484
959.386003,286,1534.472408
880.153923,254,1535.016542
928.464926,274,1535.69928
770.222937,230,1536.183361
862.427237,281,1543.170834
585.630067,183,1543.565593
974.870967,293,1544.26313
624.851724,217,1544.644193
993.557309,288,1545.417333
734.198349,221,1545.80247
943.272291,274,1546.368314
891.836712,264,1546.83132
693.888019,209,1553.610047
660.354445,203,1554.132421
723.754736,224,1554.703424
650.055468,207,1555.240521
851.635468,261,1555.908813
641.548207,203,1556.441641
816.889418,255,1557.112078
1143.093011,336,1558.002369
876.121337,262,1558.740466
784.71586,236,1565.646097
763.914797,231,1566.30329
869.20648,259,1566.993787
789.861498,237,1567.445839
902.151221,259,1567.995218
1004.652605,298,1568.626868
897.939211,278,1569.128986
772.676873,233,1569.710929
718.564973,216,1576.094422
888.567532,260,1576.73895
834.162409,263,1577.293343
885.864396,265,1577.885963
832.505571,248,1578.51579
1052.02832,302,1579.276092
1207.699605,350,1580.130804
1027.294819,295,1586.979216
729.546262,220,1587.542836
943.615218,289,1588.16076
729.988534,225,1588.630439
919.656281,276,1589.318326
894.09223,265,1589.953411
1274.823646,367,1590.912818
887.558715,260,1591.441863
596.810093,212,1598.26848
1267.508787,368,1599.218187
1054.285769,315,1600.052421
1677.186252,513,1601.260788
900.496661,267,1601.761231
1085.698854,321,1602.314964
881.444249,254,1608.93999
610.507343,187,1609.36112
258.719458,110,1609.566172
825.768756,251,1610.185727
906.688888,263,1610.770409
1043.924805,313,1611.581403
959.00682,278,1612.214137
848.361011,253,1612.930981
1223.862362,354,1619.947885
527.44587,167,1620.367097
444.190789,165,1620.647347
833.991026,250,1621.231158
926.41533,274,1621.860295
851.583274,251,1622.46343
788.880471,255,1622.92375
1114.311317,321,1623.452148
178.725998,87,1623.578941
865.100564,257,1629.852711
970.794023,287,1630.546228
1070.952473,319,1631.218772
1102.615231,331,1631.839282
1637.015019,488,1633.0278
793.30844,245,1633.538763
843.344649,272,1634.240682
847.823415,250,1641.168317
871.362215,259,1641.724689
812.973767,250,1642.381429
857.782647,266,1643.064136
1290.77774,368,1643.813912
1036.086282,290,1644.435327
649.015158,201,1644.970538
1139.758678,337,1651.915624
1060.593733,309,1652.624436
1007.771987,294,1653.222629
746.446615,222,1653.844352
708.780576,214,1654.407418
139.523457,71,1654.589545
902.276512,259,1655.212413
718.990249,217,1655.723414
607.523299,206,1656.228725
1280.267594,388,1663.459065
1022.65207,294,1664.150949
841.180272,245,1664.581661
1093.407365,316,1665.496831
861.610125,256,1665.970685
906.26903,265,1666.515486
635.719403,202,1667.05923
1066.767041,311,1674.240558
907.271501,264,1674.81953
401.448088,147,1675.243591
1879.749059,564,1676.526492
777.134114,228,1677.007423
1002.249793,301,1677.824111
1146.734912,335,1678.658778
1720.258793,513,1685.959107
1023.451096,306,1686.710638
1346.257198,405,1687.518751
675.743857,211,1688.021765
1857.945811,563,1689.494685
2233.352169,678,1697.56178
2173.357475,697,1699.086842
921.559584,280,1699.814907
1055.396943,307,1700.553748
944.385005,275,1707.432847
1338.902497,399,1708.450021
389.614119,147,1708.784498
1244.750372,375,1709.665009
923.894254,275,1710.371975
1318.1853,402,1711.39162
1059.649957,311,1712.108131
941.746119,296,1719.454114
585.650893,224,1719.91507
1121.656225,331,1720.595278
1285.49448,374,1721.545058
1261.259275,371,1722.408134
1181.994727,340,1723.257981
1712.328649,516,1730.373524
857.343721,249,1730.920693
1456.806787,454,1731.861348
1357.654588,404,1732.822103
818.168347,251,1733.432545
910.685062,282,1734.110319
869.161014,252,1740.852883
921.49387,266,1741.460852
648.988262,206,1741.997055
909.496114,265,1742.628847
1042.4175,295,1743.264562
2046.825456,645,1744.792421
1382.937161,477,1752.414247
1148.529649,384,1753.353516
1489.460099,456,1754.48103
785.252829,231,1755.056684
1418.79611,413,1756.149685
1500.144652,486,1763.533212
1355.267873,398,1764.472589
867.017464,263,1764.930444
791.766578,231,1765.50578
1271.45897,369,1766.351254
1033.466119,291,1766.9976
1980.704056,637,1774.498681
1083.831007,395,1775.425399
877.289431,283,1776.16211
3105.279525,1000,1778.677502
1011.139922,294,1785.152087
2020.125541,618,1786.345525
978.155597,285,1786.798832
1412.580783,421,1787.631874
1887.976361,601,1795.266325
992.518773,287,1795.969039
1377.786122,393,1797.002308
916.697158,277,1797.614548
884.783161,262,1798.280582
750.677319,218,1798.862013
1839.608259,554,1806.351733
2835.373163,853,1808.506706
1316.631241,394,1809.555536
2623.239751,827,1818.109719
959.116033,274,1818.701447
2224.742011,679,1820.15415
2543.051387,808,1821.950702
764.163798,232,1828.679608
801.525765,239,1829.240247
798.077404,247,1829.822089
945.561667,273,1830.456513
1184.299536,375,1831.339425
1736.64247,503,1832.658357
952.556617,282,1833.347488
655.963373,213,1839.895192
1066.226548,316,1840.627318
1817.942592,545,1841.585078
966.687385,289,1842.226057
956.495599,285,1842.949152
1090.808619,324,1843.596452
1098.20934,321,1850.527459
1518.537029,453,1851.661649
1237.447306,371,1852.503211
732.067331,224,1853.071848
891.081898,265,1853.821434
867.693764,262,1854.489103
1561.677553,456,1860.863905
643.796169,198,1861.219002
788.741798,226,1861.644996
614.841796,205,1862.015591
1016.76436,285,1862.68994
1495.938902,485,1863.55695
1123.178983,324,1864.180572
881.449239,263,1869.626166
768.208118,226,1870.035238
1237.060087,364,1870.816256
1155.886318,357,1871.369809
1462.891776,428,1871.955567
1281.634062,406,1872.513367
1147.080586,377,1878.155446
1066.407635,311,1878.807735
1231.427674,350,1879.466173
1077.731768,313,1880.13813
1042.73319,295,1880.700185
841.894254,244,1881.102989
1066.699176,326,1881.774831
1328.794024,416,1887.355371
2592.116457,809,1888.393518
1417.330152,461,1889.090659
913.110539,271,1889.508653
795.592824,243,1894.331163
819.463946,238,1894.70463
1329.050799,402,1895.62226
3018.087707,1000,1898.235975
1577.596513,515,1905.690281
1292.752311,373,1906.594819
1813.238317,563,1907.94384
726.493251,223,1908.44711
2344.716949,741,1916.696132
3031.110129,904,1918.909038
2959.009931,906,1921.186431
1798.057564,549,1928.764024
3030.890666,935,1930.802998
1809.289098,557,1932.04381
1770.805174,555,1939.723032
2269.434088,720,1941.115694
1030.406206,302,1941.598688
1804.906486,550,1942.901448
791.492877,237,1949.521739
639.832867,198,1950.047248
837.338221,251,1950.618191
2473.756041,736,1952.566184
1345.933053,385,1953.594572
1351.601674,387,1960.813735
1986.554975,613,1962.019302
908.55339,267,1962.533366
1793.385612,533,1963.834114
766.757298,235,1964.333629
1661.507937,486,1972.095951
1955.401392,561,1973.108488
1097.383251,377,1974.085155
781.551556,238,1974.523181
1347.038801,386,1975.29538
2200.703875,666,1982.643609
2208.646135,685,1984.220589
814.520757,234,1984.671436
883.272576,270,1985.150536
1206.85661,374,1986.129812
2359.751785,727,1994.107665
1338.512653,387,1995.105785
1842.043418,558,1996.598366
1301.376805,357,1997.534913
1003.684783,289,2004.259908
985.430321,290,2005.051714
1063.013436,308,2005.636269
910.618872,266,2006.261795
624.090311,194,2006.775802
878.870578,255,2007.238129
939.373466,275,2007.791948
1044.100548,300,2008.548633
1346.985468,414,2015.43872
1118.245644,326,2016.219778
1570.416478,475,2017.469869
1997.243276,600,2018.943752
2203.000033,650,2025.837506
872.221706,264,2026.340807
2132.0436,619,2027.345299
1058.437202,311,2027.874446
3210.294739,962,2035.920099
1076.777951,320,2036.637359
1277.328012,382,2037.558713
840.454599,250,2038.124763
1268.784735,370,2038.837453
1747.574597,514,2046.490732
830.02812,256,2047.044394
1888.955622,561,2048.096025
1336.717988,390,2049.06557
609.923042,190,2049.555428
1986.512351,599,2057.478215
796.08561,247,2058.037524
1185.647531,339,2058.860557
1108.039267,309,2059.55705
1716.50725,503,2060.7907
1011.032845,302,2061.510984
2185.137547,655,2069.168931
1301.927048,373,2069.971629
647.281854,222,2070.354029
1045.170719,298,2071.152514
1037.873666,301,2071.846212
852.18496,252,2072.478979
952.741338,280,2079.454599
906.596771,268,2080.022368
1057.621488,305,2080.853231
1716.284189,501,2082.138897
1001.406215,296,2082.947061
981.189259,275,2083.726396
1479.233342,435,2091.211764
565.732415,197,2091.749525
903.455602,262,2092.456096
852.873753,244,2093.05151
703.817181,209,2093.49891
1262.072226,373,2094.440351
1244.662894,364,2095.232422
715.612624,216,2102.17573
915.046553,271,2102.950216
1386.111475,412,2103.987677
1021.410841,292,2104.726878
1740.89899,517,2106.066526
1559.387325,463,2107.246633
1045.354092,301,2114.288594
991.060136,286,2114.9368
1041.536346,299,2115.420594
1219.144616,347,2115.977174
1623.476423,495,2117.219325
884.052971,256,2117.85906
1104.209529,317,2124.863658
1148.933185,326,2125.70695
1109.271943,322,2126.378016
1732.197698,496,2127.341092
914.183414,270,2127.993849
1935.836253,570,2136.02764
1294.646316,372,2136.836629
1048.058105,295,2137.471009
912.632308,269,2138.089195
921.426471,266,2138.780913
890.421384,258,2139.363961
657.173973,202,2139.728719
871.897566,265,2145.927739
1149.58609,345,2146.820572
1758.101014,527,2147.879528
1474.424403,429,2148.911103
1020.706384,309,2149.755509
899.169154,274,2150.506453
1273.452728,352,2157.835553
2374.954845,715,2159.663092
1023.642523,293,2160.294115
2471.775929,736,2162.145233
915.056358,272,2169.45082
808.008783,239,2170.023895
1244.644944,375,2171.001156
1813.53948,521,2172.004153
850.942809,255,2172.542366
1427.594156,419,2173.490199
1004.948342,290,2180.675001
1058.182802,300,2181.498256
954.907534,273,2182.248075
940.917373,276,2182.914068
1114.420016,323,2183.703984
957.620313,275,2184.385317
1089.913966,310,2185.069439
1122.573083,323,2192.183834
1086.508668,310,2192.879041
1505.147076,436,2193.812214
1200.184714,334,2194.474592
1125.957617,335,2195.32864
1689.534954,499,2202.683758
1568.889406,469,2203.623793
1100.239777,320,2204.380589
1422.977856,409,2205.431091
1337.265642,396,2206.42893
1676.489182,496,2213.693952
1962.306442,578,2215.092901
806.399404,237,2215.732246
2289.537773,669,2217.283663
1015.48191,292,2217.915821
1683.05054,496,2225.046531
961.859035,277,2225.726278
1933.523919,596,2227.341948
1454.443131,424,2228.619656
1018.496278,284,2229.437975
958.285433,285,2236.152286
1309.192604,373,2237.018933
2487.137355,746,2238.686965
2567.417499,737,2246.923221
882.435068,251,2247.452347
809.855096,235,2247.849499
158.83412,79,2247.9545
814.457342,236,2248.585956
167.02377,82,2248.810436
843.16478,237,2249.428309
1023.115631,296,2250.277979
849.41881,242,2250.90597
1303.116351,378,2251.933537
391.672152,152,2258.91288
1058.349827,300,2259.57374
708.188283,209,2259.994468
882.406528,267,2260.706663
824.70605,249,2261.265576
2959.880522,930,2269.469597
998.645141,275,2270.12226
1130.191072,330,2270.805019
1313.893754,389,2271.700762
808.604299,230,2272.298513
906.012551,268,2272.893402
1068.37641,300,2273.433954
805.348555,235,2280.159592
996.411572,275,2280.847165
1947.198133,578,2281.944693
1191.148831,337,2282.638011
1206.761527,348,2283.358722
1056.426242,313,2284.146867
918.065837,265,2291.111997
665.407058,205,2291.659215
935.837894,263,2292.195286
753.340249,219,2292.722678
926.404129,269,2293.415577
836.455564,240,2294.028118
885.715238,254,2294.651004
918.254273,264,2295.30201
674.798557,205,2295.669884
1751.363414,501,2302.530963
789.393339,230,2303.018126
1024.823611,290,2303.801923
1356.51126,387,2304.74822
1027.973294,285,2305.52602
915.042765,271,2306.092312
1103.916569,304,2312.960456
1706.875991,495,2314.24989
903.712065,257,2314.727574
1135.314817,320,2315.485645
1262.973227,358,2316.401265
749.304679,219,2316.920519
801.621023,234,2323.847324
1160.520522,348,2324.663562
1238.473799,354,2325.603604
1458.433735,420,2326.740635
825.794012,239,2327.31732
2387.640507,746,2334.777398
1569.02775,459,2335.665631
1286.842426,368,2336.598265
1502.152808,424,2337.573896
3144.44215,1000,2346.28428
812.21525,245,2346.750583
2150.103502,644,2348.307852
893.007929,255,2348.810192
1567.360317,463,2349.959197
936.856455,264,2356.641655
1515.366822,441,2357.705915
1882.281472,569,2359.016457
806.21417,232,2359.563205
1613.47288,498,2360.773514
2173.749048,646,2368.40694
607.781469,201,2368.786096
3218.304268,1000,2371.200745
1721.022446,527,2378.904958
353.656729,133,2379.246679
1141.792761,336,2380.039608
1010.399368,298,2380.668287
1093.444347,308,2381.3149
787.313328,237,2381.954553
681.508016,212,2382.524304
686.434312,213,2383.08218
1457.263194,428,2390.626434
613.179593,195,2391.188163
2535.303258,764,2392.622345
2059.737762,636,2394.088681
3177.808605,1000,2402.576936
962.083046,275,2403.295792
1193.270028,345,2404.134118
1521.783012,448,2405.145669
1702.037166,491,2412.705916
3163.256188,1000,2415.169744
1376.716575,410,2416.108329
1290.023658,372,2423.396743
2192.856899,628,2424.686381
1284.598259,360,2425.591392
1784.043586,521,2426.732055
1541.112002,450,2427.757091
888.00481,272,2434.637841
995.000659,280,2435.273226
805.879631,233,2435.80256
809.239898,237,2436.402542
871.730713,244,2436.941673
2377.821069,688,2438.636076
1115.321386,319,2445.952887
2367.229149,670,2447.563578
652.14414,198,2448.019174
1381.808498,384,2448.975002
776.541449,234,2449.474166
1715.040125,498,2456.68901
1542.616396,444,2457.849775
886.668013,258,2458.602382
747.107423,223,2459.126645
1709.860335,496,2460.364584
1005.855042,298,2461.039442
856.598475,243,2468.304514
2025.501035,612,2469.678394
607.661558,191,2470.008847
398.46006,155,2470.219265
1199.496843,341,2470.999001
159.784265,79,2471.227524
851.565875,246,2471.869078
828.488975,245,2472.554863
1335.237056,404,2479.670002
1361.915039,401,2480.437069
797.747628,229,2480.88698
946.659904,271,2481.401424
957.165036,273,2482.070839
1006.757875,279,2482.779718
1042.788788,296,2483.606448
959.149584,278,2491.171542
2896.874217,842,2493.069845
1611.26219,460,2494.371071
1241.590613,360,2495.128507
1463.091327,430,2502.65683
1077.740558,316,2503.456834
1283.241885,368,2504.264481
1426.546976,401,2505.109535
1348.168594,405,2506.126512
1902.1791,553,2513.848591
327.806832,129,2514.210287
314.390689,129,2514.46974
916.865681,265,2515.133557
861.517196,247,2515.730044
2199.72957,663,2517.33583
771.304852,225,2517.845797
1207.161201,339,2524.551217
1340.077893,390,2525.292313
1159.65598,333,2526.088019
1320.961541,393,2527.053961
1669.974419,481,2528.234
1209.295624,339,2534.949391
3339.8069,1000,2537.478683
1070.726402,302,2538.21158
1201.13471,349,2539.079212
1867.667616,541,2546.520007
3332.792639,982,2548.814937
1217.521137,348,2549.507941
932.581688,269,2549.972646
911.593424,275,2556.598442
2433.088887,739,2558.444647
1244.412813,358,2559.320526
1340.689594,386,2560.156881
1532.1332,451,2561.270984
1693.374287,488,2568.471989
1358.286932,389,2569.214221
2657.004604,778,2570.884939
779.941549,228,2571.444281
