#{"t_start": 1532988393.464372, "env_id": "Walker2d-v2"}
r,l,t
-3.150224,31,0.101591
-10.601725,18,0.160829
-6.497307,30,0.252782
-12.084386,29,0.331083
-7.668355,38,0.435901
-7.326396,17,0.498274
-13.79466,15,0.534207
0.952909,17,0.576779
0.288276,25,0.631043
-3.051076,20,0.672034
0.162672,19,0.717518
-12.365105,18,0.77017
4.208475,43,0.861983
-2.908207,19,0.901201
-4.365261,19,0.984547
-7.055262,26,1.053738
2.961612,28,1.132442
37.000449,78,1.353305
-1.813784,16,1.402111
-6.324101,17,1.451892
-0.290555,13,1.500789
-9.695416,24,1.56024
-1.034333,25,1.608444
-5.267468,20,1.660426
-3.767324,43,1.814454
8.981313,71,2.010745
1.131321,21,2.073965
2.68048,21,2.13526
-0.38478,12,2.171617
-0.698615,21,2.218919
-13.637317,23,2.306423
-7.024973,15,2.340321
-3.970212,24,2.402259
-7.316396,21,2.443052
0.591265,13,2.484401
2.359772,19,2.523453
-0.21489,15,2.55126
-2.049057,35,2.673525
3.790294,25,2.742364
5.828477,26,2.834573
37.262359,50,2.919905
-9.611135,29,3.029136
-1.983099,15,3.061002
-8.933936,19,3.096785
2.47452,13,3.112927
2.863899,30,3.184854
18.488288,38,3.276612
-8.064335,20,3.329015
-7.327868,19,3.369784
-2.225144,22,3.455269
-3.237542,15,3.479904
-8.528109,28,3.536128
-2.074537,21,3.570912
-7.553633,29,3.669193
-2.634641,32,3.759991
-1.410502,14,3.781614
-6.994352,19,3.862543
-6.163151,20,3.898531
-1.318647,22,3.950992
-6.041349,15,3.983005
-4.868758,21,4.021089
-2.362416,31,4.085154
-8.131001,21,4.150055
-3.37617,18,4.199716
-2.167988,24,4.237436
-4.82631,22,4.315752
20.470839,32,4.403162
2.837538,30,4.477805
-7.113075,18,4.528728
-5.936942,21,4.580149
-11.576878,20,4.645121
15.638311,34,4.740248
0.392746,37,4.822882
-4.244807,24,4.889434
23.477669,41,4.999184
-8.520505,13,5.030217
-7.601927,14,5.064337
-9.16362,26,5.14845
-0.695395,35,5.231178
-8.210306,17,5.285523
-0.791933,14,5.324465
-10.029615,19,5.376706
-4.831733,34,5.444649
-11.905808,34,8.491699
0.470707,13,8.540669
-1.781643,19,8.590945
-5.443568,24,8.639422
2.366207,49,8.786724
2.946268,27,8.852217
-1.540095,13,8.882091
-4.289175,54,9.026661
-5.423105,19,9.057931
-7.598985,20,9.081865
-7.577073,20,9.135213
-0.498475,12,9.148767
-7.3674,20,9.213027
2.043928,30,9.277515
6.574797,26,9.32588
-5.501469,42,9.378428
-1.423886,28,9.41577
-8.289449,10,9.452473
1.689322,34,9.525463
-4.574028,21,9.583759
-6.953809,23,9.644914
-9.962819,60,9.727935
16.470189,30,9.787375
1.183397,19,9.835464
-3.485092,22,9.872941
-3.163619,15,9.902174
-5.034251,23,9.948607
-2.243318,32,10.051116
9.814762,27,10.11234
3.8712,21,10.164447
-10.836142,27,10.216133
1.596511,30,10.284377
-13.55964,41,10.369124
-6.680205,26,10.467441
-1.91468,46,10.567304
-5.435216,33,10.664945
-3.303782,7,10.69135
-5.109717,13,10.710351
-1.616373,14,10.749398
-9.953284,22,10.808799
4.531485,38,10.916835
-14.046556,19,10.961141
-0.507272,22,11.063426
-9.418078,17,11.093625
-9.652876,29,11.174495
-9.661706,18,11.24022
-3.491166,28,11.316049
-8.927672,19,11.371653
3.997342,16,11.417778
-4.075459,32,11.490934
-12.235992,19,11.550967
-7.552889,27,11.632264
-1.939971,24,11.694551
-7.871736,24,11.747083
-3.507301,22,11.801646
-8.205574,30,11.898678
8.477862,38,11.967054
0.139491,24,12.016784
-4.184777,19,12.059356
-8.888245,24,12.130118
-0.37128,17,12.175974
0.967193,23,12.224106
-4.79753,59,12.394437
-9.202339,16,12.437928
-11.307889,16,12.489917
-3.387589,34,12.60011
3.994371,23,12.670048
-6.708867,19,12.732629
0.792007,48,12.877213
-3.737947,23,12.91782
2.541928,29,12.993479
-5.157052,13,13.034347
-2.498573,21,13.116317
-10.082737,21,13.150912
1.308036,26,13.215175
-9.867976,18,13.267144
-11.19521,27,13.352726
-11.505731,19,13.398199
-7.894116,22,13.441418
-6.451202,17,13.492461
23.576514,50,16.458867
21.445881,37,16.584718
5.447879,18,16.618307
-5.106568,16,16.656254
1.486288,18,16.71959
0.024839,18,16.774735
1.394852,19,16.827168
18.296984,30,16.919108
5.471969,22,16.975451
-3.885141,17,16.994104
-8.209696,31,17.059297
40.520633,62,17.247115
3.878669,16,17.308029
16.981868,29,17.392534
5.476309,24,17.484238
5.982159,22,17.556453
3.056443,31,17.640837
3.037195,25,17.694694
-3.304936,17,17.738362
2.539224,32,17.807188
-3.952822,27,17.86585
12.935744,29,17.943594
10.377329,39,18.027431
2.890518,37,18.114979
-6.827712,24,18.197833
4.670852,39,18.299565
0.76954,44,18.397979
14.204867,34,18.47487
2.542413,19,18.507955
27.897586,40,18.586148
6.260159,40,18.701365
-8.482028,17,18.740415
-1.854512,28,18.790275
-3.201359,18,18.822753
4.363284,40,18.934098
10.27311,34,19.037992
22.238186,52,19.185901
-3.211089,13,19.216307
38.468379,77,19.436749
3.65287,32,19.502322
6.563477,33,19.601083
-3.54195,27,19.697369
-2.528292,12,19.725964
-3.156602,15,19.765986
-9.635027,18,19.807518
5.166684,44,19.918967
-1.926712,10,19.934516
8.91889,41,20.063677
-9.02472,13,20.101591
-2.621874,36,20.203769
31.427064,68,20.416348
-7.399074,28,20.483088
6.787342,25,20.558273
2.132376,22,20.613971
69.354999,72,20.803567
4.878016,31,20.91841
5.147858,31,21.020275
1.944873,28,21.124871
5.780835,33,21.205124
-3.734378,12,21.242247
-1.816094,48,21.390414
9.505896,39,21.498643
7.628142,60,21.681306
25.170858,53,21.845946
10.129201,27,21.917372
-5.912211,20,21.966486
2.3826,19,25.00216
51.900858,73,25.171925
15.089581,49,25.293374
15.529216,58,25.431077
16.228846,33,25.491983
-5.724776,26,25.543813
67.704652,86,25.754527
-1.833458,14,25.79275
8.757043,35,25.86335
3.241338,48,25.982138
37.272886,61,26.144145
11.576002,29,26.221733
9.974526,23,26.28209
-2.939909,33,26.360284
1.480653,31,26.422115
-4.974947,20,26.45771
13.298358,55,26.60841
0.399482,22,26.686357
4.855508,47,26.799168
4.653912,24,26.864448
-5.292284,21,26.907486
-0.916902,25,26.959539
-0.672041,32,27.06844
9.411847,30,27.136751
6.873746,38,27.260238
-1.244798,11,27.275658
24.904326,44,27.376911
9.712123,33,27.472991
-11.516849,65,27.615252
25.645484,58,27.761013
23.589638,93,28.007363
-8.84816,26,28.090001
9.246068,69,28.275738
6.405197,27,28.36023
21.036953,35,28.461133
12.490148,27,28.54171
-0.477831,19,28.571782
17.821603,37,28.68182
35.562314,67,28.848556
-4.014458,66,28.983054
36.159236,68,29.141279
-7.081839,16,29.177946
2.982341,15,29.238202
-5.964346,20,29.28518
-9.055721,31,29.381413
7.8275,24,29.438698
-0.843283,11,29.48325
-13.630158,61,29.649801
3.411658,26,29.749733
-12.861706,69,29.916418
-3.026299,31,29.981772
53.573922,87,32.944925
4.699523,25,33.016369
0.743258,28,33.053305
8.145535,26,33.108507
1.060842,16,33.125542
2.265742,18,33.178864
53.651431,73,33.357444
25.666541,52,33.489357
1.914925,29,33.61287
7.779252,23,33.681142
25.288676,44,33.80857
55.984504,63,33.987023
-1.319991,17,34.026032
-5.705716,20,34.073536
-7.869307,20,34.133727
-4.61983,53,34.233538
31.894964,49,34.382268
6.542889,23,34.432651
78.512046,91,34.674539
158.210812,116,34.925236
42.547948,88,35.130874
32.055473,82,35.36775
5.193011,31,35.465286
-1.765647,73,35.62502
86.801245,114,35.910304
-14.353192,62,36.09588
-2.868072,17,36.146222
14.071532,45,36.247516
-0.092815,63,36.431767
12.575384,77,36.642107
24.90888,45,36.78121
2.834229,21,36.838047
43.010897,83,37.07656
68.739609,72,37.260784
55.191966,59,37.442293
32.620765,61,37.668789
13.961198,35,37.75289
224.300252,190,38.251409
7.042368,38,41.226192
-1.605384,52,41.42274
8.075957,35,41.5184
32.608478,70,41.681166
3.70766,21,41.722871
16.647542,45,41.831721
38.243002,70,42.014642
83.138184,100,42.293422
6.304433,17,42.324838
0.924823,22,42.369837
2.364089,27,42.462051
-5.319076,52,42.588609
27.972697,55,42.722749
50.742905,75,42.945598
25.630278,62,43.08443
14.004041,33,43.161475
20.97698,98,43.403165
33.812246,61,43.562383
13.315942,44,43.685986
-2.219063,21,43.740798
8.963674,25,43.81941
19.805733,82,44.049782
23.08005,39,44.15703
36.98796,67,44.317225
58.1546,102,44.563194
209.94504,109,44.79687
30.402529,90,44.958981
-6.757027,15,44.994952
11.607354,36,45.0611
51.444044,78,45.262929
-6.484438,28,45.329569
30.668115,41,45.398801
-3.5597,26,45.450141
7.71799,38,45.556949
9.246953,53,45.712745
6.301086,71,45.888389
3.882063,12,45.913759
-4.539507,21,45.985081
33.291764,44,46.080607
13.112266,37,46.151155
28.44997,82,49.263002
76.22435,63,49.429315
61.253371,88,49.739233
44.089236,150,50.211132
45.169814,62,50.39228
41.516807,103,50.609524
35.186838,68,50.761903
27.198937,49,50.859167
37.064234,65,51.027047
46.849758,77,51.226748
7.932128,35,51.353286
73.665274,84,51.545919
40.148681,57,51.682458
4.283756,36,51.797872
143.927829,141,52.182547
-1.974911,20,52.240686
25.851989,69,52.423985
48.115849,75,52.655159
33.144038,54,52.816748
12.371336,57,52.985422
69.346064,109,53.24071
37.139818,107,53.554334
35.150613,71,53.780555
39.168296,80,54.054006
16.094499,33,54.136905
18.181486,44,54.260924
16.217078,78,54.535131
40.091436,60,54.666538
108.21121,116,57.665128
55.141385,82,57.886787
3.457098,20,57.920421
14.856112,40,58.006394
134.433694,178,58.495631
4.183783,21,58.545112
62.585964,76,58.74796
273.866923,175,59.191577
193.083281,145,59.51023
119.57171,144,59.846376
428.575873,262,60.535728
4.267592,30,60.632151
23.154209,63,60.794317
44.928528,74,60.981293
350.32368,225,61.549261
0.44342,17,61.592266
119.072093,122,61.897554
40.055462,67,62.072833
29.004375,82,62.302967
20.659891,121,62.652669
30.095362,45,62.763766
82.097863,127,65.998437
369.944565,304,66.79063
3.555963,35,66.919438
149.528118,183,67.408037
251.455422,258,68.073045
268.278663,188,68.629714
226.299078,305,69.533409
501.505003,398,70.672693
1.727502,32,70.759984
36.420036,69,70.956387
0.13426,26,71.001868
62.148421,100,71.24435
254.026883,150,74.188766
231.623667,166,74.698315
292.421992,166,75.16265
193.167987,110,75.444167
50.862832,82,75.636248
82.793564,84,75.85963
236.567654,187,76.299671
437.536298,335,77.190272
20.089832,50,77.315665
37.589839,59,77.445976
320.892134,221,78.110548
296.600527,182,78.589653
220.271694,133,78.972342
113.42761,132,79.23549
191.947,113,82.494147
226.046746,152,82.913335
371.067336,213,83.452093
3.486122,42,83.561856
93.186981,165,84.019798
293.490918,183,84.488368
83.379576,99,84.771856
260.427497,141,85.129656
248.443275,183,85.630925
146.420971,181,86.105698
273.716568,196,86.585257
182.946704,215,87.13481
98.010634,148,87.520161
350.053042,164,90.732649
433.09955,247,91.36451
355.744781,207,91.87797
473.26532,651,93.590513
436.516442,266,94.267778
74.391591,144,94.564157
100.052729,246,95.174669
22.302293,88,95.431153
295.293914,201,99.147716
107.999411,133,99.515574
273.629399,210,100.033323
117.167639,188,100.555213
156.997434,270,101.282767
423.512021,333,102.338832
304.373169,195,102.860537
112.279071,81,103.104275
208.65966,126,103.444853
267.381608,191,103.947809
548.545711,423,107.885855
472.457881,382,108.902169
343.972239,188,109.375884
310.53911,180,109.849699
611.677652,419,110.893946
169.07902,166,111.342851
99.569684,183,111.806764
360.743289,240,112.493239
251.458532,178,115.770955
93.729449,104,116.063092
232.745729,172,116.456129
153.007342,211,116.975225
218.928346,109,117.291939
236.579879,144,117.696589
237.929239,130,118.082093
368.55923,515,119.450465
335.453752,231,120.096805
486.7617,388,124.13468
125.764729,165,124.610215
343.265462,202,125.153136
202.954556,209,125.76174
413.947524,200,126.315219
563.269594,410,127.461136
387.25049,280,128.242927
325.35972,232,128.884358
153.633755,112,129.216503
187.278976,153,129.561634
249.524697,131,132.516733
60.916676,77,132.690404
1006.714255,1000,135.437134
307.123185,219,136.033909
293.337051,210,136.488115
283.497801,137,136.847831
389.97112,270,137.580381
312.991842,192,140.909646
451.952042,292,141.75284
1026.099476,1000,144.505951
294.494885,169,144.947954
670.924389,390,146.030856
281.931678,180,149.421884
410.957319,264,150.102361
324.960613,203,150.665123
263.090441,354,151.615312
268.033324,160,152.050395
346.607695,219,152.583432
81.240645,188,153.0942
265.001535,190,153.617366
334.224072,182,153.981484
553.866373,393,157.739627
710.617979,479,158.948063
372.364991,296,159.74484
441.259536,313,160.48296
367.785847,290,161.182499
108.901479,162,161.686686
402.513665,296,165.323934
19.310796,68,165.52409
310.118527,165,166.057297
474.310591,238,166.705311
123.32108,88,166.932471
487.909406,292,167.623994
331.216172,179,168.186266
292.434149,164,168.657875
586.039618,465,170.018356
182.414098,220,170.623453
127.13494,209,174.025488
225.915558,118,174.340326
258.136494,144,174.681125
59.972335,161,175.079447
284.977425,189,175.601052
423.802028,321,176.423609
408.764919,265,177.056621
288.172993,191,177.608914
365.320703,400,178.710744
244.285489,111,179.058839
221.575489,106,182.051857
418.685431,296,182.781149
552.586574,328,183.612011
381.690371,283,184.438621
315.455103,182,184.887021
287.017194,179,185.306911
278.672194,183,185.785458
303.514143,247,186.444235
471.724989,320,187.285175
352.539735,235,190.923474
454.60707,272,191.59066
401.685862,239,192.236906
311.25486,203,192.771059
308.443968,168,193.183729
342.896809,190,193.700407
302.663426,152,194.090811
131.247937,224,194.675173
212.118256,125,194.993751
319.559303,217,195.535147
385.360637,230,198.788546
560.561071,366,199.724502
343.480244,191,200.22562
903.805115,675,202.03239
41.144467,60,202.160645
445.435553,300,202.991288
315.493897,174,203.446173
329.413434,182,206.979948
272.415299,136,207.323603
350.714445,219,207.96093
838.785366,652,209.718976
105.342271,197,210.25017
262.438568,182,210.760666
375.570923,249,211.38765
328.937367,163,211.792872
300.224392,176,215.171821
463.701612,287,215.890296
350.592996,202,216.468376
576.389851,449,217.59679
327.107815,184,218.086581
458.397588,258,218.777209
571.183381,416,219.866952
418.372006,262,223.409085
374.609784,240,224.071132
341.161997,189,224.588928
202.636874,133,224.978593
263.951117,182,225.39725
474.175381,279,226.118459
235.70212,168,226.47044
352.482279,204,226.902961
313.097512,150,227.264289
251.92247,282,227.968062
377.841951,210,231.446758
667.222184,477,232.686516
362.777407,192,233.135348
299.929149,198,233.658828
318.154854,164,234.007437
412.691838,238,234.709023
519.952436,282,235.353848
325.405139,274,236.1902
267.198184,141,236.620259
322.278527,157,239.865917
638.807698,530,241.24419
318.927827,186,241.719187
390.365514,216,242.277573
460.033712,271,242.921671
308.462431,183,243.398634
359.446144,205,243.936687
230.402962,148,244.295743
515.4023,319,247.882709
328.43878,163,248.25591
384.293202,237,248.84856
340.489566,197,249.426947
304.355166,179,249.864597
282.57476,171,250.294437
375.590025,189,250.760313
60.077634,81,250.949489
255.329471,133,251.265361
666.117059,518,252.752046
363.601875,193,256.020278
455.546407,264,256.728822
366.778331,213,257.301059
455.989374,357,258.25593
804.838951,531,259.637192
239.884225,157,260.041779
256.092442,163,260.469898
323.972612,162,260.870584
307.543749,147,264.02284
325.794437,202,264.582144
131.881774,237,265.212865
313.4619,177,265.680911
339.387099,171,266.113242
551.998391,420,267.243484
317.54491,155,267.658299
280.691176,193,268.12562
539.086825,304,268.8939
265.922499,152,271.936685
613.948709,460,273.22643
326.427592,200,273.779619
387.408885,200,274.331625
381.412695,230,275.061101
368.936822,223,275.565519
352.31382,206,276.108341
248.281613,142,276.482115
405.62908,292,277.203032
435.839503,243,280.626648
275.932187,159,281.007318
449.477598,255,281.727149
520.372646,303,282.408502
393.873864,248,283.049201
399.901382,197,283.580836
202.171798,131,283.929174
396.913009,246,284.625937
443.157116,223,285.232542
442.873967,267,288.676906
437.187878,291,289.440599
332.772949,199,289.950752
368.442556,195,290.451221
396.558196,192,290.918216
50.364828,62,291.097873
46.403462,56,291.256022
261.875358,164,291.661941
483.429496,279,292.441539
304.167912,151,292.880686
541.786379,289,293.691846
340.628021,234,296.877109
443.42325,267,297.546014
323.446421,133,297.855274
352.63385,154,298.274111
556.607993,362,299.235317
407.96041,230,299.819005
409.545182,224,300.464905
312.065021,154,300.900182
350.294773,207,301.473104
398.615867,246,304.970979
526.033881,319,305.830267
309.905082,168,306.249627
413.581953,219,306.789337
345.728873,175,307.270181
370.309121,220,307.842494
403.277197,179,308.213673
487.228235,244,308.946825
273.245091,133,309.457673
264.001583,150,309.997653
290.408074,163,313.089289
212.305079,132,313.463067
394.971605,192,313.980579
208.553963,161,314.508117
340.545649,166,314.912729
503.328651,257,315.555222
419.961003,235,316.199287
222.784966,117,316.501314
497.982748,246,317.16096
307.154151,174,317.648643
122.611728,223,318.173013
438.318489,223,321.634427
370.319547,185,322.099958
332.173366,182,322.537914
374.285898,184,323.002224
312.878999,176,323.453445
360.763134,231,324.003527
390.860672,187,324.505697
206.932826,139,324.926314
344.088571,205,325.482689
294.960075,165,325.884089
423.613604,215,326.481312
434.905606,248,329.739874
292.165481,138,330.079262
627.309963,394,331.13855
431.825681,221,331.72662
510.214104,305,332.523032
84.951349,179,332.969428
419.79821,238,333.563867
489.823118,276,334.257806
422.712128,244,337.586456
445.009767,291,338.387007
365.316928,163,338.821596
308.277793,181,339.250711
356.062414,168,339.776082
450.421291,229,340.385888
408.023026,217,340.940978
446.784673,319,341.788207
490.302614,241,342.318352
326.380458,171,345.447128
354.021419,179,345.896661
356.859943,185,346.394568
353.548167,180,346.881363
344.508669,171,347.303472
368.135083,208,347.82597
398.863533,212,348.418778
338.378653,177,348.84346
429.555458,231,349.460359
472.443965,209,350.038261
397.212727,217,353.450433
298.274753,168,353.907466
308.958434,162,354.289004
322.594586,180,354.750849
295.040923,135,355.077171
419.460511,200,355.478565
349.285747,175,355.93161
341.479432,177,356.347629
300.787814,147,356.816668
47.390015,77,357.055776
373.538328,206,357.479194
374.321507,200,358.063611
342.722126,163,358.489793
413.073029,232,361.632869
458.799081,293,362.538565
371.485549,163,362.977589
393.540404,213,363.632304
200.140866,117,364.083686
459.604706,279,364.973022
454.403884,191,365.435009
362.568143,158,365.813086
277.320659,130,366.150842
303.435333,142,366.45094
444.814274,184,369.885388
377.398333,175,370.420709
344.898494,171,370.877905
343.531488,184,371.389002
419.771225,194,371.931508
402.976383,206,372.477549
448.645907,173,372.86948
370.124815,193,373.332847
308.30443,168,373.853437
318.073548,156,374.275167
306.269508,164,374.694117
348.92701,180,375.175457
59.801656,61,375.327143
450.845853,182,378.586366
471.291238,195,379.165691
614.642049,272,379.844867
377.163335,203,380.432867
810.664002,486,381.686554
351.231836,143,382.054481
392.840563,174,382.470606
448.833868,213,383.041291
82.651996,90,383.274988
402.352191,206,386.594654
624.800229,339,387.539159
337.37994,189,388.086058
368.29783,192,388.573386
130.619909,137,388.948258
521.409348,215,389.550182
350.088834,184,389.999783
80.604419,87,390.230564
441.609559,329,391.159785
156.255116,128,391.552206
306.883112,162,394.75333
378.859232,210,395.20793
269.985906,137,395.590819
429.67326,219,396.103053
424.595643,201,396.669525
352.118855,178,397.24822
396.47936,178,397.727209
370.575365,190,398.193851
274.778854,149,398.628958
328.114274,180,399.098917
476.319518,244,399.783105
363.677407,195,402.942257
333.318276,169,403.417936
447.522331,221,404.082686
372.697062,170,404.632562
547.370456,284,405.433985
489.190913,246,406.057238
48.170536,52,406.161287
484.265629,279,406.817899
377.865621,217,407.33754
362.713568,224,407.87043
334.123483,160,411.125448
446.239107,231,411.746122
393.219017,207,412.3393
517.493124,280,412.940544
428.829694,188,413.427092
398.294752,167,413.861716
409.706689,172,414.29184
474.122886,223,414.817185
291.208185,147,415.239252
284.875671,155,415.618139
274.868294,142,415.94218
542.261568,263,419.404795
352.055671,173,419.845243
414.420738,200,420.271745
338.488632,187,420.746026
387.318035,175,421.243116
388.716653,215,421.848329
535.738506,244,422.525473
795.578116,341,423.47677
662.577931,344,424.406091
376.918857,185,427.788927
392.633041,189,428.280602
449.734328,225,428.865353
294.023606,164,429.296126
526.813772,255,429.955038
370.941762,186,430.361379
330.61452,172,430.816482
471.484938,229,431.438605
550.810971,273,432.198518
573.609117,289,435.66498
412.894621,206,436.243704
396.154494,190,436.723875
421.565753,218,437.276743
435.551946,202,437.772008
458.630412,266,438.465621
331.101237,175,438.951078
329.827453,173,439.43293
485.624285,215,439.984169
534.04452,248,440.693357
344.672941,171,443.959853
369.201857,172,444.401307
383.937246,161,444.803139
362.981011,158,445.246686
461.475117,202,445.782591
411.181728,263,446.441666
301.463843,167,446.913166
285.858491,132,447.238591
421.611616,180,447.74184
484.138964,190,448.265211
506.580816,224,448.758424
882.53504,496,453.050735
483.970176,203,453.542927
454.402597,252,454.156433
360.166199,151,454.577603
531.058926,336,455.476305
327.398124,174,455.888265
345.836855,146,456.270681
928.28446,562,460.356455
475.517947,167,460.797447
370.83457,159,461.266073
412.645367,178,461.683759
292.831468,146,462.036061
414.303552,197,462.584553
330.743557,162,462.997844
420.97605,162,463.446277
355.9484,155,463.849133
435.55628,190,464.223662
285.035935,112,464.427298
415.125791,150,464.763174
465.572988,176,468.183687
57.355769,64,468.373012
38.730244,48,468.515822
382.08197,168,468.90342
459.647229,187,469.378914
364.481042,152,469.792403
433.10498,187,470.333659
428.491921,187,470.796174
460.235021,183,471.241072
405.045125,160,471.675789
521.857087,201,472.189722
341.936565,154,472.576926
449.252432,190,473.118502
280.437107,136,476.164667
391.297622,157,476.544979
342.840461,136,476.900261
313.379721,131,477.201049
426.102725,147,477.535386
267.27277,110,477.836787
412.680305,180,478.308968
288.893665,123,478.582574
360.123432,151,478.947361
370.331132,184,479.496317
387.153801,186,480.032423
227.259568,103,480.335802
338.269077,136,480.707075
360.975543,124,481.060975
393.528149,171,484.410555
538.099581,219,485.000981
454.954249,171,485.438323
404.078267,148,485.811027
239.637575,171,486.26431
455.143077,181,486.650893
663.876752,245,487.056755
454.631999,174,487.436636
511.399164,195,487.755396
522.239413,265,488.343923
440.503486,163,488.765503
84.242096,115,491.979946
322.132282,141,492.369056
561.863451,238,492.985235
1110.868824,628,494.701444
340.296578,152,495.160802
305.558472,139,495.507884
379.852572,179,496.013228
409.849047,178,496.499082
400.979919,202,497.026395
373.48178,157,500.122941
420.716244,168,500.639481
72.01827,75,500.852185
313.291946,164,501.306628
29.742672,39,501.412524
78.789852,72,501.606062
425.531281,165,501.985711
425.988398,174,502.505666
343.694875,125,502.873041
378.792098,150,503.25335
372.049158,167,503.691161
312.367675,147,504.100479
527.254501,222,504.61497
750.283152,413,508.680579
458.786446,162,509.130746
432.71552,193,509.536055
401.782867,188,509.967295
394.926668,194,510.418956
41.450656,53,510.566053
534.066371,194,511.102917
417.220729,183,511.570251
482.910227,211,512.172658
629.400887,270,512.841492
314.055361,117,513.14379
489.724649,188,513.719001
413.96845,187,517.099329
350.009768,171,517.467601
406.153346,169,517.920088
407.696814,171,518.366872
410.554923,210,518.854433
436.091983,163,519.238276
505.678376,195,519.736049
714.487821,322,520.516447
359.292435,135,520.851964
415.073941,163,521.289786
430.825473,190,521.689366
569.910323,286,525.212266
392.542569,177,525.666686
427.0709,178,526.050789
470.66891,164,526.501753
488.433153,184,526.967761
635.755633,297,527.765102
263.395413,121,528.096887
459.962196,183,528.56656
469.756908,195,529.174906
426.518776,157,529.62765
303.218805,133,533.022568
470.450636,185,533.497711
319.905319,160,533.916935
360.580811,143,534.243005
434.288596,177,534.750475
177.333218,113,535.050542
410.20504,180,535.42694
356.877933,155,535.733505
513.980851,183,536.194122
350.147687,158,536.634968
498.662511,182,537.162845
347.128866,146,537.606666
449.526281,187,538.099325
465.999694,177,541.253856
418.425278,161,541.700042
516.669558,215,542.265788
585.59771,216,542.880266
375.593086,160,543.323939
560.254626,217,543.946185
523.031987,192,544.512536
553.944965,229,545.161493
636.062961,240,545.787191
380.883021,167,546.212657
433.360891,176,549.780502
474.542885,197,550.293988
516.905754,191,550.775508
513.932614,180,551.219844
341.98297,141,551.590785
792.8569,380,552.60515
461.14751,180,553.056762
480.441253,184,553.545685
336.128822,126,553.850124
440.67089,184,554.34024
438.519979,169,554.782942
547.640145,188,558.034653
472.678409,197,558.567757
417.293433,170,558.93052
396.920132,169,559.341818
784.209772,346,560.213033
395.385362,178,560.730918
429.795878,174,561.182585
510.484108,183,561.666492
444.028264,170,562.099607
482.588192,203,562.530411
442.222299,160,565.871106
422.011221,192,566.354361
534.776369,191,566.895252
436.842978,196,567.408062
465.068743,180,567.897249
363.324466,205,568.427519
411.752693,164,568.760999
491.44108,180,569.226841
356.20483,147,569.610682
305.916687,108,569.88753
339.839383,190,570.406725
426.691624,168,570.85462
679.032924,216,574.219212
417.977178,199,574.686769
391.351419,165,575.164712
457.73656,189,575.624841
515.550554,183,576.148979
575.994617,239,576.755705
36.545203,50,576.905413
457.827706,180,577.401822
45.039843,50,577.526545
445.744663,158,577.907168
358.880056,146,578.297746
403.952451,167,578.715348
511.469597,249,582.080911
487.161337,179,582.628886
464.974728,154,583.009431
549.814851,215,583.548494
647.021551,281,584.219921
291.631795,128,584.533014
516.622547,174,584.960774
495.533875,168,585.377002
467.021919,194,585.90034
429.895942,195,586.383852
440.205212,161,586.846432
366.546957,160,587.254705
549.086355,196,590.585827
759.976649,326,591.45402
435.157776,158,591.894803
697.053007,259,592.587666
560.049677,206,593.139292
328.898172,123,593.456614
475.262774,183,593.93178
593.776836,256,594.636076
394.236624,162,595.077353
545.54966,199,598.290004
504.512297,192,598.819124
255.892269,95,599.062442
558.185462,207,599.652863
455.186631,178,600.115189
410.806078,158,600.544453
508.140182,173,601.006331
280.822733,114,601.291131
532.23689,227,601.73215
433.149867,146,602.046748
827.160683,394,602.947996
423.887183,169,606.00223
602.773156,237,606.618547
333.062676,134,606.913297
375.396115,154,607.304076
524.112584,191,607.821062
481.472917,184,608.216416
390.703831,152,608.658328
770.01246,303,609.389547
565.150971,209,609.91028
395.415985,145,610.22797
508.563421,198,610.697752
591.391335,239,614.106713
491.266655,221,614.688068
441.081512,154,615.098641
492.650073,178,615.638393
821.41247,301,616.396162
549.200378,198,616.975129
660.610198,242,617.595451
450.99211,178,618.049921
617.036366,237,618.832141
648.684346,240,622.271114
525.189632,207,622.852999
767.409158,288,623.569526
617.01177,232,624.230744
454.584768,172,624.712524
480.10074,186,625.210354
615.385711,235,625.822268
440.417559,192,626.312583
495.824222,173,626.795894
794.522365,263,627.5097
717.046605,256,630.955531
849.625699,309,631.723231
593.237598,214,632.167528
727.697114,236,632.720723
645.321586,226,633.273832
460.628086,170,633.729888
498.625365,183,634.296283
741.693957,278,634.975459
582.376862,208,635.482678
507.773164,186,638.85041
573.06349,191,639.347292
503.894989,172,639.777476
507.680649,189,640.298607
570.680755,213,640.893519
648.161001,236,641.543325
629.480403,214,642.069579
513.63061,185,642.573145
937.953942,332,643.518392
422.213047,178,643.961735
1110.949616,522,648.159849
765.280965,332,649.047179
605.858876,229,649.725922
510.59619,175,650.18398
654.811106,230,650.786675
762.484643,278,651.470027
426.013591,180,651.874613
546.036275,193,655.126945
453.631617,198,655.669992
623.735689,226,656.260703
428.701206,156,656.678665
586.892178,190,657.165838
586.772908,195,657.695727
634.675291,228,658.241154
608.024809,214,658.786901
546.826752,177,659.238027
406.893647,149,659.663251
536.059256,202,660.226562
404.673933,137,663.367451
612.337053,217,663.903667
827.285876,321,664.701936
1000.832176,378,665.633116
1002.763016,333,666.486582
584.499184,203,667.106438
748.049072,244,667.734737
975.095569,358,671.681134
583.019307,191,672.1392
614.755823,220,672.692852
1020.639279,343,673.710126
648.37926,213,674.257801
561.698582,193,674.760905
581.504691,197,675.281128
859.035221,303,676.088828
427.803135,182,676.528389
504.166357,180,679.80911
904.794186,291,680.475967
855.726839,337,681.394759
722.82276,250,682.102678
689.208461,225,682.652672
724.057257,244,683.112263
51.192142,63,683.210446
475.463346,162,683.570976
891.205825,293,684.345925
799.609284,286,688.052362
538.348119,178,688.524416
679.820065,253,689.190154
655.25935,224,689.796542
578.470866,244,690.500543
547.063874,188,691.035152
680.230074,248,691.685554
841.373363,321,692.490313
657.649525,219,696.011817
498.318214,167,696.466827
699.312402,246,696.998029
845.531497,299,697.750966
713.148239,223,698.358881
639.28304,219,699.0197
723.146535,284,699.629939
688.388139,250,700.225798
553.955878,202,700.766182
1203.080661,447,704.885283
774.699841,260,705.582827
47.493702,65,705.764853
683.790532,234,706.338424
663.594883,231,706.946841
547.323812,208,707.501384
588.382954,196,708.004542
1011.639008,339,708.873925
724.930036,229,712.270105
1155.762358,411,713.337472
669.781865,232,713.900688
1025.488858,360,714.918018
58.928549,61,715.096824
759.267945,261,715.712528
790.143721,296,716.430225
706.888934,261,717.01363
802.891399,261,720.365629
665.379237,227,720.920212
712.431955,242,721.613629
778.477887,294,722.31472
735.615139,274,723.011606
20.843005,35,723.097088
600.091376,215,723.666015
499.85245,204,724.208873
993.543468,360,725.07098
694.665553,221,728.592854
450.386461,201,729.107229
717.814397,249,729.73204
1041.352196,336,730.64991
669.444758,223,731.198561
1023.868259,334,732.138294
1260.942647,412,733.197738
971.724481,343,736.803414
52.022724,57,736.947465
895.71286,342,737.883682
590.386333,192,738.381491
689.263382,243,739.035446
615.35593,226,739.573717
536.660169,187,740.064533
487.989436,170,740.521398
961.025955,301,741.362921
509.064779,176,744.716254
706.732506,258,745.347395
959.105575,313,746.020769
950.238419,326,746.944411
660.641682,210,747.371888
474.406206,168,747.871301
997.617582,369,748.900263
823.723644,273,749.671546
683.665781,254,753.136096
591.2309,191,753.635984
722.644972,259,754.277716
820.41015,282,755.004884
905.989081,399,756.022632
928.727945,317,756.848727
620.014046,196,757.367471
863.392945,263,760.912978
1475.08528,458,762.252077
679.616734,226,762.857036
675.569431,240,763.481975
690.930292,209,764.015249
1015.421901,363,764.940254
1046.559675,348,765.848991
917.617886,349,769.606026
765.030003,293,770.401501
507.553458,181,770.914622
1180.583568,380,771.88868
644.954483,208,772.489329
864.958404,307,773.298631
948.115701,396,774.324621
1137.034607,397,778.061732
1116.38035,354,778.947985
813.418696,267,779.707313
759.65021,263,780.355975
673.200166,238,780.913512
1158.576006,346,781.7931
765.29824,247,782.441999
748.318582,255,785.778834
760.693236,266,786.382196
862.839423,300,787.157366
1302.301625,434,788.292595
718.788149,290,789.031906
1395.295169,427,790.168146
1493.417363,478,794.130273
764.861716,254,794.806898
1229.546708,403,795.921526
749.51943,225,796.5436
747.472149,269,797.281672
56.200372,53,797.403892
790.833524,258,798.016644
1012.360886,325,801.685681
656.530315,231,802.244842
672.38181,234,802.851994
1507.256793,467,804.104559
612.985566,210,804.677412
656.905644,222,805.275573
757.743759,247,805.916846
1006.089981,323,806.682479
721.459057,227,809.777832
818.659949,271,810.416225
827.38466,284,811.131052
829.075969,264,811.890355
765.749531,241,812.668263
1060.151139,371,813.987267
796.522451,292,814.899979
39.85457,43,815.045232
348.351094,163,818.910593
1071.820895,375,819.882202
461.427557,160,820.280878
1410.943838,480,821.593557
792.807329,265,822.426547
1437.212304,464,823.701155
752.867886,249,827.324309
1077.106686,404,828.446124
709.332611,232,829.059607
688.402454,234,829.606635
549.154866,219,830.230345
927.427704,340,831.039027
920.071967,306,831.744317
759.426142,233,832.376311
792.984617,269,835.736278
784.404755,260,836.455297
1294.947415,419,837.485916
1043.480062,311,838.246936
715.18785,225,838.851482
782.233747,265,839.469246
1175.727907,341,840.330335
314.757948,119,843.396755
2168.32404,796,845.427737
882.712091,298,846.256128
605.906226,242,846.89463
91.742032,71,847.081407
31.193337,39,847.195665
742.866127,243,847.826069
710.37299,231,848.437194
671.249087,216,851.87056
3014.790912,941,854.198919
921.889358,301,854.89606
738.888163,246,855.471774
1025.408345,348,856.340132
719.54412,245,859.643083
773.548071,244,860.169876
1236.852174,425,861.216974
440.676079,196,861.651899
681.247854,233,862.270974
462.652994,201,862.765052
806.647055,272,863.456592
811.632882,263,866.854395
698.75583,234,867.43429
1032.55097,321,868.283664
734.532558,232,868.898618
1415.082363,409,869.903319
648.522841,225,870.426179
1592.02565,472,871.582008
579.177555,225,874.911415
765.46479,243,875.530008
586.419682,180,876.047363
1709.653449,505,877.386788
743.033951,249,877.999993
1020.264091,328,878.83846
796.819745,249,879.518207
1072.786357,319,883.063091
820.199971,240,883.625705
852.932405,291,884.381816
1159.639048,413,885.42276
1823.051311,610,887.008265
524.290754,220,887.562835
737.158722,238,890.614242
771.956922,316,891.451934
1275.213278,376,892.197077
1504.178364,427,893.378114
1044.735893,331,894.122483
430.636878,156,894.598025
621.653722,200,895.134176
23.906205,36,895.258706
743.045257,252,898.749052
860.025992,296,899.5554
694.038981,225,900.125506
664.114047,229,900.690099
575.523506,196,901.170518
735.969804,244,901.803155
530.54176,204,902.32092
1042.428687,379,903.334838
52.224232,56,903.506648
726.430128,225,907.018723
622.818122,198,907.454557
506.261528,174,907.895846
1239.531445,380,908.908306
823.594079,279,909.642902
892.782121,276,910.373106
827.598605,274,911.11256
1201.57878,356,914.597995
1132.245726,376,915.663828
672.774994,245,916.302721
645.993286,214,916.83696
784.329712,237,917.472714
736.001282,224,917.936248
1171.587555,351,918.806612
502.562016,223,919.352843
721.461113,248,923.077784
1028.322957,312,923.869128
747.218273,240,924.52248
1186.401962,328,925.374623
924.113056,300,926.150629
1204.015672,335,927.048468
1396.97829,410,928.068952
903.19857,266,931.712148
682.448965,209,932.228272
932.827443,283,932.891106
860.243742,259,933.622436
1076.728624,328,934.459483
693.843655,248,935.136739
878.373584,290,935.865401
793.234402,227,939.484626
1175.944489,331,940.332748
1041.728498,329,941.245076
754.203778,236,941.86812
770.294506,230,942.405444
658.332232,209,942.861392
1626.663666,447,944.001251
909.181577,280,947.564127
1245.750826,377,948.48804
760.815641,263,949.203297
928.392476,286,949.974845
1028.453896,344,950.872118
868.001266,274,951.475256
1140.666926,341,952.386108
611.138616,214,955.735208
543.399622,208,956.261468
916.727374,314,957.107359
1598.335896,513,958.524716
1052.489233,319,959.268376
805.2535,257,959.939398
596.794105,182,960.413888
694.176847,204,963.894649
572.997039,210,964.492964
1273.387087,378,965.429409
1183.126394,329,966.303731
721.950322,236,966.898809
1165.808108,336,967.825659
567.654266,199,968.370677
782.656676,237,968.974492
462.017538,188,972.414827
812.512065,239,973.020369
624.191119,219,973.559577
950.937848,289,974.338583
1222.296952,333,975.138655
747.25776,227,975.760813
810.325976,267,976.397029
706.152942,233,976.939892
764.829596,223,980.310915
1025.832855,294,981.056084
711.218473,234,981.676674
877.067011,259,982.265963
1201.031617,329,983.110606
876.094101,295,983.898779
970.87058,325,984.702451
534.991302,179,985.067238
752.890918,250,988.715312
630.194047,197,989.262475
564.982819,199,989.786584
777.544959,267,990.562975
812.330711,254,991.285998
662.235148,201,991.861665
1226.541452,364,992.823286
943.474854,294,993.595753
641.624708,219,997.043232
905.362995,262,997.75531
1047.20929,303,998.574776
1329.299467,390,999.681601
1189.778777,342,1000.614308
1078.614834,340,1001.460991
1924.315162,574,1006.076622
1028.910173,291,1006.760963
1256.893015,361,1007.779121
504.880025,166,1008.277043
1622.369753,465,1009.411842
854.795579,258,1010.114905
631.157243,196,1010.619218
969.057916,294,1014.383418
1171.939812,345,1015.247228
684.335049,218,1015.81292
701.286834,228,1016.426712
1062.101597,320,1017.206944
777.664621,260,1017.807926
771.423537,232,1018.396713
823.643804,260,1021.914283
773.845661,232,1022.63579
792.829057,241,1023.311434
697.97569,211,1023.874417
743.836943,225,1024.494057
743.869497,216,1025.045741
1220.826529,345,1026.175267
893.735358,255,1026.829647
811.486742,258,1030.405324
768.112188,228,1030.99902
660.609529,216,1031.567906
510.399901,188,1032.092044
1202.810189,341,1033.068881
838.598608,253,1033.812291
1129.626444,334,1034.699731
812.109634,232,1035.225348
1845.080722,488,1039.251206
807.503642,248,1039.892552
685.495458,224,1040.504812
744.809164,231,1041.122615
1024.57651,306,1041.862535
948.326716,265,1042.564157
868.835291,270,1043.28861
846.293245,242,1046.855765
939.481196,329,1047.747657
1621.144529,466,1049.011295
644.96386,210,1049.555127
618.13142,191,1050.081441
1457.105804,409,1051.107543
517.775331,182,1051.612149
1495.504886,409,1055.507692
636.7261,197,1055.9656
749.456144,225,1056.487943
700.566773,199,1056.925291
634.65139,188,1057.465736
1136.702717,314,1058.235763
679.290317,190,1058.706064
830.626824,236,1059.389223
890.741769,253,1060.049788
752.486245,226,1063.425013
737.243398,218,1064.052567
705.699473,215,1064.590503
1063.162808,290,1065.379204
702.820382,208,1065.905176
857.293535,260,1066.60952
770.111285,229,1067.242398
907.50388,252,1067.934922
782.530045,238,1071.589511
1198.790525,308,1072.435907
915.159369,237,1073.077056
500.253717,157,1073.509783
579.951391,186,1074.005311
1344.227036,365,1075.007213
954.582748,277,1075.739974
632.008496,208,1076.246495
642.261773,198,1076.762972
734.725602,215,1080.404236
736.009061,219,1080.961065
1180.975956,335,1081.891935
1445.328689,397,1082.854559
763.795412,222,1083.514852
1122.502953,297,1084.422926
1318.387362,368,1085.451772
722.39324,214,1088.834499
758.196529,225,1089.384792
1166.315983,375,1090.396072
663.917645,202,1090.891588
750.486219,227,1091.49241
715.73435,208,1092.049272
1118.062902,306,1092.781009
672.256866,193,1093.322452
1245.181056,335,1097.221308
1681.720845,432,1098.347756
811.026734,227,1098.853162
660.013136,216,1099.413662
563.712785,191,1099.870475
987.184421,289,1100.655086
762.632866,227,1101.265321
600.00428,195,1101.770788
544.521475,195,1105.050106
865.954504,270,1105.788371
582.787591,198,1106.329276
1033.794262,296,1107.121441
1148.92486,328,1108.042461
533.38142,181,1108.620654
1646.801312,454,1109.764784
1977.766151,524,1113.847103
729.500358,205,1114.322919
503.288575,183,1114.765901
909.910804,271,1115.430722
1095.213495,288,1116.156064
846.615476,254,1116.769743
708.434736,213,1117.29845
789.563695,224,1117.891201
852.580938,235,1121.131574
735.77228,218,1121.64466
660.964832,216,1122.251295
582.373596,208,1122.797102
783.876237,242,1123.462507
1078.258397,311,1124.2952
1084.667283,301,1125.113462
1098.463627,328,1126.017072
1560.059265,424,1130.139109
565.059947,192,1130.639374
887.022993,237,1131.227517
736.166578,228,1131.836622
811.916175,246,1132.497505
1257.345202,331,1133.418881
843.611469,237,1134.027883
839.519563,232,1134.661034
2083.540372,537,1138.810655
1335.348356,359,1139.588625
1292.679055,333,1140.476926
1188.677531,330,1141.199049
1260.405211,333,1142.102773
1213.23634,355,1145.648842
898.840131,264,1146.277378
1811.753865,476,1147.519218
1310.566175,346,1148.36476
561.407287,189,1148.853432
1586.751576,422,1149.937937
961.543922,264,1153.698224
584.197253,190,1154.216901
1488.772702,417,1155.337163
761.998391,226,1155.92025
1125.911468,327,1156.861563
861.171286,248,1157.518113
1379.908903,399,1158.559125
653.544527,221,1161.982544
2040.699065,569,1163.414135
899.100728,260,1164.092281
850.404288,247,1164.647325
1020.400565,294,1165.41975
875.733603,260,1166.003794
1715.20785,480,1169.976454
1257.90642,354,1170.625897
1095.963094,309,1171.505489
1017.151364,307,1172.3248
933.273432,259,1172.909722
1516.721463,391,1173.903772
1060.312223,283,1174.632045
717.925657,219,1177.964576
698.346083,206,1178.525255
1160.638152,319,1179.290107
1042.105595,286,1180.018335
470.654696,156,1180.437507
818.415628,231,1181.098881
883.911864,267,1181.891776
697.40093,210,1182.492302
1392.057112,369,1186.296193
779.035324,221,1186.885887
1081.060862,294,1187.620221
2283.605844,614,1189.211163
1114.43155,318,1190.043482
760.625253,227,1190.674968
928.376836,272,1194.217796
929.155864,257,1194.942384
1021.907575,296,1195.697809
1191.082587,330,1196.535235
1063.190694,298,1197.263487
1257.580993,353,1198.149636
1343.137575,354,1199.060046
1225.692275,344,1202.520907
1526.862089,415,1203.640993
966.701455,270,1204.365517
1151.920396,337,1205.259521
1817.953658,507,1206.62006
1239.388736,338,1210.078198
1814.196175,496,1211.367163
967.033195,276,1212.066119
949.294559,270,1212.750369
716.848988,223,1213.294946
920.137919,262,1213.93306
937.556932,252,1214.44399
1009.174307,294,1218.061039
637.663961,233,1218.650637
1213.62908,328,1219.477681
1378.439729,408,1220.504467
1170.247725,332,1221.439121
1034.192008,313,1222.344497
2095.558579,564,1226.513537
902.430718,259,1227.29022
1251.57805,322,1228.249864
1251.737283,348,1229.168988
428.009518,146,1229.487095
1033.063056,284,1230.130019
559.093681,176,1230.626767
1457.097304,378,1234.527126
933.209715,255,1235.139985
2024.924202,550,1236.557735
1791.364632,502,1237.881094
1240.552168,342,1238.731642
2068.957086,570,1242.878328
747.986845,215,1243.433395
580.612085,190,1243.901153
674.493177,205,1244.402754
1273.340169,362,1245.344835
1125.017516,320,1246.15904
514.641117,173,1246.637657
1076.216645,289,1247.336289
1196.227358,335,1250.821247
1568.371333,434,1251.926054
1034.383441,273,1252.620533
997.40824,282,1253.319932
825.78262,260,1253.987647
955.913542,287,1254.697336
1120.18186,352,1258.381707
608.664111,197,1258.796485
1112.775474,341,1259.565457
994.789198,268,1260.236056
580.583905,202,1260.757179
392.40993,129,1261.092898
1192.927547,345,1262.035974
601.170964,194,1262.46225
517.386936,184,1262.978308
1979.473031,567,1267.033756
1216.410911,321,1267.899087
2586.886456,727,1269.751864
1952.600328,544,1273.926365
788.452521,233,1274.50566
1069.661209,311,1275.158495
1055.646702,316,1275.962263
2169.226474,606,1277.557159
1232.894385,337,1278.380157
1208.251718,360,1282.114687
929.453715,248,1282.793252
1364.427588,354,1283.684639
986.939493,261,1284.362455
1142.51934,344,1285.272822
879.816207,260,1285.960243
865.149024,261,1286.610388
655.136126,222,1289.945369
1386.987373,368,1290.798959
1073.622067,312,1291.545664
2853.408743,749,1293.50577
657.030306,228,1294.13055
3667.551937,975,1299.626314
1774.032998,476,1300.85914
1044.431657,295,1301.670217
1727.795189,489,1302.981343
2630.469096,711,1307.869725
1447.951432,387,1308.688387
2347.591828,622,1310.21517
589.362543,203,1310.750912
1165.671345,337,1314.569262
1580.835573,407,1315.560934
2343.617248,663,1317.216729
668.614509,209,1317.741199
1466.062755,381,1318.761014
1056.869331,290,1319.583578
743.79839,218,1323.112833
1467.015048,412,1324.201388
829.240317,224,1324.873231
1266.610603,352,1325.745149
876.461846,247,1326.427985
1064.914868,322,1327.205642
546.900974,171,1327.628904
1316.449279,352,1331.38858
616.881768,210,1331.933924
922.757891,251,1332.491174
834.386211,252,1333.132138
1490.836673,400,1334.163688
1014.8748,274,1334.914222
766.947162,221,1335.43634
1469.197504,438,1339.737473
1320.903795,353,1340.741837
1019.659813,282,1341.576417
455.631483,172,1342.042686
1061.645579,317,1342.916893
1035.016791,294,1343.647749
1004.631037,311,1344.432386
915.038669,247,1348.015718
1761.507283,459,1349.199303
1721.684667,433,1350.342809
901.221702,255,1350.993267
1133.316454,311,1351.801572
1148.418408,312,1352.573689
1372.022743,380,1356.379205
630.085691,207,1356.94188
3867.800618,971,1359.511516
1895.337463,494,1360.617045
1723.035876,452,1364.524573
795.513704,224,1365.104268
1223.870951,314,1365.872651
1325.49592,370,1366.7426
853.808419,240,1367.386065
897.899794,281,1368.012139
1194.668808,324,1371.436198
605.714835,198,1371.969205
1047.791638,278,1372.687648
1803.665268,481,1373.95717
675.431269,194,1374.47662
1380.612227,350,1375.365313
2602.665694,693,1379.932747
732.984968,198,1380.476569
1008.449069,285,1381.210342
2175.833241,546,1382.588161
808.361163,224,1383.183616
2728.21646,693,1387.904477
890.678719,232,1388.565162
48.605023,52,1388.737261
828.455302,226,1389.405287
558.860663,182,1389.838993
861.949231,241,1390.393388
900.241908,229,1390.927043
1549.359934,388,1391.906866
1015.426798,263,1392.56902
534.494145,165,1395.858337
1975.683254,485,1397.17694
852.768469,233,1397.81659
1029.707355,277,1398.591736
1013.19645,304,1399.327454
877.371196,240,1399.941995
2084.507517,516,1404.074267
2856.566863,724,1405.864249
1407.330581,375,1406.859993
1025.426488,294,1407.652749
1441.949251,375,1408.640155
1553.851525,397,1412.356388
3552.796522,855,1414.587475
1954.136056,473,1415.880426
1524.114326,401,1416.986676
774.156192,226,1420.740223
2984.380744,874,1422.820349
1015.711454,278,1423.513132
2947.505033,738,1425.491388
2820.835769,722,1430.256463
1422.428241,422,1431.322155
3540.854406,893,1433.801474
1519.876889,391,1437.533557
918.490693,245,1438.16909
877.096207,230,1438.80432
1408.630238,380,1439.725161
1102.655375,293,1440.485609
802.609536,221,1441.080893
720.590272,202,1441.616582
2469.43388,674,1446.320948
1013.860772,279,1446.997726
959.218478,263,1447.65151
1924.628143,521,1448.951218
2165.514783,535,1453.204771
2690.15304,658,1454.779656
1641.965868,430,1455.906513
34.757371,47,1456.016196
1321.901473,354,1456.879165
765.314428,205,1457.474576
1292.377152,337,1460.927652
2540.537547,673,1462.705434
608.374557,211,1463.281824
2699.629987,692,1465.014888
801.813418,215,1465.598584
817.551668,236,1466.098258
2369.258595,613,1470.510379
568.417973,174,1470.940734
1170.219289,358,1471.80312
1318.226316,345,1472.663655
1099.492262,340,1473.574077
1190.2163,308,1477.242501
3039.769027,882,1479.519521
2906.999203,742,1481.401246
3814.888259,1000,1486.882917
1501.620269,398,1488.020231
1292.283152,333,1488.986631
1878.177251,469,1490.300626
811.977656,232,1493.765824
1510.073057,390,1494.841305
2037.416523,537,1496.266847
622.782551,222,1496.869875
1115.701502,294,1497.659328
1023.446374,283,1498.399721
992.199744,272,1499.17352
1342.352988,345,1502.818564
597.544003,196,1503.343833
1763.006469,449,1504.545403
1054.127689,289,1505.246829
1737.363062,480,1506.546176
2565.511657,639,1510.871835
1092.332592,312,1511.669208
596.4874,194,1512.118799
1630.364478,422,1513.215041
859.841751,234,1513.794751
1535.628792,407,1514.884857
1187.137934,313,1518.553313
1099.869389,286,1519.284555
1676.048882,444,1520.511142
1509.288867,395,1521.6156
775.046803,213,1522.195123
912.850717,255,1522.843234
1041.201289,274,1523.611428
895.361243,233,1527.075825
825.772542,228,1527.651225
1414.269046,372,1528.615231
2457.847971,626,1530.294269
1123.852656,310,1531.129972
1512.015983,384,1535.09308
1047.352516,272,1535.817592
1948.360563,494,1537.119387
1202.409681,318,1537.896986
696.81059,217,1538.259552
2560.453061,649,1539.813488
1512.766156,386,1543.43741
1457.722451,350,1544.289723
1498.425337,373,1545.288557
3063.007368,788,1547.320894
1099.133079,286,1550.872834
841.789573,228,1551.424311
1211.757711,306,1552.139303
1164.324231,303,1552.89768
1554.648266,396,1553.931921
2851.26407,683,1555.789851
1152.096473,326,1559.502228
1120.855237,289,1560.276343
1697.951049,423,1561.405069
909.669208,242,1562.021022
1487.451857,390,1562.951683
1210.189973,308,1563.743299
951.51945,239,1567.056298
1100.034946,291,1567.880227
1505.277153,380,1568.839171
2577.513927,641,1570.484286
1093.684892,273,1571.180423
1167.918498,313,1574.749357
997.326078,258,1575.348036
1273.28178,350,1576.247297
1709.268559,449,1577.44696
1780.408562,448,1578.554107
2228.580741,537,1582.797798
3914.595837,926,1585.341784
1307.070232,323,1586.245722
1383.778222,364,1587.23089
2523.060443,613,1591.691103
4021.776324,1000,1594.340695
2836.521969,680,1596.072809
1533.795569,385,1599.80543
2214.69276,560,1601.379264
921.606742,252,1602.078454
3296.58793,764,1604.008075
1204.686087,322,1607.795228
1992.230144,538,1609.14928
802.466687,226,1609.718478
890.111698,242,1610.332861
367.823046,149,1610.721579
959.241349,255,1611.384165
545.514785,174,1611.871256
479.159379,177,1612.372101
526.344414,176,1612.848074
1678.614568,440,1616.964495
607.489456,213,1617.550466
996.5315,257,1618.165808
1065.992823,267,1618.862539
1443.864165,375,1619.715314
1062.642127,279,1620.468155
1496.087469,344,1624.239421
1034.129156,306,1624.994817
1035.944431,259,1625.603938
2090.976997,532,1626.914816
487.294353,169,1627.328134
1160.117067,303,1628.039533
1270.895636,317,1628.868864
1069.421356,283,1632.551571
982.925807,260,1633.269069
851.604508,227,1633.871911
1197.272913,319,1634.722551
1132.670734,292,1635.49815
1031.478219,285,1636.17423
1126.065775,298,1636.901004
984.381036,269,1640.529998
1622.264281,446,1641.734005
1590.814676,407,1642.851044
583.493692,186,1643.325425
1247.911275,332,1644.170677
1370.987881,345,1645.073978
1177.848141,318,1648.664131
1132.474335,290,1649.389088
1538.006409,388,1650.381819
2267.066893,544,1651.700489
867.817015,232,1652.325509
1402.249262,334,1653.195258
1785.97961,439,1657.247822
981.604739,252,1657.909882
1135.479388,303,1658.700925
2243.372208,571,1660.330323
1588.781812,401,1661.387082
2579.90108,646,1666.271638
1279.165267,311,1667.066462
491.720441,176,1667.594846
1662.98578,394,1668.620433
2229.812449,531,1669.861161
1792.866524,451,1673.942083
1147.418823,314,1674.781487
1336.67991,345,1675.674473
868.605653,236,1676.255913
1117.34885,309,1677.070241
1196.547098,311,1677.741813
1093.851104,284,1678.501693
1678.517337,475,1682.735684
960.931484,292,1683.487804
3114.745129,747,1685.230226
1110.418967,296,1686.092936
1675.797996,420,1689.91104
1070.224027,276,1690.680734
4108.256958,947,1693.444663
1057.727019,266,1694.080504
1930.327053,459,1698.080659
2450.461944,631,1699.675522
1905.547696,474,1700.884528
1085.860299,294,1701.639771
1411.652578,358,1702.544845
1142.052278,297,1706.044528
866.894187,234,1706.654918
1144.499186,317,1707.490247
832.069547,219,1708.003801
1336.120108,352,1708.820225
2350.840929,588,1710.28115
901.792419,258,1710.995066
2696.974096,659,1715.418283
822.149568,217,1716.016382
1710.393499,418,1717.162156
2212.299245,546,1718.365709
1396.39279,355,1722.176641
2066.521924,512,1723.420747
2609.850752,645,1724.986221
1248.243019,302,1725.68894
2720.411534,668,1730.142355
3909.436823,1000,1732.912757
1507.103978,381,1733.903108
2343.574233,577,1738.232807
1127.971106,314,1739.107225
774.784803,208,1739.659322
1651.185467,418,1740.797495
3139.804668,776,1742.851005
3166.165806,828,1747.84652
884.160009,241,1748.428451
50.976922,51,1748.57026
109.473259,82,1748.787587
1721.627469,449,1749.736994
3138.782879,790,1754.665005
892.038808,234,1755.277801
1113.327602,273,1755.967447
2040.26102,503,1757.271209
87.160587,76,1757.480103
505.092351,186,1757.988337
1119.928885,286,1758.694869
1125.555221,283,1759.491174
481.522971,166,1762.944855
1046.229014,275,1763.62955
3228.961861,764,1765.529365
1547.149981,417,1766.668019
2310.335566,553,1770.892201
2575.192836,655,1772.725487
3366.371833,821,1774.900514
1214.828923,314,1775.77883
1230.338102,318,1779.505888
950.816875,251,1780.212911
1380.269489,350,1781.139187
2057.234947,523,1782.522735
3111.709593,739,1784.456079
1636.341823,392,1788.333661
1080.937387,285,1789.106728
1164.137343,312,1789.932473
1013.767153,290,1790.671119
1357.609148,317,1791.51223
68.677414,58,1791.654937
1010.331921,266,1792.268504
1182.924326,284,1795.740927
1600.18639,411,1796.797229
1116.956905,301,1797.554309
39.577989,49,1797.689742
1709.215645,411,1798.673109
1834.770724,441,1799.832381
1716.295595,403,1803.737132
793.875216,218,1804.333621
796.011249,212,1804.865935
1604.130759,353,1805.858242
1372.637276,326,1806.782068
671.431131,196,1807.281466
2289.480389,526,1808.634185
1054.594828,276,1812.302512
1221.430981,290,1812.999507
876.142027,224,1813.521185
1355.361959,344,1814.385883
793.556801,205,1814.928041
1384.315877,315,1815.799371
968.923753,239,1816.398279
503.00051,181,1816.860084
1298.494767,308,1820.549476
804.969288,215,1821.14899
984.035059,272,1821.879139
2047.337024,487,1823.139891
798.179438,216,1823.687045
1827.212201,423,1824.772257
3543.380169,829,1829.841353
40.521602,47,1829.955492
968.769666,252,1830.685252
1458.710455,373,1831.643846
3118.239216,726,1833.399913
2171.559927,524,1837.595398
1183.043763,277,1838.331878
1763.624986,418,1839.382566
1172.540685,287,1840.138572
521.446821,168,1840.595471
2472.024799,566,1844.756819
936.299383,249,1845.373771
1491.803616,375,1846.290405
1624.959468,407,1847.444721
1135.858296,290,1848.172756
943.834331,255,1848.806855
843.2015,228,1849.396275
1200.206735,307,1852.987839
1577.303377,417,1854.104207
1187.647052,307,1854.843023
993.758897,239,1855.491281
1175.752196,317,1856.410096
1073.935766,276,1857.185465
1063.17613,284,1857.948279
2348.186322,553,1862.137848
1032.563355,258,1862.821027
1635.037249,398,1863.916105
859.507731,226,1864.473348
1026.639678,266,1865.080183
836.059639,224,1865.654741
1133.702038,297,1869.354857
503.310512,165,1869.804494
1212.039889,304,1870.556886
61.292348,54,1870.684073
1106.103924,302,1871.502134
824.542546,225,1872.113884
1750.595252,449,1873.323269
1159.952543,311,1874.220122
2166.679717,543,1878.617134
1236.383031,302,1879.525114
56.048514,53,1879.649646
1147.602921,282,1880.363316
1206.82894,312,1881.158641
1139.415676,287,1882.014457
3344.975118,807,1886.909184
1262.05652,315,1887.726796
2020.171505,476,1888.908229
1150.499059,294,1889.697102
1914.82173,465,1890.897859
1768.714785,437,1894.968377
905.637299,271,1895.734628
1205.710708,307,1896.502012
576.570931,173,1896.969435
2589.76867,615,1898.285525
1154.871925,304,1901.882406
2189.484177,526,1903.336605
912.936482,245,1904.013496
2298.245367,556,1905.442932
59.159955,54,1905.581359
3318.037931,821,1910.556748
121.285629,78,1910.775692
1170.896331,323,1911.620076
2492.262459,594,1913.246732
56.58634,52,1913.401257
1047.446042,282,1914.235584
2405.191471,577,1918.576425
412.110873,152,1918.994898
1088.816468,315,1919.784574
1659.744458,429,1920.929661
2279.014756,573,1922.336113
945.978034,255,1923.08488
1111.616205,297,1923.872767
1389.987315,341,1927.442979
1724.411121,400,1928.332326
2856.387082,676,1929.961146
2245.08283,534,1931.361491
1341.343259,326,1935.282545
2982.614778,681,1936.99969
2303.580594,556,1938.465995
2353.414122,544,1939.744627
1128.597359,284,1943.360385
1698.982605,431,1944.504624
1242.348883,317,1945.344025
1719.74729,405,1946.463589
1861.255323,469,1947.698315
1456.385079,341,1951.594138
1136.761604,292,1952.414534
1301.477388,332,1953.248419
1090.44551,281,1953.965332
2141.355108,495,1955.278058
1008.159042,253,1955.903274
1336.279823,331,1959.516109
2686.550746,675,1961.297921
2085.633249,530,1962.792691
2166.543833,559,1964.174952
1657.843034,386,1968.065254
3693.737643,834,1970.063054
1785.524084,439,1971.228241
1574.680451,412,1972.213224
2151.407001,504,1976.155865
437.560883,155,1976.553766
1744.072175,430,1977.714083
1753.676953,418,1978.838805
1681.85352,415,1979.921397
1284.714952,309,1983.519867
1140.369287,292,1984.253392
1344.941195,322,1985.029791
1667.589576,419,1986.039654
2679.457257,619,1987.541751
1601.986694,370,1988.440054
2151.456784,537,1992.723936
2201.976678,513,1994.093439
1919.573225,473,1995.419373
1598.225954,380,1996.336741
1093.081085,290,2000.06918
2765.749867,593,2001.636804
1712.5972,412,2002.719254
2134.783906,505,2004.019095
1115.717584,280,2004.70904
391.358348,142,2008.012321
697.658574,197,2008.572367
1722.402286,455,2009.699267
4005.545765,893,2011.855268
3541.863345,860,2017.049809
1046.432167,291,2017.816544
3531.685544,871,2020.020889
1094.17336,279,2020.743732
1779.783114,410,2024.569217
1373.319625,335,2025.440468
1301.792528,324,2026.279774
1539.776262,400,2027.273184
1028.422971,297,2028.055073
3398.471684,828,2033.245073
1604.244053,391,2034.281617
1808.312881,425,2035.364324
1541.987688,407,2036.392203
2022.400944,509,2040.408864
1688.849774,413,2041.418279
1332.068973,343,2042.362593
2902.944104,673,2044.127009
1210.6965,312,2044.960503
3618.471116,810,2050.153145
1399.314154,351,2051.014729
1154.9026,284,2051.788251
1186.43247,308,2052.541741
831.333796,228,2053.111753
1694.461927,396,2056.831417
1408.197299,335,2057.699344
34.04973,45,2057.840144
971.86608,254,2058.494674
1505.660049,371,2059.504429
1216.908778,295,2060.269439
3671.098899,841,2065.441299
2072.337668,474,2066.646986
1255.710579,310,2067.448273
1990.392197,520,2068.853585
3465.466326,807,2073.587252
1014.367371,265,2074.28547
1690.369393,403,2075.325078
1200.994065,307,2076.095618
2723.872501,605,2077.783121
2502.531926,589,2082.136815
1400.902508,347,2083.081508
1717.47814,407,2084.123005
1903.101386,427,2085.124121
490.55234,169,2085.56985
1039.785538,268,2086.25716
1258.409295,311,2089.790354
1400.518792,338,2090.732913
1292.940937,309,2091.484916
1161.422309,291,2092.207831
1457.442874,360,2093.214838
1609.038916,390,2094.237927
1317.011433,322,2098.020211
915.602979,242,2098.600308
1062.377061,280,2099.361012
2180.669409,515,2100.71246
1798.29062,424,2101.792986
1585.850298,409,2102.914539
4345.122637,1000,2108.317872
2309.645313,533,2109.647137
1406.017861,354,2110.634288
1647.872631,393,2114.529182
1223.439084,338,2115.38877
437.14854,151,2115.816216
3544.468804,851,2118.076166
2669.168505,610,2122.47348
2312.376932,539,2123.794275
434.004409,159,2124.24581
1188.28902,308,2125.05587
1018.524537,294,2125.758897
1175.985222,299,2126.455662
418.664541,153,2126.853593
411.100887,158,2127.262669
924.356873,271,2131.137879
2045.36229,499,2132.358097
982.265732,258,2133.062315
2379.620446,603,2134.551059
1169.350447,322,2135.341658
1646.955479,411,2139.034725
2613.786184,626,2140.56971
1144.616587,304,2141.358345
1622.510751,402,2142.395105
2306.738911,537,2146.795058
2295.100839,555,2148.236797
3662.035515,835,2150.434306
2077.737483,502,2151.790095
2321.350208,547,2156.133107
2667.501281,607,2157.64064
1515.815366,384,2158.83095
1208.031703,306,2159.624469
2748.874082,643,2164.041381
1613.002384,398,2165.015999
1897.925577,451,2166.17883
2375.491339,613,2167.800564
1217.724678,328,2171.763428
3278.350152,738,2173.581224
1000.095941,241,2174.189352
2289.120835,540,2175.675861
1197.21955,319,2176.514898
1681.595136,408,2180.457251
1204.136602,301,2181.314453
1288.325081,311,2181.977844
1392.322011,343,2182.734959
2219.490075,517,2184.16762
1911.23296,468,2188.219505
1620.44461,407,2189.313528
1840.005931,451,2190.370281
2741.268824,620,2192.050066
1776.821086,413,2196.082213
1155.697909,276,2196.91805
2224.611748,560,2198.457186
2065.495897,490,2199.747126
1298.667642,324,2200.60852
1441.688185,368,2204.267164
42.701399,48,2204.399727
1634.780846,419,2205.448433
1815.55965,435,2206.546926
1541.775581,390,2207.664986
1209.429871,306,2208.426483
1353.057502,339,2209.284558
2491.823065,584,2213.600123
2837.308196,703,2215.383651
1864.755669,437,2216.435429
2503.48787,563,2220.901332
2102.859097,496,2222.205098
1483.723635,363,2223.182322
2367.717005,543,2224.579547
2082.584072,507,2228.448702
1746.811446,408,2229.356815
4018.212982,950,2231.56797
3249.060062,721,2235.9457
1642.21,431,2237.001454
4141.581209,1000,2239.410155
2362.367691,591,2243.590795
1264.834318,303,2244.382738
1742.792678,413,2245.334744
1083.697537,288,2246.061662
1398.646976,339,2246.865113
1875.792953,430,2247.670509
3293.872604,778,2252.427423
2737.892222,612,2253.972118
2012.096187,480,2255.239013
2846.391216,645,2259.43523
3601.907132,814,2261.48067
1563.100613,374,2262.471027
1735.563753,403,2263.404744
2437.707504,569,2267.693557
1389.221199,355,2268.562896
4236.270443,1000,2271.17114
1845.973015,432,2274.715518
1572.054423,403,2275.763354
540.402295,170,2276.210323
4260.494803,1000,2278.547719
3734.322123,846,2283.04554
2155.104365,492,2284.067663
1345.96991,328,2284.793509
3469.778209,833,2289.521761
2512.096334,586,2290.972949
1776.75388,429,2292.035705
644.992541,183,2292.550673
3565.792028,759,2294.51308
1152.971274,296,2298.033992
2293.992786,524,2299.454453
965.225257,259,2300.036829
4565.586388,1000,2302.361646
2670.082934,607,2306.605389
4281.200107,954,2308.811594
1447.921673,354,2309.634149
3696.160067,808,2313.856957
1353.772605,316,2314.514417
1166.860054,291,2315.135897
1368.511954,313,2315.78481
2132.044699,478,2318.997712
4464.389455,1000,2321.482156
4457.709441,1000,2323.946126
2432.925484,589,2328.093312
1658.654613,407,2329.068161
2312.88154,543,2330.250598
3397.236296,766,2334.44591
1378.80705,341,2335.297795
1132.960294,281,2335.896838
2935.557745,698,2337.485342
1958.430126,452,2338.430461
818.769101,211,2341.486034
1053.975999,267,2342.141069
2460.783094,588,2343.282395
2866.847806,654,2344.43787
2261.756698,523,2348.220127
4303.441613,1000,2350.342422
4291.722114,1000,2355.166822
1141.451768,304,2355.841644
3011.89898,705,2357.412642
4303.571113,1000,2362.042513
2216.988435,566,2363.38124
60.343135,55,2363.529271
1602.580953,404,2364.533508
1649.626426,420,2365.57521
1119.31734,297,2366.375896
4468.670354,1000,2370.783692
4130.524168,996,2372.702967
2005.189989,472,2375.894225
3947.616215,904,2377.887701
2097.116359,505,2379.016013
1410.524402,349,2379.890972
4360.372569,1000,2384.426288
4217.712822,1000,2386.704068
3157.929749,775,2390.904527
1038.343427,274,2391.581919
1817.401393,437,2392.530945
4237.957993,1000,2397.074574
2274.62886,530,2398.071461
2748.852832,648,2399.194041
2530.200042,614,2402.544684
1017.149901,268,2403.189589
4321.606569,1000,2405.324182
3752.595579,896,2409.900406
1717.45658,407,2410.705292
1890.204729,432,2411.564251
1096.373066,276,2412.090478
2226.227801,548,2413.354807
4402.325599,1000,2417.976409
4240.772778,1000,2419.9562
1508.234979,366,2423.11264
4541.052843,1000,2425.499783
1062.291913,277,2426.078745
824.520492,216,2426.584127
4160.882938,933,2431.039163
1097.095597,274,2431.679741
3769.550955,836,2433.766906
44.369265,50,2433.892017
4045.44181,892,2437.740835
1185.113908,290,2438.368316
4544.886255,1000,2440.33462
57.031493,51,2440.452659
60.328487,51,2440.559524
87.041542,64,2440.707569
106.495303,69,2440.845517
84.852854,64,2440.977872
58.932394,54,2443.588733
76.261237,57,2443.737338
2661.9425,606,2445.215149
78.177107,60,2445.366155
73.45707,60,2445.538031
4429.405332,1000,2447.723041
87.757913,64,2447.855263
1033.355982,268,2450.766736
64.509608,55,2450.910196
3839.728605,864,2453.023401
1578.245117,385,2453.740808
76.728139,59,2453.857661
62.358619,54,2454.010646
52.595405,47,2454.104419
1650.379691,412,2454.965922
63.017757,54,2455.080476
75.006983,59,2457.563705
36.234506,44,2457.640782
48.149665,50,2457.712671
78.319973,63,2457.831389
82.020092,65,2457.970446
61.546395,54,2458.109701
28.044759,41,2458.19444
4607.750454,1000,2460.185622
1296.365235,305,2460.87851
2237.831904,522,2464.272726
2337.557712,541,2465.492821
66.176223,54,2465.657208
70.821539,59,2465.775673
4498.414538,1000,2468.130564
3258.871003,752,2472.275112
84.99654,61,2472.413852
46.223398,49,2472.520042
63.7017,60,2472.647317
40.313929,48,2472.785805
69.920589,56,2472.92277
3758.151411,888,2474.858031
47.075657,51,2474.994925
1391.445265,336,2475.766227
4324.264126,1000,2480.319519
3319.109957,765,2481.958442
47.43921,51,2482.014932
4243.965557,1000,2486.600118
