#{"t_start": 1533157147.8865154, "env_id": "Walker2d-v2"}
r,l,t
-5.211737,7,142.532638
-12.073454,9,143.255437
-8.549095,17,143.353659
2.930475,15,143.400337
8.237691,26,143.976354
1.191486,10,144.035646
1.595821,10,144.0694
-9.923884,12,144.090904
1.414443,14,144.278981
7.15584,20,144.348681
-2.43274,13,144.391995
12.967371,23,144.460265
0.14602,10,144.478621
-8.970468,9,144.52496
-6.21257,16,144.56809
0.887517,17,144.620991
-9.309607,15,144.664757
15.930518,34,144.914247
2.86235,22,145.05922
2.28206,12,145.081432
-1.864191,10,145.093249
0.010831,27,145.135352
-5.908939,10,145.148855
2.603187,25,145.174437
9.752588,27,145.219118
1.614387,10,145.22948
15.991881,41,145.313541
2.540314,16,145.343963
-0.292327,8,145.353008
-0.971723,24,145.376848
-0.428163,19,145.395874
17.547,46,145.441597
-1.163532,14,145.45533
0.55106,9,145.464123
-5.736645,9,145.473165
-10.676946,11,145.483956
1.087103,9,145.492743
-12.82592,13,145.5058
-1.125033,14,145.519878
7.157025,24,145.543809
3.649321,12,145.555616
2.55828,15,145.570398
-8.491096,10,145.580192
1.448619,15,145.595244
-1.932143,11,145.60615
-10.643378,13,145.618939
-10.380082,15,145.633744
1.508089,23,145.656485
-8.918998,10,145.666386
-0.042213,9,145.675306
13.570415,31,145.70622
-7.881899,13,145.719134
-3.677493,11,145.730023
-12.375173,12,145.742058
-7.582987,15,145.757111
-12.636368,12,145.768936
12.99992,22,145.790352
-3.519467,11,145.801202
5.357235,17,145.818044
1.461298,12,145.829914
-11.966779,11,145.840739
-6.872175,10,145.850598
1.91771,11,145.861452
-8.566951,17,145.878205
1.243566,14,145.891866
-7.865656,9,145.900838
-6.013535,17,145.917656
6.884404,19,145.936312
0.569462,14,145.950078
-2.541174,12,145.961946
-13.751951,13,145.974777
-5.675225,16,145.990486
2.19063,12,146.00217
-2.31234,16,146.017752
-2.568166,16,146.033633
1.170304,10,146.043505
-0.654084,12,146.055583
-1.661917,10,146.065418
10.131954,24,146.089328
-1.601715,16,146.105338
23.576017,37,146.141618
2.284395,12,146.153519
5.434766,28,146.181002
-3.744402,18,146.198842
-2.149151,13,146.211567
-8.913072,13,146.224353
4.733187,15,146.239116
-12.835912,12,146.25106
-9.461426,15,146.266057
-12.586416,12,146.277843
-10.769229,11,146.288908
0.597005,11,146.299906
-5.661169,11,146.310693
-8.724527,13,146.323607
-4.326655,10,146.333304
4.612624,25,146.35806
-0.435282,15,146.372794
3.759034,22,146.394568
-3.906804,14,146.408473
-14.184634,13,146.421402
25.822984,38,146.459662
7.806928,31,146.491037
-4.064467,14,146.5051
23.193839,40,146.544921
-3.552584,11,146.555965
4.900296,14,146.569764
-1.601794,14,146.583632
-3.058875,12,146.595529
-6.087249,13,146.608455
-2.054441,9,146.617529
-9.023314,10,146.6276
-10.137432,16,146.643595
-1.163941,17,146.660638
18.786251,31,146.69191
-11.79233,11,146.703131
1.726515,13,146.716265
0.288618,16,146.73223
-3.237013,10,146.742241
3.484709,18,146.760268
-0.10093,11,146.771219
-8.236089,13,146.784081
1.149311,18,146.802058
-2.864317,9,146.810746
3.264006,16,146.826823
-0.906295,16,146.842757
7.992796,18,146.860557
-3.708051,10,146.870525
-8.992725,13,146.883556
6.519887,17,146.900639
19.59517,29,173.017767
-5.228736,16,173.042407
-0.732639,13,173.0625
11.130067,35,173.119538
-1.157173,10,173.138536
-9.257719,15,173.167558
0.101204,17,173.202242
-9.374934,14,173.230448
14.659868,32,173.296553
-4.770421,15,173.32756
13.251593,44,173.417531
-4.983699,17,173.452978
16.189318,29,173.511868
1.915146,12,173.536357
-2.326403,23,173.586704
-3.940269,12,173.611832
14.267484,35,173.683135
10.726074,22,173.727719
-5.049731,9,173.746127
18.789663,37,173.820406
18.541414,42,173.906702
-7.154961,15,173.936865
3.863175,15,173.968572
-7.22464,12,173.993031
-3.143816,16,174.026204
0.61962,13,174.053058
2.123995,26,174.10607
5.339866,24,174.155103
5.218234,28,174.212729
2.749544,12,174.237578
-4.462223,11,174.260385
14.180339,34,174.329472
-9.187633,10,174.349712
4.439846,17,174.384796
-5.057038,11,174.40898
6.97698,16,174.444671
7.498494,24,174.497674
-3.316596,16,174.53306
-10.353323,10,174.554583
-1.948133,8,174.573048
12.159232,22,174.621966
-5.132682,14,174.65279
-11.901618,10,174.675915
3.246009,27,174.73609
-3.582018,12,174.762575
-9.010169,11,174.787386
-4.601287,9,174.807355
0.526217,18,174.847957
-12.393054,10,174.871496
3.88219,31,174.940893
0.900351,11,174.965633
14.23142,32,175.039002
-4.551148,26,175.096274
-2.598686,11,175.121802
3.819431,25,175.178896
-6.248589,15,175.212886
7.967649,18,175.252915
-5.023581,18,175.293517
12.358558,42,175.388262
5.530923,28,175.451177
5.896507,14,175.48334
-10.592573,10,175.505766
0.220608,9,175.526328
-10.124047,13,175.55584
-3.500149,16,175.589408
-12.851806,11,175.61314
-1.166934,13,175.639858
12.769959,29,175.704369
0.083535,9,175.724376
-2.072105,14,175.75632
-12.073856,12,175.783608
-7.500789,11,175.809064
-8.582332,10,175.832249
4.280283,31,175.901132
-3.401884,15,175.935623
1.997553,10,175.957353
3.513112,14,175.988253
14.72211,28,176.050364
-1.132681,13,176.079492
0.129742,11,176.103438
-0.871176,14,176.140829
2.389643,11,176.171514
21.651157,36,176.272996
17.758893,29,176.354266
-8.952523,16,176.399202
-0.91561,12,176.433247
-13.036008,12,176.466924
-0.14771,9,176.491766
22.045683,47,176.621346
0.844558,13,176.657875
-1.929001,20,176.714372
0.001778,14,176.753743
-2.69153,16,176.800088
22.696384,47,176.929556
-8.397783,13,176.967106
3.355511,16,177.012029
-11.02364,12,177.046068
5.818102,24,177.11429
-6.494001,15,177.155759
-1.809956,11,177.186608
-8.031751,10,177.215871
0.602228,10,177.243887
-1.177402,8,177.266054
-7.785585,12,177.299193
12.851261,39,177.40654
-6.257719,14,177.445332
-5.718534,13,177.481409
34.801635,47,177.612924
-1.226525,11,177.6436
-2.550219,17,177.691931
-1.870901,12,184.700087
1.688006,10,184.72159
3.152071,14,184.751506
4.101143,16,184.785453
-3.04713,9,184.804024
0.358638,11,184.826728
-8.798037,13,184.853595
31.370903,53,184.959657
0.265343,14,184.988678
-2.861565,14,185.018321
-4.035521,11,185.041307
-11.411927,12,185.066028
12.441202,25,185.117886
7.739144,18,185.155105
4.453098,19,185.194221
0.18922,15,185.224679
-2.304576,15,185.255508
-7.995666,15,185.285626
-5.503195,14,185.313437
-2.248981,12,185.337655
-0.115,14,185.366964
0.533322,14,185.395855
-2.440415,10,185.416021
4.115177,23,185.464323
-11.656405,12,185.488634
1.848218,11,185.510809
2.190043,13,185.536983
-1.089967,14,185.565371
-2.366652,16,185.597987
-4.437798,9,185.616181
-1.224534,15,185.647214
1.711877,14,185.676754
2.447229,21,185.719325
-9.376562,12,185.743474
7.274842,28,185.79969
-6.183379,11,185.822309
6.600262,18,185.858748
-12.05196,13,185.88478
-4.857619,21,185.92865
5.738724,27,185.983825
24.154562,34,186.051249
-7.886961,17,186.08664
-3.229218,16,186.120391
-1.572219,13,186.147646
11.015593,27,186.203351
5.068032,21,186.247335
17.499523,26,186.300839
-1.105521,15,186.332578
-8.608663,19,186.371691
6.227113,20,186.412147
-0.989668,21,186.456294
7.387426,32,186.523502
-0.897899,22,186.568687
3.775252,22,186.614466
0.789504,17,186.649525
1.68288,11,186.67286
11.182324,33,186.741229
3.357904,13,186.767884
9.590295,20,186.809111
0.397779,15,186.840856
-2.303231,26,186.894087
-5.128775,12,186.918113
0.109091,15,186.949587
24.523142,35,187.021146
-2.189281,8,187.037612
-3.173462,8,187.053919
7.171952,16,187.088116
21.268295,45,187.181474
7.313035,23,187.229214
-2.563357,14,187.259299
10.766056,29,187.321034
4.629537,15,187.351964
5.930459,22,187.395963
9.269484,31,187.45993
11.585386,46,187.556927
24.287176,37,187.632884
0.730519,10,187.653759
9.872256,25,187.705346
2.500146,12,187.731038
6.110541,21,187.776799
-5.130363,11,187.801214
3.657188,16,187.837396
-6.090484,12,187.862817
0.392604,22,187.90974
4.437643,14,187.939849
-0.63877,15,187.970894
3.261257,12,187.995566
12.364898,33,188.074211
15.115428,36,188.167762
-6.326223,15,188.206907
8.392585,20,188.258937
-3.820797,19,188.308183
0.560764,17,188.352738
20.29746,33,188.439687
2.164311,11,188.468466
-12.281333,11,188.496681
0.744625,11,188.525262
5.701786,28,188.585953
22.081306,40,188.668772
-5.2495,12,188.693627
33.213425,40,188.77804
0.045625,11,188.801993
6.481436,20,188.845295
-4.926177,9,188.864549
-6.27339,10,188.886446
0.405433,13,188.914905
15.094809,36,188.991332
-0.183021,12,189.016309
-4.950603,15,196.993343
-4.333849,16,197.037128
4.472704,20,197.094337
10.991771,40,197.200279
35.172685,52,197.343134
13.858203,34,197.431205
-1.753574,8,197.45046
61.678067,84,197.67739
10.701578,19,197.730865
-1.233186,12,197.763275
-5.757123,12,197.796227
0.492187,10,197.823251
23.694611,33,197.914045
0.567437,15,197.95302
1.904512,11,197.982051
2.840408,14,198.017534
22.094953,42,198.123624
-11.342261,12,198.154559
-1.746389,21,198.208428
3.688775,14,198.243575
10.273944,30,198.319648
3.608887,18,198.366754
6.597757,17,198.41258
16.695347,36,198.515488
9.978537,30,198.592541
-0.386874,11,198.619997
25.709763,35,198.706816
3.564354,14,198.742196
39.51047,61,198.894371
-2.139266,9,198.917274
-7.659464,15,198.958234
1.325827,10,198.988257
-6.530221,9,199.011266
0.381086,23,199.074868
15.785375,34,199.169189
-0.284743,9,199.192219
-6.579094,9,199.2145
0.467858,9,199.237282
-0.337805,10,199.263083
11.762668,22,199.325122
8.126851,19,199.379438
35.484454,45,199.504045
3.064194,17,199.550709
-2.464278,21,199.607785
17.718641,26,199.683087
21.401981,49,199.818107
10.959724,30,199.902316
24.997959,49,200.035865
15.079504,45,200.159996
25.066824,38,200.26868
8.029451,18,200.320299
1.211052,12,200.353981
34.366775,49,200.494042
4.591957,19,200.547447
0.509002,15,200.589665
-7.548548,17,200.636529
0.724018,10,200.665739
-4.37822,15,200.707108
-2.878559,13,200.743963
3.108807,12,200.778079
25.245311,34,200.873477
7.399937,20,200.924895
4.516574,14,200.962209
7.882358,30,201.041681
-5.085585,10,201.06881
0.495883,11,201.097165
3.801522,15,201.137079
-4.161261,17,201.180864
4.203607,14,201.217971
-2.583757,20,201.271032
14.085183,28,201.342638
-1.642458,12,201.373306
-4.388065,17,201.417614
-10.679329,13,201.452565
2.195206,12,201.483126
0.13669,11,201.512084
12.039241,22,201.567528
-9.702722,12,201.598715
23.252228,36,201.689872
2.962388,12,201.719423
0.323443,9,201.743009
-3.534545,11,201.77104
0.917451,13,201.80448
1.304702,19,201.851964
1.847993,13,201.884874
-1.861324,13,201.916609
18.106182,35,202.003803
17.003475,35,202.093312
20.445337,34,202.185883
-2.685629,10,202.213023
43.65042,56,202.369959
9.01303,27,202.446635
-4.37907,15,210.971251
6.374999,15,211.013185
12.640644,24,211.081851
2.28036,20,211.139554
60.492956,78,211.361813
49.906719,60,211.526774
4.949574,18,211.576253
24.86998,44,211.697013
1.119802,13,211.734262
2.691724,16,211.779725
11.244838,24,211.847888
21.400895,31,211.935913
16.491188,26,212.008053
30.806683,40,212.12084
-7.100598,14,212.160693
0.200168,9,212.188031
4.395018,14,212.226768
5.102991,16,212.271266
26.831799,36,212.375021
2.956042,13,212.410953
15.251542,30,212.495295
20.342446,32,212.585406
63.960973,79,212.811958
18.482211,37,212.916254
23.503828,38,213.026509
2.298313,14,213.065553
9.796569,22,213.127044
12.724866,23,213.183568
-9.755567,13,213.216239
6.744376,18,213.260047
5.330029,26,213.324245
-1.700555,13,213.356666
15.312418,30,213.432779
2.696298,12,213.464427
39.970767,58,213.617546
5.328073,23,213.685066
-2.100995,12,213.715163
12.28484,25,213.77809
39.999634,47,213.894701
1.60005,15,213.931165
1.061958,17,213.974091
12.674948,34,214.058746
-1.325131,10,214.083548
-0.082528,9,214.105794
23.181723,27,214.173096
2.832205,11,214.200372
12.140402,26,214.265403
2.602087,12,214.295229
14.375849,29,214.367479
-0.679653,13,214.400454
25.885598,42,214.514895
38.279881,41,214.630273
10.939853,31,214.718692
0.162048,9,214.74392
35.423491,57,214.903073
2.612565,19,214.956603
88.913635,87,215.199543
2.225197,20,215.257106
-1.010723,9,215.28234
8.776565,21,215.343445
5.533995,15,215.385698
9.826933,30,215.47298
4.215397,20,215.531496
11.902057,30,215.618109
3.127227,16,215.665142
1.927569,26,215.737267
-4.885165,10,215.765618
28.025722,46,215.893817
-10.052819,10,215.922071
10.396692,31,216.010273
1.04255,17,216.060278
8.424634,20,216.117368
6.937502,17,216.166829
-5.452499,14,216.206099
0.174183,19,216.259238
2.794683,12,216.29305
-3.802517,13,216.326525
-3.158117,11,216.354959
5.026671,17,216.398213
32.126644,36,216.489096
17.728896,30,216.566348
-4.687633,10,224.96806
28.176997,53,225.106316
18.911767,32,225.185932
50.58861,66,225.353261
5.389604,16,225.394092
1.439724,14,225.431447
15.267216,41,225.536415
-1.525746,13,225.571448
5.070022,21,225.627295
1.357289,14,225.663884
24.969634,42,225.774901
39.794388,62,225.931384
-2.16845,11,225.959012
25.801555,50,226.087568
79.287345,121,226.393183
1.932526,12,226.42324
0.375084,14,226.457747
29.759398,40,226.557955
77.756684,85,226.770115
41.627849,57,226.91296
6.085935,18,226.957529
2.141784,13,226.990056
-0.125103,20,227.040527
7.81992,15,227.078011
0.148877,19,227.125659
-1.23526,17,227.168891
57.238466,90,227.396442
24.191203,34,227.480206
15.204775,24,227.541001
142.840534,119,227.838586
2.129349,11,227.865703
42.986665,59,228.025589
2.956037,13,228.062542
48.259204,66,228.25266
80.665298,86,228.495628
-1.475551,8,228.518965
16.185493,37,228.622338
5.096259,20,228.673265
53.969737,61,228.829694
5.024636,17,228.874959
15.122503,39,228.982138
36.38188,60,229.136383
14.07457,33,229.221406
91.855252,122,229.530533
0.173052,11,229.558575
55.829011,76,229.75033
24.278067,43,229.863703
26.350765,37,229.962784
-3.113971,19,230.014683
8.429222,22,230.074403
48.413853,56,230.219446
4.973622,16,238.642785
1.732488,18,238.696879
10.553836,28,238.779857
12.000861,30,238.868376
55.906625,66,239.065202
85.384117,92,239.339777
10.660886,40,239.458789
0.553834,9,239.485511
12.540824,24,239.556345
38.044456,59,239.733509
7.086075,17,239.783658
1.638901,15,239.8296
7.649607,17,239.880616
7.174702,19,239.935453
2.700855,18,239.990917
2.441393,12,240.026289
38.291781,52,240.179879
21.365433,37,240.274628
15.671913,37,240.367064
39.515103,50,240.498893
43.219794,66,240.665056
25.222485,37,240.758768
4.260056,15,240.797495
14.47927,35,240.885416
57.378859,75,241.074051
6.558254,28,241.145637
30.126676,50,241.270906
-1.688232,23,241.328299
43.61311,49,241.451059
28.475197,52,241.583196
-1.184563,13,241.615246
-8.435747,10,241.641374
2.014252,14,241.677775
0.263096,11,241.706137
29.588773,37,241.799627
50.010889,68,241.971303
17.442722,28,242.043623
-7.016691,13,242.078741
22.769503,32,242.164104
110.018402,104,242.448498
7.944054,16,242.493454
8.632309,18,242.542315
2.33575,14,242.580613
14.32174,28,242.65692
80.005992,91,242.910584
50.573945,66,243.090405
3.908261,14,243.125503
22.830991,38,243.221161
67.584355,86,243.437812
33.199058,51,243.567044
8.845484,20,243.617678
4.694575,17,243.662454
30.286441,49,243.785276
40.715562,61,243.956688
-1.277809,11,243.987217
4.41907,18,244.037904
25.765912,35,244.136661
4.111665,17,252.57418
-0.367807,16,252.619818
10.218558,22,252.682055
142.952535,144,253.108289
37.463687,53,253.26616
249.068375,148,253.694432
126.789834,113,253.979793
25.106899,40,254.081328
22.953803,34,254.167281
24.961598,48,254.289299
36.616698,46,254.406542
142.451752,122,254.719465
108.802252,113,255.028661
10.8307,25,255.095542
30.27656,49,255.230562
0.618801,16,255.275919
146.11002,156,255.704864
35.552928,49,255.841452
65.489288,78,256.059367
26.268882,41,256.174127
35.345944,43,256.292815
37.612481,52,256.435453
7.152666,17,256.480325
97.684986,120,256.812926
31.877211,46,256.940774
36.699617,54,257.085817
10.060526,22,257.144957
-4.797423,12,257.176698
83.097817,87,257.401923
7.429484,26,257.471536
11.774583,33,257.560966
44.412663,60,257.722694
3.486089,13,257.758553
30.061569,45,257.887905
4.228726,18,257.938435
15.752142,23,257.997657
161.450461,166,266.676899
3.391416,19,266.724067
143.352542,107,266.990457
128.369266,130,267.311801
155.81904,140,267.66487
21.365764,36,267.760079
211.866592,180,268.212808
229.856875,184,268.718087
15.542893,28,268.795391
182.640873,138,269.181624
304.351985,201,269.753097
84.776151,85,269.990853
94.072408,91,270.240832
75.057579,76,270.449319
148.021432,109,270.751767
62.106498,69,270.945946
15.239507,39,271.052951
49.876097,68,271.241368
10.312568,25,271.311074
235.568331,184,271.837103
128.252956,160,280.702308
311.85425,198,281.294238
58.745699,66,281.488453
38.492772,53,281.650933
65.508365,93,281.924654
117.528016,194,282.500137
135.015043,101,282.807376
14.883673,34,282.909203
20.025614,38,283.021736
159.429308,110,283.301793
56.994551,77,283.498528
270.5542,222,284.112002
94.184459,118,284.409594
268.975336,190,284.889701
49.222173,51,285.027384
21.139576,34,285.123502
76.279879,85,285.356081
193.641158,113,285.673946
104.792524,110,285.990263
262.448477,209,294.947613
10.258061,35,295.04792
40.681793,56,295.20351
207.168991,131,295.572003
39.154162,51,295.714785
17.707421,33,295.802761
56.393424,84,296.023283
29.51821,42,296.129955
100.910296,117,296.422247
198.104477,156,296.810786
221.87302,137,297.154546
256.774578,149,297.567376
66.327972,113,297.860002
13.910572,22,297.915962
66.537152,74,298.119078
57.227445,78,298.341525
246.970757,181,298.861821
157.397809,105,299.130162
296.027611,236,299.77945
147.598345,107,308.48041
184.692383,120,308.781778
330.312465,216,309.376683
216.138319,129,309.712892
255.503699,184,310.199155
117.723171,91,310.426861
211.891414,118,310.743429
180.229356,118,311.076972
265.0284,167,311.54307
94.121823,150,311.95052
250.538429,146,312.363124
236.92553,125,312.711245
42.812209,58,312.858762
78.740766,101,313.116948
153.468351,98,313.388203
276.540828,168,313.886102
109.540253,217,322.867374
191.52952,95,323.104072
159.407205,93,323.335536
315.710983,210,323.906595
7.716072,21,323.965516
86.307182,104,324.252681
231.972031,123,324.588187
287.880989,174,325.04337
128.105867,101,325.320359
223.250835,126,325.666933
202.359434,105,325.944967
0.207123,15,325.986604
228.109652,148,326.368391
206.291701,155,326.784421
331.324228,191,327.314894
75.745315,102,327.600264
182.949272,150,336.468058
223.275125,151,336.920165
231.286576,126,337.301682
351.406236,227,337.973817
323.237249,210,338.541075
238.620691,149,338.96325
226.737925,140,339.350712
182.795965,113,339.66467
73.74058,107,339.944088
241.936352,129,340.287887
175.416578,115,340.632561
89.553088,192,341.21425
74.569861,82,341.455701
31.914806,44,341.588794
257.135653,143,342.027919
265.893171,168,351.036701
177.795128,108,351.308073
229.680849,124,351.635233
201.444345,147,352.019193
98.116913,92,352.269366
59.198036,108,352.558716
231.334394,138,352.913541
355.961223,301,353.730253
213.043374,135,354.089951
189.612593,99,354.3673
297.779192,210,354.960298
242.500777,153,355.389743
226.726312,135,355.757465
304.116376,167,356.216423
345.731905,219,365.284467
222.391959,116,365.613255
205.212933,116,365.912535
275.733075,171,366.365473
269.431367,152,366.790782
270.730001,167,367.244812
144.53638,102,367.506693
235.917337,162,367.940516
281.131455,163,368.395965
323.796379,205,368.966984
369.30431,235,369.592115
252.329864,196,370.112048
336.317224,206,378.925724
42.322815,45,379.052995
282.356097,157,379.473918
272.551228,182,379.950963
69.710483,82,380.168296
194.440199,107,380.448614
243.575953,145,380.841462
251.644399,158,381.256495
107.806325,109,381.534335
264.467173,146,381.904607
267.759288,168,382.322652
-2.461412,15,382.362107
59.722526,98,382.610585
282.614887,200,383.126958
199.623841,108,383.401871
249.527055,139,383.767566
201.084648,116,392.512397
195.637124,107,392.830297
327.337499,226,393.516202
323.902256,241,394.198519
208.960756,126,394.54386
291.244386,170,395.009977
231.978458,322,395.920765
43.058523,56,396.079946
43.076482,119,396.410675
372.769592,256,397.092814
245.128275,129,397.445196
141.726843,122,397.758335
289.867715,163,406.606964
222.443163,117,406.959855
190.568722,107,407.283117
140.005944,78,407.518979
201.342844,139,407.934529
97.474131,160,408.42919
202.180214,118,408.775108
282.639258,165,409.240608
308.552653,226,409.884981
131.046212,74,410.089298
263.695731,160,410.54797
235.681948,136,410.93163
305.2143,178,411.4397
341.361916,262,412.145298
236.30392,140,420.878062
275.792624,153,421.334369
264.163255,151,421.788282
320.222075,224,422.451856
158.740813,83,422.679606
312.969472,183,423.14289
276.020512,153,423.53021
227.826991,131,423.859418
291.503825,148,424.233421
223.34327,128,424.572266
207.541327,114,424.883246
272.270356,159,425.327589
380.323777,237,425.974628
219.35356,120,434.610878
185.273062,96,434.861893
300.718584,176,435.347629
251.956973,145,435.748668
262.234361,142,436.116811
200.700168,104,436.39638
328.466452,199,436.906585
303.551993,178,437.359291
233.990372,128,437.680382
290.134299,181,438.138325
295.083964,163,438.571198
224.405195,127,438.895791
109.396712,266,439.622157
195.218587,121,439.958293
244.030175,128,448.750979
300.250138,183,449.285098
357.107866,234,449.976326
256.828057,133,450.374841
361.177887,255,451.137513
29.425802,62,451.319127
209.264997,132,451.713432
178.563738,95,451.998685
284.749907,227,452.614619
5.571404,61,452.780235
263.897056,153,453.190906
255.638276,140,453.570223
228.844224,130,453.909908
231.814246,119,454.238057
194.692042,102,462.889141
249.144209,125,463.225744
312.436141,197,463.728549
325.748995,180,464.222633
220.294602,120,464.539432
265.62125,155,464.962085
238.902319,133,465.326133
243.109316,134,465.700041
196.858645,120,466.028394
344.307078,217,466.629431
-0.144579,13,466.665334
264.601,145,467.068416
274.633029,149,467.485385
241.999346,128,467.815625
73.968099,108,468.09421
265.005933,139,476.730629
306.891135,183,477.207828
265.917126,145,477.574523
226.092057,119,477.873962
279.615496,156,478.265921
56.008855,116,478.556486
96.116467,229,479.15176
316.640746,209,479.732718
262.998871,169,480.200919
277.215107,146,480.610586
338.444094,195,481.145568
225.867119,132,481.513094
266.346959,153,490.348856
271.814272,137,490.749189
305.024848,178,491.278225
248.905409,127,491.65128
292.883722,184,492.19952
84.221415,188,492.754879
234.179425,122,493.118665
258.205072,139,493.526643
298.535761,175,494.054169
258.233223,147,494.493034
280.424043,152,494.918642
240.190678,124,495.25989
300.770108,167,495.702675
229.238017,136,496.079974
406.968833,285,505.293865
215.5945,106,505.590475
260.222207,168,506.057922
249.621711,139,506.441659
256.845293,130,506.808175
305.338712,173,507.284669
199.456458,114,507.601984
323.594343,214,508.194973
356.557094,226,508.832122
216.862811,117,509.144743
256.753644,135,509.497434
273.338111,144,509.88422
66.776314,169,518.659313
189.122004,108,518.935545
376.24916,213,519.492899
235.21555,137,519.877619
235.8632,134,520.215078
2.034775,15,520.252178
324.228174,174,520.686251
299.965607,177,521.14692
167.280347,93,521.383821
255.432685,140,521.74179
154.61324,260,522.408663
220.637387,192,522.932167
333.568023,201,523.456164
219.177381,135,523.818581
17.213032,34,523.907145
292.647296,158,532.75392
426.515762,294,533.57401
287.998146,162,534.024381
316.353899,172,534.50704
315.1553,195,535.048682
281.517498,155,535.480531
272.343849,152,535.899035
254.394681,172,536.381842
206.334291,118,536.709458
317.421663,174,537.198428
276.935613,150,537.627856
234.417251,122,537.966498
279.582607,165,546.815839
425.190699,329,547.801399
230.534401,119,548.16095
296.2129,157,548.635651
288.617485,164,549.129704
284.243826,150,549.577034
253.242944,144,550.006868
296.84341,172,550.526489
283.546183,170,551.029022
263.038436,160,551.459066
232.843391,122,551.785765
270.477735,143,552.19233
224.635822,133,560.851566
332.594683,183,561.329817
272.146472,175,561.794333
176.474827,95,562.063127
300.088774,170,562.520066
288.415401,164,562.977536
282.929664,154,563.4038
276.857277,159,563.852536
288.416919,180,564.339613
299.918604,172,564.78579
321.915989,184,565.291428
371.484256,245,565.975473
332.251205,211,574.940813
281.99604,142,575.366439
217.935098,102,575.669107
239.264248,127,576.051187
337.989518,205,576.663229
315.927756,169,577.16268
269.777119,155,577.578421
81.098247,191,578.064259
272.448457,140,578.414159
355.390542,219,578.986983
328.047145,195,579.518614
263.042936,142,579.920855
383.13404,277,589.10548
249.435491,123,589.4167
347.90586,211,589.951545
279.881501,159,590.353823
475.991705,338,591.209183
259.51189,136,591.581775
383.636561,219,592.197864
269.892828,157,592.640768
221.856777,115,592.973646
265.098051,142,593.360428
251.041711,127,593.697393
289.561192,153,594.128328
278.245957,158,602.84416
331.884376,208,603.382075
202.431268,104,603.645777
270.709686,155,604.035165
214.754144,121,604.34222
322.664878,197,604.841189
301.350378,178,605.293413
266.281457,148,605.665491
270.460468,157,606.065073
361.748153,240,606.702342
259.566166,137,607.093529
323.553365,186,607.592104
296.300914,179,616.341864
196.709709,98,616.59338
256.823925,134,616.950419
220.153278,114,617.241838
294.083414,171,617.674198
266.360422,132,618.014114
194.553504,99,618.26638
261.187501,147,618.64143
251.380972,156,619.054301
250.827621,128,619.396518
216.015048,122,619.733715
311.547513,165,620.154371
181.56257,93,620.390929
262.168645,147,620.772167
212.229336,118,621.101986
315.750997,180,621.596586
382.552452,235,630.799515
235.655224,125,631.162816
288.088275,173,631.615501
331.464033,183,632.085025
435.228671,305,632.867538
298.926107,172,633.306307
325.766846,194,633.810556
234.311758,125,634.125464
247.456531,141,634.491028
300.89376,152,634.898776
294.910614,150,635.327431
257.615468,152,644.169376
330.789695,191,644.649623
244.315418,129,644.986089
280.06779,158,645.396959
352.916084,214,645.94143
226.207599,122,646.253247
339.125946,193,646.742826
254.518028,129,647.070155
390.438081,231,647.658729
186.143791,103,647.931046
240.061083,133,648.27995
307.704666,161,648.70889
289.563795,152,649.136549
295.739513,165,658.011806
344.400475,213,658.617817
318.14999,174,659.071301
307.407915,160,659.489223
230.656286,116,659.787637
309.635747,187,660.262745
252.341842,153,660.654629
270.35395,130,660.987573
215.615148,116,661.283674
343.932641,202,661.797212
308.019508,166,662.221155
260.684517,140,662.587455
274.316776,149,663.008173
295.41369,162,671.887745
277.39105,164,672.375994
-1.125303,22,672.436273
307.381816,183,672.96934
293.320957,160,673.446311
46.150507,57,673.61499
311.534393,162,674.095043
210.129644,113,674.435869
213.639188,115,674.771763
276.209232,148,675.208986
425.34729,259,675.974417
310.267225,172,676.479921
424.52029,273,677.257833
357.51037,192,686.315562
284.478516,153,686.771109
347.648473,196,687.356302
350.943913,192,687.923789
191.067722,93,688.196552
383.233383,218,688.834991
254.983354,146,689.213389
391.637,229,689.846529
218.690905,109,690.152703
221.785281,121,690.509304
394.151926,206,691.123975
213.291634,118,691.442807
305.494164,174,691.898034
332.270161,177,700.754575
302.871858,166,701.254526
286.057026,144,701.682399
357.123592,181,702.225162
258.211295,140,702.640872
289.61745,157,703.115466
365.355567,224,703.785425
292.067017,150,704.235574
385.457831,220,704.819869
342.018941,194,705.320547
313.254485,172,705.807062
313.167909,155,714.62477
328.698664,165,715.099946
262.704644,132,715.461511
326.312483,154,715.862005
287.428094,154,716.296524
356.024256,198,716.823923
354.726514,204,717.355047
267.247903,141,717.71642
369.11466,193,718.22289
352.011601,187,718.697891
343.299739,203,719.232177
403.306641,233,719.852722
240.378763,115,728.481607
320.188352,175,728.999744
211.039859,116,729.320078
425.541765,256,729.970145
423.827611,253,730.635074
262.845212,136,730.989753
223.061495,126,731.313788
308.245353,157,731.714314
133.365889,246,732.383412
320.839137,179,732.866954
299.689106,154,733.256862
280.273103,150,733.647013
293.848331,145,742.420924
336.250123,167,742.861803
217.157777,114,743.151864
331.028368,165,743.571462
256.078992,123,743.882685
253.65752,122,744.195551
378.768506,209,744.744456
388.745093,209,745.282664
353.751832,173,745.724038
340.894665,176,746.190912
316.307581,175,746.670943
365.567292,177,747.167726
383.056555,196,756.065865
238.747743,115,756.355956
354.407262,195,756.927382
365.875812,208,757.536828
329.958014,183,758.061215
305.946808,152,758.448695
368.046983,192,758.935627
401.194044,213,759.474238
344.574483,178,759.930931
266.724425,142,760.331829
268.577947,130,760.667315
267.122469,131,761.004506
365.962787,188,769.918059
320.529864,154,770.376439
314.13978,160,770.863394
246.647371,121,771.20293
444.263727,267,771.946708
397.87644,232,772.582595
322.977287,163,773.004924
331.1905,155,773.396722
278.032187,134,773.736259
248.055435,121,774.048009
425.501392,221,774.622187
247.425205,124,774.944478
323.896725,156,775.358452
291.422669,152,784.167285
325.619869,175,784.659973
349.284402,168,785.13748
302.682404,151,785.557038
298.60623,172,786.035461
335.037389,160,786.477169
339.851402,179,787.003378
289.999112,157,787.469581
372.567055,192,788.039074
325.020043,173,788.553286
362.601555,180,789.084926
315.518935,150,789.527849
395.565772,220,798.664002
281.258254,134,799.004256
292.396446,143,799.372797
394.913966,227,799.987106
305.102986,144,800.380093
376.811557,214,800.980942
301.618664,142,801.372092
314.816708,148,801.783768
339.775989,171,802.25731
321.662003,156,802.668751
375.053712,201,803.219021
277.85243,129,803.551278
294.333249,155,812.571087
331.590799,164,813.062481
314.009474,156,813.530198
329.216293,160,814.00981
359.57618,185,814.558702
294.917428,165,815.01919
333.735048,160,815.422311
329.188643,196,815.932894
276.144909,136,816.279403
376.281023,190,816.757598
267.910711,134,817.115095
320.922116,164,817.544052
321.179048,161,826.446502
367.752953,215,827.038164
308.718915,158,827.484156
370.120302,186,828.012935
346.744908,183,828.554023
388.342035,205,829.174661
368.416141,189,829.738092
347.489264,188,830.304069
342.808254,173,830.819643
343.077421,181,831.37103
274.684794,136,831.763943
348.752063,194,832.316301
340.27686,167,841.188495
340.493768,166,841.64167
359.744888,172,842.121921
350.755733,169,842.630529
353.329753,172,843.154503
332.828515,168,843.663491
324.22846,171,844.180413
372.59899,200,844.787473
403.535233,218,845.389493
454.894933,260,846.080371
329.05071,161,846.510551
353.08522,175,855.371426
342.44464,184,855.888456
310.225853,143,856.262451
312.821246,153,856.659332
277.722677,133,857.007976
390.903308,238,857.612813
399.206822,209,858.155625
274.327801,132,858.527153
310.952128,151,858.953868
300.389046,132,859.289603
359.181371,179,859.759777
338.078374,167,860.234411
329.525575,170,869.164909
322.481164,150,869.611575
257.369797,126,869.988116
413.977061,234,870.694103
298.269808,140,871.095389
458.452138,255,871.755442
347.536679,161,872.169779
383.358322,193,872.711565
324.724536,149,873.106825
401.338579,216,873.712717
381.948605,212,874.305223
344.668069,165,883.193701
430.819179,239,883.913708
344.63786,156,884.38398
312.574053,154,884.854685
277.669569,124,885.225798
383.732748,211,885.811962
276.207013,124,886.144485
320.834031,169,886.585775
358.376015,172,887.052865
374.051795,200,887.599713
448.579819,245,888.263793
333.854769,157,888.703608
339.469173,167,897.556859
362.182695,204,898.175908
354.565943,177,898.713624
384.935412,197,899.305415
319.440144,148,899.752677
370.497354,178,900.306596
341.818241,165,900.808633
411.177331,234,901.496887
328.049244,147,901.904906
334.653966,168,902.362309
335.054081,156,902.796548
339.98142,157,903.229878
352.910493,181,912.156629
310.29862,153,912.547457
332.99261,156,912.946456
319.424665,171,913.384277
363.564693,182,913.850692
366.056312,181,914.317582
336.808308,165,914.738272
343.387365,170,915.182037
310.999831,154,915.627692
302.413716,138,916.024774
375.810889,209,916.61678
357.975089,180,917.097674
372.193478,178,925.991374
396.823941,188,926.553905
374.257783,185,927.113086
409.008289,213,927.754074
458.675512,292,928.507375
312.10286,149,928.886892
341.85823,163,929.320189
292.502445,135,929.688524
490.253962,304,930.555667
355.843795,177,931.037345
468.617006,264,940.219349
431.321243,206,940.804266
360.619841,166,941.272281
359.045973,189,941.808727
335.155848,155,942.242139
335.531393,183,942.760806
451.665539,259,943.487779
497.524758,293,944.321625
308.411259,152,944.737017
374.707805,201,945.26942
360.974686,162,954.05162
334.807068,162,954.495592
354.285304,182,955.01626
417.71818,237,955.692292
363.428861,184,956.198079
330.829572,153,956.586587
280.674857,129,956.915404
341.492567,160,957.339889
295.171101,138,957.724227
400.417019,188,958.245462
386.705715,195,958.773155
349.906272,212,959.363572
373.079665,177,968.309986
346.084785,159,968.783934
356.112767,171,969.289125
309.099622,139,969.697999
344.528702,157,970.160816
280.822685,131,970.54898
315.307777,145,970.982561
355.652432,183,971.507734
343.62045,166,971.972113
389.088615,189,972.511654
358.358992,180,973.004826
298.114547,146,973.412917
337.058633,143,982.265301
325.873537,151,982.68889
421.149157,227,983.322513
354.552253,157,983.762743
317.003453,141,984.163038
298.230531,136,984.518643
469.847945,255,985.183042
397.883324,240,985.804288
358.046306,179,986.315942
425.742,227,986.926867
380.469693,180,987.425186
280.012078,121,987.753381
423.222118,233,996.752079
330.113707,158,997.165691
401.650462,206,997.742323
306.858673,153,998.149409
321.644125,142,998.527758
422.392115,231,999.168597
317.321776,155,999.58588
369.018294,195,1000.121466
443.130106,233,1000.765074
411.556794,220,1001.347757
394.30903,203,1010.31549
377.153987,171,1010.761895
357.584996,169,1011.204764
312.430188,140,1011.587908
416.267874,205,1012.154751
288.238614,134,1012.498189
401.088918,196,1012.996791
357.495792,177,1013.463239
242.240415,118,1013.759165
353.965044,159,1014.203674
347.244584,171,1014.683761
404.111748,199,1015.224856
360.16148,181,1024.084174
301.320344,138,1024.494871
338.669217,154,1024.954084
516.659517,326,1025.853273
389.01029,184,1026.321486
358.281209,174,1026.797575
386.076617,176,1027.288447
510.383201,303,1028.082637
301.748588,145,1028.487139
346.084726,174,1028.961502
356.781899,169,1029.427767
358.56644,170,1038.363463
356.651271,171,1038.866742
333.080677,159,1039.31764
333.492566,144,1039.714301
362.92028,162,1040.162228
325.332698,144,1040.563856
358.888405,179,1041.055883
274.824103,123,1041.393624
365.127465,173,1041.870107
352.872083,181,1042.40963
212.486866,104,1042.690234
346.792859,170,1043.149419
338.935474,156,1043.554111
382.411043,176,1052.374691
364.978805,190,1052.878104
291.171365,136,1053.221436
416.808235,216,1053.767714
399.319986,198,1054.269997
399.750228,200,1054.789589
324.857447,162,1055.215906
393.543829,184,1055.691508
337.490027,152,1056.079161
353.173801,159,1056.512506
361.955301,181,1057.051292
368.825284,198,1065.957673
393.997277,172,1066.462856
336.430761,146,1066.859238
429.228581,265,1067.560459
319.340442,144,1067.945446
359.122786,185,1068.49899
388.762768,196,1069.046875
410.855526,208,1069.605782
398.142915,215,1070.159498
275.242675,123,1070.505366
351.941947,179,1070.971663
351.532486,160,1071.37584
382.395602,180,1080.325475
367.363714,178,1080.780132
316.639053,141,1081.138969
408.537541,191,1081.630586
251.599806,111,1081.930891
412.387643,194,1082.426332
435.03864,214,1082.979857
368.917093,175,1083.446929
365.289371,164,1083.864181
418.176261,201,1084.395999
375.517536,167,1084.867677
326.8705,146,1085.270367
388.495586,185,1094.214252
410.119759,203,1094.80848
427.768367,237,1095.425208
337.997421,155,1095.852814
414.243088,227,1096.432781
417.336801,202,1096.943275
347.541786,184,1097.441921
422.305026,209,1098.015335
410.221328,210,1098.60166
418.162669,220,1099.185248
326.982615,159,1108.013393
373.402569,177,1108.509193
374.347462,170,1108.981612
376.284669,174,1109.45873
402.002035,188,1109.933252
308.185765,136,1110.307601
303.437809,143,1110.716087
53.978416,48,1110.851652
399.940843,197,1111.404021
491.707433,295,1112.291137
400.39571,191,1112.884665
415.173579,216,1121.849824
262.872942,127,1122.236258
411.314768,201,1122.778674
425.160263,208,1123.322089
308.075379,136,1123.708783
442.082601,240,1124.379233
160.929076,240,1125.055021
348.400767,164,1125.512002
350.403861,148,1125.958202
320.663399,148,1126.4172
380.475987,174,1126.945019
311.490539,143,1127.376034
344.498736,156,1136.354266
350.125509,147,1136.781688
487.745678,272,1137.592461
358.808392,162,1138.081888
445.365122,202,1138.690525
427.190284,219,1139.352625
415.026006,210,1139.925079
379.535952,188,1140.43578
283.983176,129,1140.778113
327.407076,141,1141.178269
306.202994,141,1141.572275
346.092905,156,1141.975747
351.011339,155,1150.751979
396.048463,211,1151.309444
380.533263,175,1151.777043
459.98862,252,1152.425129
322.882143,138,1152.806458
487.007989,279,1153.560596
354.291613,156,1153.965231
380.134412,163,1154.407287
395.403564,176,1154.895846
367.604867,171,1155.368962
357.36184,173,1155.843786
323.632601,143,1164.746289
373.181725,171,1165.233107
349.790767,165,1165.700321
305.468614,140,1166.100713
355.970156,170,1166.573503
390.772591,178,1167.067183
392.499134,187,1167.594199
432.998721,201,1168.160861
312.894662,144,1168.59452
397.714724,185,1169.151883
245.979157,117,1169.499613
407.543392,186,1170.064872
373.007004,164,1179.014729
471.76265,221,1179.667533
422.365055,197,1180.253441
406.141038,227,1180.89867
382.98264,163,1181.383545
359.283911,153,1181.838721
317.15598,139,1182.250836
396.100615,178,1182.784204
308.434324,142,1183.203787
406.909101,193,1183.740899
433.439675,209,1184.317761
387.671405,201,1193.23097
459.104486,236,1193.897661
438.280886,214,1194.502684
378.111699,169,1194.985783
365.615521,193,1195.540941
392.18205,170,1195.99351
410.612228,193,1196.518123
457.296722,226,1197.152619
426.52256,234,1197.818618
457.937743,225,1198.453423
403.141316,204,1207.443828
410.786796,207,1208.064986
432.862974,201,1208.668094
386.742828,158,1209.132434
434.917083,207,1209.686485
388.805524,198,1210.213765
384.576661,171,1210.700532
361.786694,177,1211.18914
346.60756,147,1211.583119
352.242807,152,1211.976242
390.651791,179,1212.465735
421.886203,210,1221.526206
393.867036,174,1221.970293
432.668511,221,1222.588847
319.715611,137,1222.976729
374.353977,168,1223.441763
414.791149,188,1223.975803
260.191994,115,1224.301644
337.892897,155,1224.746768
386.868697,163,1225.203421
394.716334,188,1225.725645
445.370035,241,1226.367768
409.927202,182,1226.844323
349.168873,151,1235.604283
397.609634,184,1236.133462
400.381177,176,1236.638699
320.224857,139,1237.041855
376.675022,166,1237.516915
408.12231,181,1238.00271
320.269607,134,1238.359622
422.390617,193,1238.889061
342.720775,141,1239.266861
361.96081,155,1239.702734
338.628177,141,1240.078716
309.159064,153,1240.495949
364.976669,163,1240.951998
491.519065,252,1250.204598
363.328483,155,1250.675054
403.956781,180,1251.20729
387.284615,171,1251.709759
342.797076,143,1252.143739
399.413087,179,1252.687904
410.730964,174,1253.204668
405.660061,188,1253.730191
507.883349,240,1254.38495
504.785467,257,1255.068728
422.52199,192,1264.014661
228.460772,276,1264.836112
355.150632,167,1265.31957
453.52379,209,1265.942255
396.925007,191,1266.511961
409.064101,185,1267.077339
423.371068,195,1267.571958
401.139351,172,1268.042762
426.713684,201,1268.562308
423.888274,204,1269.134633
445.598273,201,1269.704314
356.392888,142,1278.475574
386.714834,176,1278.96816
405.049757,182,1279.464998
349.544661,151,1279.889595
524.095858,256,1280.630211
361.212793,165,1281.123576
408.299436,182,1281.658629
433.801461,210,1282.270268
350.074071,151,1282.669915
444.675531,194,1283.178236
353.15039,161,1283.606941
401.188518,188,1292.5808
434.966154,210,1293.157746
422.647172,191,1293.692381
381.814868,180,1294.218451
486.309638,238,1294.933418
410.88842,166,1295.418849
445.389578,210,1296.013383
435.333203,194,1296.542084
349.597338,148,1296.935771
494.138037,238,1297.578695
423.885397,192,1298.091332
402.416326,173,1307.012634
386.674981,171,1307.478823
354.436157,155,1307.900401
347.479978,161,1308.350213
410.554525,196,1308.90687
408.316488,180,1309.399832
397.374791,177,1309.880423
358.72954,145,1310.284404
363.849217,146,1310.689578
441.438241,199,1311.232965
340.690826,144,1311.615687
381.30376,164,1312.061644
433.905035,199,1321.107667
354.348283,149,1321.490146
389.462855,157,1321.911762
417.419565,196,1322.443044
386.632456,175,1322.934102
431.141167,213,1323.524702
422.33113,193,1324.051141
408.761213,186,1324.538035
399.9377,167,1325.001803
521.302063,236,1325.607349
445.362234,202,1326.127465
497.271172,243,1335.175282
450.528392,193,1335.745369
400.073255,167,1336.213847
430.558666,188,1336.756669
56.451159,113,1337.062321
414.344317,172,1337.511075
532.671579,302,1338.311553
424.278527,186,1338.79557
340.245726,137,1339.171568
392.153161,174,1339.642057
350.45633,155,1340.046512
449.440416,194,1348.966874
368.513133,177,1349.451326
433.218886,190,1349.943235
451.643244,239,1350.624314
409.67791,176,1351.110826
318.228673,133,1351.47449
511.838783,232,1352.099604
412.733629,179,1352.5669
385.139607,162,1352.997912
442.451642,207,1353.562222
390.650607,170,1354.023046
463.715443,193,1362.9512
358.219213,154,1363.395455
375.014626,153,1363.827877
541.815631,277,1364.580076
407.268343,171,1365.066063
537.984306,230,1365.667616
435.679818,190,1366.157501
403.027629,184,1366.635393
482.607449,206,1367.181255
492.377507,215,1367.772484
462.241601,195,1376.605946
365.628304,149,1377.010491
472.989305,190,1377.531291
347.306831,137,1377.89046
473.738808,223,1378.477332
508.243108,208,1379.025609
351.09443,149,1379.431757
366.471149,156,1379.865004
445.823452,190,1380.389524
498.684177,217,1380.978648
363.008224,153,1381.377213
499.391618,230,1390.402651
428.780644,183,1390.964379
459.245844,196,1391.513022
382.689254,165,1391.936126
385.385413,169,1392.390586
349.516909,157,1392.826632
389.264472,156,1393.26632
432.597895,187,1393.791668
445.058885,192,1394.315482
404.853342,180,1394.824335
393.916974,167,1395.259295
472.088744,203,1395.806769
466.356318,231,1404.838126
476.96016,191,1405.388111
431.317863,185,1405.914612
404.423437,194,1406.461232
398.538668,161,1406.912289
459.284064,185,1407.438107
436.693833,178,1407.938705
471.581804,205,1408.507151
421.140491,172,1408.984547
457.691824,194,1409.493734
464.656651,188,1409.994318
475.556465,191,1418.969342
454.616173,193,1419.564537
449.396921,186,1420.12845
556.169989,249,1420.836303
482.60353,192,1421.331463
510.821111,246,1421.985335
506.136408,223,1422.600518
520.806697,239,1423.223866
375.592721,167,1423.686373
404.009967,158,1424.131646
396.75772,159,1433.039339
530.6127,269,1433.727838
394.515788,153,1434.123562
383.079115,171,1434.572663
628.937923,266,1435.254916
405.778771,208,1435.841672
492.942196,214,1436.425824
457.811979,186,1436.923316
512.705217,205,1437.486544
336.480354,159,1437.904905
501.114423,250,1446.948665
542.6188,239,1447.559798
484.091156,236,1448.210006
446.269152,187,1448.722583
577.836212,269,1449.445342
392.126226,176,1449.95745
526.252779,235,1450.58314
524.704722,217,1451.173887
525.931612,244,1451.831522
421.860545,181,1460.74908
424.778182,204,1461.31083
478.914083,208,1461.846761
439.876933,173,1462.304495
512.117595,212,1462.854394
723.653456,306,1463.672231
517.390935,217,1464.264952
393.779424,166,1464.723703
487.898318,193,1465.239568
443.621517,218,1465.824536
505.499825,206,1474.701298
416.68323,201,1475.275736
445.187475,180,1475.746541
590.482481,229,1476.372897
518.030919,235,1476.9878
457.157973,196,1477.517769
431.373501,183,1478.017315
502.05179,201,1478.543849
554.179141,231,1479.165161
370.652881,173,1479.638253
450.604327,186,1488.626139
424.852435,166,1489.122373
413.229133,169,1489.625337
301.816369,130,1490.009886
537.906971,242,1490.727786
422.984326,166,1491.234352
691.770922,259,1491.965956
449.633153,180,1492.460414
428.687541,188,1492.976538
500.162346,200,1493.514139
521.499526,199,1494.056116
662.847765,270,1503.10801
826.887637,315,1503.931855
614.897962,302,1504.727134
448.167683,188,1505.223881
445.899058,176,1505.701872
443.174409,186,1506.206202
1008.407572,462,1507.470386
471.855751,186,1516.409991
382.176994,162,1516.819346
429.672878,170,1517.27779
498.870324,233,1517.868909
642.97261,255,1518.530433
464.410517,189,1519.017767
498.222371,189,1519.540713
1068.455977,441,1520.767775
549.353033,233,1521.390215
408.957476,170,1530.166044
1241.099118,438,1531.455749
507.01197,204,1531.972636
549.728565,249,1532.628538
443.067368,177,1533.119631
473.147812,209,1533.703408
391.795122,169,1534.163229
352.50404,153,1534.57926
417.903402,173,1535.048064
567.10048,229,1535.670062
1012.796853,390,1545.219975
753.768741,270,1546.020341
502.442787,203,1546.551478
565.813023,256,1547.206846
456.947642,185,1547.707832
524.870816,247,1548.383744
1028.404481,467,1549.622578
1111.048348,446,1559.336224
790.974927,283,1560.152694
676.053309,344,1561.096497
949.51905,319,1561.979973
642.880073,229,1562.606122
916.57396,360,1563.59086
694.571079,304,1572.845811
510.545602,211,1573.385646
724.037013,271,1574.078688
592.512505,227,1574.707878
427.100838,173,1575.190759
903.834305,309,1576.043657
457.002341,175,1576.519935
686.880414,248,1577.193736
1062.186256,415,1586.835646
671.256979,248,1587.580126
687.031531,369,1588.695538
539.408675,230,1589.334251
442.46809,188,1589.850926
640.95846,285,1590.617897
574.00698,233,1591.262537
684.230837,281,1592.016929
667.354014,256,1601.205091
470.541676,194,1601.755975
992.624851,410,1602.821428
757.679333,346,1603.755616
968.949345,337,1604.674898
1309.130584,502,1606.066069
1024.677408,409,1615.718735
953.024203,381,1616.826453
551.409115,248,1617.526502
955.043948,344,1618.446717
539.191727,218,1619.028991
1061.987616,470,1620.298239
579.285604,247,1629.394173
1100.207914,391,1630.471021
661.390845,249,1631.166222
742.186097,275,1631.908984
562.485037,265,1632.623459
461.904293,217,1633.215426
648.117054,239,1633.841403
506.002635,217,1642.923115
934.27678,352,1644.001222
999.370437,382,1645.075963
1274.09401,453,1646.29416
695.121682,266,1647.02493
835.032479,316,1647.895931
605.018334,222,1648.477313
658.311142,270,1657.618796
685.286664,258,1658.401817
724.003464,279,1659.152558
718.748129,293,1659.937411
1116.381737,376,1660.958978
745.206347,271,1661.713041
2426.583335,870,1672.5417
573.004101,218,1673.131215
839.961567,314,1673.961507
488.569667,233,1674.596318
659.374271,248,1675.252043
617.967829,247,1675.908393
677.216222,298,1685.187005
1283.247386,446,1686.380802
570.323694,226,1686.991649
1020.188404,358,1687.960679
663.995936,290,1688.74551
775.693512,353,1689.727138
712.239395,273,1690.448977
670.384703,280,1699.603615
716.084503,282,1700.361392
1200.782077,436,1701.526979
1168.847627,403,1702.662707
1119.790001,401,1703.76964
674.397465,289,1704.56558
1161.42072,432,1714.155181
1098.474984,403,1715.253731
1025.770665,360,1716.289895
526.994755,251,1716.963567
889.947858,322,1717.795662
2088.957876,754,1728.31735
724.527751,283,1729.087989
1001.979753,397,1730.12468
523.646748,203,1730.641287
606.749027,242,1731.30651
443.219217,194,1731.843002
1276.138692,436,1741.450947
926.394196,321,1742.314756
684.702144,263,1743.02092
751.126488,285,1743.771015
1305.58398,481,1745.007817
682.762022,302,1745.837852
1052.018879,418,1755.379094
939.989457,357,1756.364066
873.690994,320,1757.252002
1556.209303,549,1758.747602
310.595909,159,1759.190571
1160.999004,387,1760.252002
649.559234,274,1769.404771
972.870914,325,1770.244467
693.746958,269,1770.950179
886.871112,321,1771.820332
2314.141035,760,1773.924277
889.186921,382,1783.352518
921.790751,376,1784.387312
1213.373892,423,1785.561136
783.438613,316,1786.437371
1802.259365,648,1788.159609
712.416845,284,1797.32191
1688.735603,565,1798.876976
796.022818,325,1799.761505
1262.338185,470,1801.054759
1134.611857,414,1802.168537
2902.379257,1000,1813.203815
934.952484,333,1814.168303
1026.175566,376,1815.190304
1472.657139,519,1825.146354
583.148625,233,1825.779423
2627.540083,898,1828.208846
1565.880093,681,1830.028713
1189.739417,397,1839.682895
768.046233,287,1840.539071
468.076049,217,1841.193222
2088.187112,1000,1843.886125
1104.614224,421,1853.502782
1725.043255,604,1855.195887
1725.292211,565,1856.727437
1214.901286,443,1857.918648
854.167041,428,1867.544518
739.692401,271,1868.285678
1191.904605,403,1869.403241
448.925229,190,1869.934021
906.15533,363,1870.937328
1330.358003,415,1872.064122
1192.030163,434,1881.680719
980.397011,336,1882.610256
1071.030861,391,1883.695331
1268.216455,416,1884.846133
1206.493103,413,1886.009833
1290.375494,515,1895.890617
1889.057372,684,1897.798393
831.382491,348,1898.757819
991.629942,347,1899.706431
1705.724035,577,1909.702974
1184.834294,423,1910.974137
1853.075777,656,1912.883817
1348.52907,585,1914.432785
901.630742,377,1923.939394
1401.010144,504,1925.437897
2003.353381,697,1927.353979
943.506976,371,1928.38156
1074.002878,380,1929.385344
1387.495813,455,1938.940824
399.644529,170,1939.381357
1259.16994,500,1940.711201
2363.404065,827,1942.943255
1382.855198,484,1952.834443
2057.917512,659,1954.79694
1944.681496,715,1956.7332
2882.584327,1000,1967.853038
1656.76501,572,1969.423045
658.894134,265,1970.14041
2046.86108,712,1980.454395
1840.759435,619,1982.153146
2937.255782,1000,1984.820623
1255.072725,454,1994.560636
599.902184,227,1995.212852
942.521645,335,1996.138982
2263.746538,773,1998.227271
694.530637,282,1998.970279
748.817536,309,2008.244263
680.146283,278,2009.094053
1533.673931,536,2010.585041
1926.416542,592,2012.226448
1309.702747,438,2013.456478
1244.469953,414,2023.159331
697.10512,277,2023.908219
631.897378,244,2024.539444
1417.410677,514,2025.938169
636.806655,251,2026.612478
1351.506927,470,2036.329967
691.93769,273,2037.154051
759.541927,289,2037.94275
1086.936662,377,2038.93084
1069.285952,469,2040.197601
747.14377,268,2040.938303
610.282935,248,2041.61669
1067.828036,391,2050.999228
1200.047086,418,2052.121151
993.229127,352,2053.032683
1406.355584,558,2054.531485
296.043312,129,2054.888575
54.735253,137,2055.26833
2718.185724,1000,2066.530709
848.158155,312,2067.373017
1259.691301,441,2068.601352
1260.331087,466,2078.259498
2015.989463,673,2080.062326
977.634475,363,2081.052554
444.663555,201,2081.611835
1356.123485,471,2082.901689
578.501598,256,2083.591668
982.791425,355,2092.946918
726.57148,253,2093.616527
462.219734,193,2094.127996
789.062871,282,2094.913998
598.883168,286,2095.678039
1198.837669,436,2096.885627
1124.718828,369,2106.312851
1205.940383,386,2107.377907
623.141764,290,2108.150054
776.759692,292,2108.917399
747.493797,262,2109.639276
885.670787,331,2110.539392
1739.679889,563,2120.487369
1289.621724,446,2121.693332
2583.96253,1000,2124.41432
620.33089,236,2125.037161
886.112689,326,2134.255371
1005.101744,341,2135.159194
1232.855478,407,2136.265763
995.29337,341,2137.192142
553.900053,246,2137.845434
1777.669676,596,2139.444857
829.359045,281,2148.641024
632.328829,255,2149.358054
1098.871038,357,2150.35785
2102.011007,723,2152.345891
1012.582465,348,2153.290795
897.393304,315,2162.589293
1721.322992,877,2164.91422
1524.796447,531,2166.349736
1001.821418,347,2167.279281
2422.785509,799,2178.054485
1804.07562,648,2179.795328
1609.979951,512,2181.169337
785.595188,313,2190.390589
1847.023924,606,2191.981037
2366.588997,752,2194.01918
2103.15654,738,2204.36787
1065.79349,343,2205.299017
556.960947,230,2205.953816
977.636587,360,2206.936157
1302.039824,436,2208.126329
1277.833723,430,2209.286566
1509.107196,498,2218.923907
1277.648267,407,2220.045263
2311.448228,756,2222.059594
1906.094521,696,2232.40717
2288.941946,700,2234.257247
3183.302614,1000,2236.953097
2602.653197,860,2247.757262
521.872424,222,2248.347634
1367.556298,490,2249.677695
2730.117979,1000,2260.767813
974.50782,396,2261.842397
939.784379,346,2262.739484
1652.003467,538,2264.206888
3042.125983,1000,2275.34209
2649.238928,873,2277.692625
1954.729016,717,2288.115471
2912.747133,1000,2291.011169
3112.041143,1000,2302.132078
1479.552511,506,2303.476112
1905.416503,640,2305.29801
804.28128,328,2306.183788
3072.032172,1000,2317.336017
2867.868138,1000,2320.060873
2156.932133,668,2330.370905
1400.12019,444,2331.547077
3214.350494,1000,2334.26047
2950.098145,1000,2345.469355
3020.480531,1000,2348.357937
3207.911003,1000,2359.499873
2845.373892,930,2362.020406
618.894498,307,2362.821326
3108.064933,1000,2373.890758
66.429666,145,2374.269174
2958.604372,1000,2376.928674
1904.392139,682,2387.196375
1481.045964,584,2388.850253
1939.242802,641,2390.567155
3202.223677,980,2401.764164
2610.881659,793,2403.919751
1295.306558,430,2405.116709
2405.647644,822,2415.773017
1760.6337,563,2417.25794
2202.247292,775,2419.366694
2020.857747,624,2429.374058
904.277592,318,2430.209187
837.155392,309,2431.058671
979.316502,380,2432.067945
2398.569097,730,2442.496826
1281.624215,448,2443.724862
909.162163,338,2444.679696
739.992222,311,2445.514086
661.518607,243,2446.148701
584.205043,244,2446.77844
678.458587,262,2455.988394
1740.071973,582,2457.72376
723.81828,342,2458.625216
1043.9424,371,2459.655779
485.542321,199,2460.181764
1176.660055,396,2461.266228
2703.553333,801,2471.991476
1948.950277,637,2473.672905
163.295118,241,2474.33585
2205.098573,681,2484.549732
1934.379215,618,2486.132772
1511.623456,499,2487.521058
2324.94167,743,2497.92392
610.966279,249,2498.612653
1668.466222,538,2500.051208
876.272506,290,2500.855633
1940.455668,616,2502.509589
1243.036444,441,2512.095976
710.191174,256,2512.77846
994.278097,400,2513.807121
1199.436737,420,2514.946061
829.972011,309,2515.805845
2746.433493,1000,2526.806566
3071.030659,1000,2529.451735
1428.726216,499,2530.793812
3220.450317,1000,2542.070881
3066.954698,1000,2544.835531
2608.209919,805,2555.453829
666.80579,313,2556.34159
1187.249325,397,2557.547484
2705.946346,831,2568.381376
3173.522594,1000,2571.119761
1869.354241,595,2572.70051
2475.332457,787,2583.141151
3236.114161,1000,2585.986021
1440.35725,486,2587.348289
470.007734,212,2596.357816
2974.376271,892,2598.74918
882.977196,321,2599.59814
680.660993,268,2600.328787
941.91837,315,2601.187877
78.321118,157,2610.012671
2470.780121,761,2612.151821
1603.408049,519,2613.568255
2275.560924,733,2615.542581
592.682356,322,2624.73736
3278.204501,1000,2627.397257
1344.601947,483,2628.718045
933.665378,355,2638.095217
739.083759,278,2638.874567
642.084141,263,2639.657203
2286.75404,719,2641.630272
750.638853,292,2642.427308
685.066072,260,2643.129295
740.157418,288,2652.35991
994.277803,360,2653.40134
1119.772391,363,2654.399175
743.607592,266,2655.116115
3329.22483,1000,2666.254564
1833.516179,622,2668.127748
688.986069,248,2668.80274
837.979877,290,2669.559822
983.757897,342,2670.478358
1491.862378,470,2680.163227
3230.680866,1000,2682.941254
1116.246426,364,2683.920159
2944.400112,914,2694.803157
2739.281662,842,2697.145146
3281.580918,1000,2708.174082
3163.836854,1000,2710.898202
1796.37569,596,2712.524091
1757.412567,580,2722.634892
144.801487,225,2723.274683
1607.092822,533,2724.739786
1079.912838,395,2725.795079
1137.143557,383,2726.845402
2928.828751,1000,2738.083484
3139.793992,1000,2740.782727
3058.333564,1000,2752.025596
3255.104053,1000,2754.721077
191.48487,273,2755.456678
3191.937944,1000,2766.707603
151.511216,236,2767.363253
3207.619913,1000,2778.472421
1042.535075,413,2779.57779
3270.760388,1000,2782.357753
2464.394358,767,2792.818935
973.835808,330,2793.681103
173.479288,255,2794.390326
3180.525997,949,2796.924357
1215.080876,409,2806.506695
1352.457588,423,2807.746699
913.632396,329,2808.629874
2136.186877,649,2810.399152
1342.200011,451,2811.569838
1258.873556,432,2821.106156
1284.446369,425,2822.22228
3296.310012,1000,2824.932582
1337.927563,428,2834.602542
3320.877436,1000,2837.365827
1912.324711,612,2838.999408
1895.461159,638,2849.168134
666.415762,254,2849.830583
1182.434319,445,2851.019577
903.897747,333,2851.936701
460.95967,207,2852.515419
754.105513,285,2853.262699
590.219512,256,2862.37578
164.194432,247,2863.064429
1163.86465,382,2864.127684
408.691335,180,2864.623769
2659.451131,884,2867.052441
989.726004,397,2876.586144
509.337846,204,2877.1995
3410.111756,967,2879.944913
1042.405632,377,2880.94449
3216.362696,967,2891.970305
1214.534095,383,2893.033461
1022.215875,351,2893.986432
1270.213172,433,2895.167829
975.372323,340,2896.114183
1169.581869,385,2905.728628
3285.935768,1000,2908.507526
524.122503,240,2909.131021
1635.466986,624,2919.178479
740.617514,296,2919.97505
1370.085958,483,2921.324471
942.477151,335,2922.292304
1652.39854,514,2923.67354
1558.636509,513,2933.577894
2938.11454,971,2936.306404
3261.461938,968,2947.400618
2247.843021,664,2949.196605
1742.573202,561,2950.747563
720.154395,297,2951.538719
2502.759373,787,2961.994346
1712.78038,541,2963.459964
2431.042359,740,2965.468974
1579.335582,487,2975.228684
3239.836873,1000,2978.099983
2755.545846,857,2980.45821
3246.400964,1000,2991.550992
3194.151195,977,2994.114611
3276.304145,1000,3005.508708
3138.493288,1000,3008.158438
1942.996862,647,3018.476999
3047.569653,1000,3021.157113
3136.005497,1000,3032.254808
1482.846322,497,3033.603648
3284.389127,1000,3036.272593
2084.99936,681,3046.538357
1185.981376,413,3047.652245
3128.219468,934,3050.22473
2808.250951,885,3061.157138
2742.18476,891,3063.626705
526.600156,227,3064.225551
2068.905431,686,3074.483706
3311.247739,1000,3077.160639
3285.383499,1000,3088.312111
913.694893,365,3089.322527
614.024557,246,3090.006032
1846.84557,583,3091.613244
1042.52805,346,3092.569311
3279.324293,1000,3103.679197
1266.647672,444,3104.852293
3025.467553,949,3115.898294
1014.858063,378,3116.959838
765.412985,284,3117.70598
3210.319605,1000,3120.422308
786.723289,278,3129.757783
731.708752,279,3130.603286
243.900652,343,3131.526765
833.33495,284,3132.282977
3145.862587,1000,3143.530388
383.717853,173,3144.004194
1686.466094,539,3145.465949
1824.255338,608,3147.125475
944.927663,325,3148.076623
1222.087788,410,3157.692674
1249.097123,407,3158.795141
3205.822538,1000,3161.555118
2682.875389,829,3172.233326
1129.644467,382,3173.276118
2280.34438,706,3175.14823
1894.330231,662,3176.925291
3369.444745,1000,3187.997908
2898.524862,859,3190.284872
2286.932741,663,3200.48444
859.932218,422,3201.618298
3330.129659,1000,3204.351226
2022.822742,640,3214.478537
1067.321869,367,3215.465502
3097.6577,1000,3218.17989
2464.459233,749,3228.76237
1867.478475,560,3230.238976
1211.57781,394,3231.264857
771.887835,271,3231.983696
45.100439,141,3232.369559
3167.134531,1000,3243.643538
2216.551843,666,3245.471874
1773.527098,533,3246.917714
2960.950694,923,3257.801023
1487.55281,502,3259.258647
2057.753618,621,3260.983556
724.599376,284,3270.308179
988.682183,383,3271.366367
1341.130449,435,3272.531396
1251.249551,437,3273.669978
2748.980252,827,3284.347754
690.053505,277,3285.108411
1105.637213,367,3286.074225
630.467683,232,3286.683588
2736.145659,809,3288.828535
1649.654737,530,3298.497114
695.651502,277,3299.246454
1094.758103,359,3300.20842
907.454999,353,3301.179209
3531.41376,1000,3312.356972
1820.411289,557,3313.914587
132.48122,243,3314.565526
1153.588277,394,3315.619967
1151.216637,381,3316.634555
1560.753643,524,3326.542032
3301.364489,1000,3329.246252
2899.146708,864,3340.071271
1153.347256,403,3341.1531
1688.609231,554,3342.674183
749.969046,281,3343.432421
3234.759512,1000,3354.588636
275.955199,128,3354.946834
2080.620672,639,3356.648375
3345.179545,1000,3367.775367
2805.525659,853,3370.107573
1116.428075,357,3371.077798
3227.249682,1000,3382.288521
3137.99928,925,3384.820528
3470.68099,1000,3395.954458
1441.125978,479,3397.257478
1530.347179,497,3398.605082
1546.759155,521,3400.04706
1019.866215,339,3409.49967
2874.886774,873,3411.919477
462.54343,251,3412.628455
1677.796015,563,3414.140696
2687.60458,811,3424.843866
1358.342519,443,3426.045887
3518.307003,1000,3428.733844
1311.211888,414,3438.140455
61.348239,168,3438.591828
1948.834656,608,3440.299396
2105.176974,641,3442.068041
119.189312,225,3442.69584
645.31011,256,3451.803814
3315.992021,1000,3454.651
2192.558627,697,3456.515965
3034.286346,909,3467.54531
1510.445055,486,3468.833027
1299.469272,462,3470.045136
1364.450859,443,3479.762022
1675.699615,588,3481.358706
3248.302457,996,3484.033564
2225.049536,686,3494.396737
2061.117031,686,3496.279407
3144.162466,1000,3498.97039
2932.252195,1000,3510.10651
2227.239023,752,3512.132614
2846.406205,1000,3523.187436
3335.450958,1000,3525.909484
2971.042089,1000,3537.102194
3121.101619,1000,3539.819349
2510.826991,795,3550.387367
1240.733743,414,3551.553971
3196.325709,1000,3554.234339
3167.580574,1000,3565.475388
3281.355546,1000,3568.176655
1814.919555,617,3578.260784
2111.676062,673,3580.065574
296.638049,138,3580.442383
1448.962308,465,3581.715152
3010.177474,1000,3592.893234
3077.89461,934,3595.423601
453.219638,220,3596.013295
2580.902379,815,3606.495937
2080.845116,688,3608.393498
2895.382897,875,3610.728122
2594.87307,783,3621.270737
1792.917005,562,3622.80909
1163.445045,394,3623.872694
2394.422696,749,3634.293563
906.946044,317,3635.177296
1876.015282,621,3636.889644
3344.682364,1000,3648.165611
1437.333579,477,3649.452897
3354.71015,1000,3652.181229
1694.093604,547,3662.118647
3074.688307,917,3664.627338
3181.883783,1000,3675.735874
3224.765387,1000,3678.46112
3315.263198,1000,3689.475138
3073.347699,1000,3692.199055
3006.53612,1000,3694.949356
2270.553183,683,3705.305904
1849.243462,633,3706.96564
2239.539492,690,3708.770338
1178.060844,407,3718.227123
3197.153269,1000,3720.962319
3064.015151,1000,3732.196486
987.482712,335,3733.13218
1942.482807,595,3734.760056
2579.791434,800,3736.872787
3263.17362,1000,3748.046216
2905.141044,1000,3750.737073
3252.944977,1000,3761.857884
3372.434855,1000,3764.582721
1657.877073,507,3774.371422
397.76196,162,3774.817581
2185.286148,660,3776.599826
957.687013,345,3777.519675
3357.861862,1000,3788.655471
3172.481958,941,3791.194679
1154.292832,384,3792.228353
2391.990325,708,3802.656381
1654.854341,549,3804.178496
3078.834071,1000,3806.896269
1608.293546,501,3816.550438
3111.972259,1000,3819.259544
1265.957597,402,3820.331537
3340.735876,1000,3831.432782
3185.411786,1000,3834.159293
3318.636832,1000,3845.448429
1932.521081,652,3847.245665
3447.644261,1000,3858.498699
3174.90761,1000,3861.454576
3262.019178,1000,3872.730565
163.94151,267,3873.492704
1649.25119,564,3875.028112
2452.403755,752,3877.126962
1262.740332,412,3886.790174
1873.113655,636,3888.559432
772.687502,291,3889.366141
3112.888216,944,3900.274857
3258.559729,1000,3902.96439
3309.27464,1000,3914.140482
3099.789181,1000,3916.892054
3300.198388,1000,3928.037559
1543.172548,539,3929.549085
3400.151302,1000,3932.296252
1918.487563,584,3942.224453
3316.680831,1000,3944.952526
929.644675,321,3945.899595
3220.910003,1000,3957.292649
1432.339806,516,3958.720851
3340.44365,1000,3961.527922
1706.20478,626,3971.902466
3325.36948,1000,3974.56612
411.131204,179,3975.066391
1230.516424,395,3976.17891
2511.293953,768,3986.801481
2987.213822,1000,3989.386804
24.714809,133,3989.730057
3359.937372,1000,4000.921407
1539.372049,471,4002.222297
1241.606878,430,4003.425618
3379.507848,1000,4014.562209
431.204362,187,4015.092274
458.129832,191,4015.598125
3165.085421,1000,4026.681968
37.63545,144,4027.084924
3193.896155,1000,4029.761095
1822.802047,609,4031.418973
3101.662738,1000,4042.54336
3100.240248,1000,4045.233032
3278.350047,1000,4056.34723
1264.206969,409,4057.455333
2258.374215,688,4059.294899
2546.66941,774,4070.011805
1709.821063,572,4071.574722
981.393549,352,4072.527043
1511.776644,527,4073.912806
3371.340599,1000,4085.003089
2571.998651,824,4087.231783
2706.582521,846,4097.830271
2580.567983,752,4099.890553
3010.475673,962,4111.233861
3254.200849,1000,4113.900212
1035.909742,370,4114.985549
1010.386496,357,4116.069893
316.823565,179,4125.039922
2515.066023,784,4127.190926
496.62711,216,4127.773993
3269.991646,1000,4138.951644
3041.073164,1000,4141.625889
781.048292,322,4142.508896
3041.710095,1000,4153.681166
1740.845127,553,4155.183869
1386.454443,491,4156.456247
3133.421073,1000,4167.376041
2976.754402,1000,4170.125135
3315.687862,1000,4181.383161
3112.579794,1000,4184.07813
3099.190385,1000,4195.073747
3155.183036,1000,4197.782855
700.085241,271,4198.525304
2834.168623,1000,4209.661261
65.029496,177,4210.152032
3091.944569,1000,4212.88322
3137.809923,1000,4224.178918
3009.272624,1000,4226.882211
3166.92983,1000,4237.974627
2846.754738,920,4240.517846
685.648355,293,4241.293951
3099.843381,1000,4252.415993
3031.137821,1000,4255.154827
1005.356132,377,4256.267528
3087.567042,1000,4267.456809
2748.642971,905,4269.954816
3056.75444,1000,4281.249922
3001.403322,940,4283.771428
795.983791,343,4293.24401
3194.27115,1000,4295.985734
2972.113915,1000,4307.153729
23.770291,139,4307.534981
3035.098354,1000,4310.270401
3010.91751,1000,4321.365693
18.408815,131,4321.742059
2957.643904,882,4324.121286
3342.623255,1000,4335.311908
3185.282748,1000,4338.003163
3253.829843,1000,4349.097436
3151.644892,1000,4351.849642
2847.498359,1000,4354.569312
3259.515143,1000,4365.805756
3214.66328,1000,4368.732697
2668.879233,828,4379.433134
3110.453104,1000,4382.185757
2951.735492,1000,4393.445506
3012.706495,993,4396.153601
794.240741,304,4396.952846
1133.693197,396,4406.461884
3040.060575,1000,4409.150109
3214.383002,1000,4420.331014
61.675089,176,4420.819869
10.032441,126,4421.164236
2606.987645,845,4423.425142
80.888976,194,4423.942772
3004.132651,1000,4435.230345
150.173148,262,4435.965735
693.980556,298,4436.7352
159.611427,271,4437.477009
3112.442143,1000,4448.56835
918.871111,563,4450.083998
107.289425,217,4450.686475
165.97229,280,4451.418073
173.711811,283,4452.147117
3251.738672,1000,4463.383731
3080.846522,1000,4466.116985
1598.090458,531,4475.831818
3179.091002,1000,4478.54932
3218.42413,1000,4489.73678
3128.199504,958,4492.334043
3190.901982,1000,4503.302334
152.628462,265,4504.056223
68.519871,178,4504.541514
2124.768288,651,4506.285952
2698.034466,812,4508.459158
169.012013,284,4517.63852
3241.389139,1000,4520.444944
3086.450312,1000,4531.758278
3174.111648,1000,4534.485607
3036.858072,958,4545.689458
2837.873689,1000,4548.3755
3410.809701,1000,4551.076225
3220.60294,1000,4562.272907
2999.233628,1000,4564.977307
3224.791212,1000,4576.182243
2174.832218,852,4578.535793
600.858882,244,4579.163844
266.766534,378,4588.707983
3178.546322,921,4591.142253
1809.458527,598,4592.768976
1639.140854,664,4603.106773
3185.57196,1000,4605.786994
2302.880053,713,4616.036654
637.615215,259,4616.735967
51.441561,167,4617.196309
2811.420662,1000,4619.929796
3201.702691,1000,4631.054433
3214.535542,1000,4633.727801
3256.1515,1000,4644.767774
2258.224041,745,4646.813398
161.412224,274,4647.597794
2019.482949,657,4658.019658
1184.726996,397,4659.094798
3140.445393,1000,4661.802652
2669.841233,1000,4673.00671
2664.120118,823,4675.251034
3216.381321,1000,4686.386285
3255.144732,1000,4689.179994
945.295591,342,4690.145985
71.063396,185,4690.664356
22.994972,140,4691.040598
2533.898966,789,4701.898516
3256.477391,1000,4704.564327
498.397133,232,4705.1774
3277.205443,1000,4716.540124
3265.831796,1000,4719.261547
3209.364793,1000,4730.533452
1639.924233,534,4731.957944
2429.850548,742,4742.391824
3350.608983,1000,4745.052048
2706.232011,798,4747.269216
3068.191137,1000,4758.36413
450.346316,204,4758.888243
495.603162,226,4759.503337
3212.906844,1000,4770.572548
19.05493,133,4770.947312
78.19946,193,4771.483049
3177.316412,1000,4774.109372
2769.929632,870,4784.85149
3089.744049,881,4787.285219
3224.863712,1000,4798.728978
3223.345609,1000,4801.471237
435.643518,205,4802.030512
3241.509154,1000,4813.155094
3167.996756,1000,4815.792003
3054.009945,1000,4827.073748
3152.549469,1000,4829.943387
3181.807854,1000,4841.375383
3299.415392,1000,4844.288208
3019.596157,1000,4855.34252
1818.686565,596,4857.089751
3195.471834,1000,4859.811911
3222.005602,1000,4870.911506
3246.175631,1000,4873.768668
3294.235557,1000,4885.273186
3362.84634,1000,4888.231939
2964.864572,1000,4899.472008
3197.69508,1000,4902.152467
3212.063989,982,4913.374914
1708.089501,530,4914.75646
475.462963,210,4915.28996
3056.782344,1000,4926.295275
3355.346095,1000,4929.050796
30.622592,145,4929.45478
27.820787,137,4929.838651
17.657674,130,4930.201973
1105.085722,402,4931.320315
1484.456626,518,4941.346176
3211.4601,1000,4944.049137
2983.302718,1000,4955.173678
1885.358897,598,4956.79686
383.180204,216,4957.353597
3252.007596,1000,4968.325186
399.325928,190,4968.826112
2894.087219,856,4971.190675
2618.051657,796,4981.908782
88.998676,199,4982.462213
162.60354,268,4983.153714
3242.214474,1000,4985.694642
1973.785407,611,4995.908199
2448.965499,743,4998.012917
1738.932129,545,4999.496552
1637.917457,635,5001.351221
3354.827513,1000,5012.56508
2953.788111,884,5014.881195
2054.449969,651,5025.107407
1699.914105,526,5026.44688
1169.217453,400,5027.553346
1306.962752,442,5028.805569
84.62451,197,5029.368479
1902.237083,583,5039.443736
124.802271,244,5040.139828
2238.352198,712,5042.137113
2937.683526,1000,5053.374027
3279.847302,1000,5056.118828
64.429023,178,5056.621567
1872.120155,613,5066.9044
3247.99568,1000,5069.605188
1640.133183,610,5071.270928
3281.533294,1000,5082.419225
1767.317693,578,5083.959877
2867.013206,889,5094.876884
3306.878889,991,5097.559295
1368.689364,471,5098.82949
2015.98932,644,5109.256319
964.811393,330,5110.177641
148.752133,261,5110.887965
169.231528,279,5111.621753
1659.42825,538,5113.042534
2557.215128,793,5123.559868
2553.749771,753,5125.624204
2971.262103,891,5128.074044
2139.425618,664,5138.247076
1806.396794,579,5139.804033
2547.074277,795,5141.981065
631.60761,246,5151.170834
1106.492661,377,5152.216588
999.937825,341,5153.134784
1646.323932,539,5154.528278
160.671735,272,5155.219145
585.597699,234,5155.81268
3207.428235,1000,5167.056896
3422.309197,1000,5169.707467
3294.893803,1000,5180.801669
55.887283,167,5181.263596
3243.998326,1000,5183.964187
3015.695876,1000,5195.226353
1237.05896,401,5196.355566
359.054188,181,5196.847938
2939.537563,1000,5208.004576
463.469605,244,5208.663871
3174.304853,1000,5211.273969
53.901123,166,5211.714217
3233.891537,1000,5222.865335
3205.018839,1000,5225.588823
3127.394013,1000,5236.75117
502.971355,221,5237.314449
3023.50117,1000,5239.863021
1259.521709,449,5249.548289
1478.82951,460,5250.785669
3066.87978,1000,5253.40203
3018.282217,1000,5264.719927
3190.19128,1000,5267.670245
19.121047,130,5268.040115
533.588051,268,5277.224135
3005.031102,1000,5279.804796
3280.199173,1000,5291.043836
1432.224978,455,5292.289415
3206.573057,1000,5295.016141
3242.293736,1000,5306.258709
3230.127503,1000,5308.909403
2981.074862,1000,5320.203994
1537.988199,617,5321.839768
2880.196297,866,5324.150036
2468.114269,761,5334.548639
3290.024828,1000,5337.428007
1764.862567,538,5347.377648
1710.968506,534,5348.748929
1248.827196,428,5349.903875
1582.384735,649,5351.633862
2523.727358,749,5362.010109
1797.301661,653,5363.765654
3000.127153,1000,5374.938118
3107.880084,1000,5377.661409
145.203835,263,5378.378544
973.192789,360,5379.307995
3319.603933,1000,5390.244796
1163.406526,470,5391.505414
125.760661,244,5392.141745
1548.862501,556,5393.586628
425.996803,185,5402.613955
736.874336,343,5403.57246
3273.546511,1000,5406.190761
2586.817961,879,5416.899406
3244.295398,1000,5419.637527
3331.180548,1000,5430.620281
202.16923,325,5431.487297
1666.14024,548,5433.014883
147.367257,267,5433.698063
1584.622464,513,5435.016838
3422.711979,1000,5446.133987
3269.93353,1000,5449.078401
1645.488712,532,5459.09309
2676.748518,814,5461.22183
2223.879854,678,5462.965613
2325.923096,702,5473.374072
3194.171512,976,5475.998611
3415.037275,1000,5487.146477
2136.949605,646,5488.84038
1271.456798,450,5490.018549
932.645438,359,5490.937964
1063.985167,375,5500.283565
2772.379056,829,5502.489493
2767.08971,967,5505.02045
1210.471287,410,5514.615043
3367.124355,1000,5517.349608
2993.119321,1000,5528.725607
1229.705098,415,5529.819945
3213.794389,1000,5532.423859
164.204617,280,5533.143177
3344.197759,1000,5544.24639
3258.03922,1000,5546.855697
2268.736011,733,5557.222281
3418.612388,1000,5559.838856
3194.426834,1000,5570.866095
149.988639,267,5571.623827
159.400343,275,5572.445953
3152.250862,1000,5583.55739
1678.501024,518,5584.991195
3218.505311,1000,5587.847624
3107.354868,1000,5599.132436
3463.609544,1000,5601.739256
3321.281048,1000,5612.831633
3342.699795,1000,5615.642766
3492.890465,1000,5626.977045
2847.860568,1000,5629.732815
3292.074035,1000,5640.829236
874.890653,312,5641.647067
1009.945394,356,5642.558002
3167.669731,949,5645.019476
1176.84428,415,5654.558977
1361.028297,444,5655.833654
1295.833437,433,5656.947047
2842.110532,1000,5668.067689
164.511711,286,5668.840842
1292.007403,512,5670.15709
174.153144,296,5671.004484
3283.22302,1000,5682.199455
994.365216,351,5683.153333
3044.260966,1000,5685.797242
1140.389484,422,5686.915852
1801.403765,567,5696.905752
3003.406641,992,5699.509302
3386.391302,1000,5710.726983
433.362322,258,5711.487301
1152.652499,392,5712.652076
3187.951805,1000,5723.832897
3325.975448,1000,5726.471401
1012.307804,356,5727.451588
3300.364223,1000,5738.545548
3312.951994,1000,5741.229527
859.70291,458,5742.458561
157.752403,276,5751.558258
180.24647,301,5752.395772
1844.182312,569,5753.937339
456.36027,189,5754.436941
3370.928795,1000,5765.450526
3283.622591,1000,5768.205016
3303.019494,1000,5779.360255
984.416533,362,5780.350842
2067.722407,646,5782.117768
511.002353,283,5782.882221
3305.427445,975,5793.864293
3272.645106,1000,5796.61215
3415.506777,1000,5807.693466
3286.431678,1000,5810.385109
1349.995818,459,5811.614265
3263.663963,1000,5822.815109
1381.348645,440,5823.992376
3260.164879,1000,5835.127125
3090.801863,1000,5837.905997
1221.235892,430,5839.163516
3314.432254,1000,5850.596675
3312.580137,1000,5853.309584
3178.702788,1000,5864.4956
3311.891943,1000,5867.223819
3345.970384,1000,5878.475869
3293.309494,1000,5881.210592
3333.433622,1000,5892.596369
2971.734274,1000,5895.292683
1085.099696,396,5896.39132
3280.620553,946,5907.550755
3396.054795,1000,5910.258755
1136.556856,380,5911.265482
156.516632,275,5920.4392
1135.029665,395,5921.519309
3036.218227,873,5923.885948
885.318424,317,5924.766564
184.788231,302,5925.615442
3556.045029,1000,5936.642656
1104.270582,377,5937.628612
3378.592193,1000,5948.865326
194.837212,315,5949.713797
1412.031562,443,5950.904383
964.501595,342,5951.831925
3527.531134,1000,5963.055981
1580.107638,495,5964.46312
3363.456685,1000,5967.127917
1497.475418,487,5977.046765
3352.257816,1000,5979.744103
132.673389,251,5980.44366
611.090551,272,5981.201334
3291.681306,1000,5992.421204
3350.988265,1000,5995.184313
3288.57539,1000,6006.383218
172.834576,296,6007.175539
3330.769146,1000,6009.741007
3424.319182,1000,6020.77221
360.748082,171,6021.213702
3350.646893,1000,6032.260315
3268.021559,1000,6034.934206
3442.094045,1000,6046.248118
2387.216518,718,6048.306755
166.215218,287,6049.107786
1545.456912,490,6050.451609
3025.704917,872,6061.343653
1004.265428,324,6062.19383
1340.796883,432,6063.370273
3512.303653,1000,6074.532476
920.803368,316,6075.368327
3407.11028,1000,6078.073062
930.626431,339,6078.969885
196.06729,320,6079.84434
35.346131,155,6088.712218
1246.753238,414,6089.798906
3370.823335,1000,6092.512553
3466.493013,1000,6103.665912
207.301465,327,6104.580351
3408.874516,1000,6107.258282
3490.68428,1000,6118.481539
3367.129293,1000,6121.071413
1107.667597,389,6130.727419
1255.843361,438,6131.889048
1684.270052,571,6133.438174
3349.342262,953,6144.324017
1901.217523,633,6146.03652
3453.468868,966,6148.614976
3219.37225,923,6159.753787
933.777952,344,6160.695465
1959.471515,584,6162.22847
2063.827456,650,6172.55109
3477.085159,1000,6175.254219
176.373319,297,6176.047674
2026.335207,604,6177.703664
1645.377864,530,6187.715874
1304.35196,426,6188.879718
3450.114569,1000,6191.552915
3105.871501,961,6202.54388
3473.380014,1000,6205.130569
3421.942374,1000,6216.188466
3258.769304,1000,6218.912477
2612.807152,758,6229.414847
1862.505655,645,6231.09638
62.540528,181,6231.555156
2617.405488,1000,6242.561587
2852.300419,821,6244.828259
3424.846382,1000,6247.719426
180.062907,302,6256.884386
59.291565,179,6257.365662
60.186545,175,6257.857297
2245.1906,672,6259.787683
1756.568308,595,6261.54369
3571.817162,1000,6272.779728
2749.965352,794,6274.852834
1727.318924,584,6284.832999
3476.578488,1000,6287.622555
183.417573,302,6288.458282
1994.841703,616,6298.472254
131.951778,246,6299.126556
1835.668756,586,6300.666157
1335.345835,487,6301.945779
726.331972,318,6302.825438
1572.738803,539,6312.850242
3456.946174,1000,6315.545953
34.721709,151,6315.976561
1260.878051,455,6317.233723
166.168904,283,6326.42662
3582.874493,1000,6329.075336
1190.108689,411,6330.204015
1238.446669,424,6331.468221
1632.750584,578,6341.560261
2398.961667,705,6343.675803
1096.665466,373,6344.793647
1100.596506,362,6345.831379
3074.529655,1000,6356.956801
2065.126722,631,6358.59478
3413.562901,1000,6369.643603
3543.521589,1000,6372.249104
2268.749765,663,6374.056809
48.252885,169,6382.829979
156.959122,277,6383.550533
3525.72468,1000,6386.184975
251.082067,370,6387.157557
3568.946486,1000,6398.246083
1693.970994,528,6399.601972
1199.071828,456,6400.84452
2589.860585,788,6411.467057
2036.392271,640,6413.138206
42.680027,157,6413.539185
1266.841254,458,6414.745125
42.160733,162,6415.206877
3438.770591,1000,6426.281853
2219.441241,692,6428.16332
3549.039433,1000,6439.290971
3154.013958,1000,6442.016996
172.695793,293,6442.814552
2132.942506,640,6453.03129
3348.010446,1000,6455.692236
2372.488743,680,6466.087389
126.431961,240,6466.720616
136.310967,252,6467.377899
3189.993607,959,6469.966269
3313.514028,1000,6481.159446
3303.90754,908,6483.578557
3440.076494,1000,6494.721342
1084.181283,391,6495.718306
142.950638,259,6496.414785
3383.814223,1000,6499.086753
976.910504,328,6508.357582
3287.246803,932,6510.869384
2356.394248,682,6512.729609
1557.659238,498,6522.513353
3413.960325,1000,6525.16422
3329.035256,1000,6536.22089
1488.438755,498,6537.577597
3315.670096,1000,6540.302893
138.641031,252,6540.975264
3280.08622,1000,6552.27023
113.306467,225,6552.873217
148.125644,265,6553.591348
3273.856077,1000,6564.762244
165.668898,279,6565.498574
3322.784747,1000,6568.230329
3358.905732,1000,6579.248481
246.83329,367,6580.242527
3345.460702,1000,6582.981856
3350.194328,1000,6594.064351
212.888867,331,6594.961385
1129.535156,376,6595.98003
1241.324326,384,6597.037052
3281.276783,1000,6608.127677
3264.367932,1000,6610.865664
3184.157422,1000,6622.161403
3092.229022,1000,6624.937852
3342.719092,1000,6636.294858
3325.859097,1000,6639.006187
3220.563679,1000,6650.16302
3194.88841,1000,6652.828356
3266.059042,1000,6664.005899
1883.789513,554,6665.493476
155.454991,271,6666.231519
3200.135316,1000,6677.199895
2999.474822,1000,6679.830099
49.241939,168,6680.303456
3038.235655,1000,6691.553785
3168.258071,1000,6694.512525
47.300452,167,6695.015858
24.174843,140,6695.398335
2999.94577,1000,6706.561527
3207.332359,1000,6709.241349
3293.565849,1000,6720.392627
3065.873271,1000,6723.04495
2816.056054,1000,6734.14625
1425.544823,536,6735.566597
2973.454822,1000,6746.846137
2977.15905,1000,6749.514625
2812.241747,1000,6760.72967
3006.1222,1000,6763.518418
40.163238,154,6763.956475
3030.510188,1000,6775.157103
2474.271627,859,6777.483819
2919.981845,1000,6788.498291
190.558455,305,6789.307152
2888.341696,1000,6791.970887
3069.030492,1000,6803.2168
184.829186,299,6804.022734
3110.558344,1000,6806.632146
217.265549,331,6815.862666
3037.858717,1000,6818.597593
3104.684995,1000,6821.365397
3146.336712,1000,6832.602125
2868.236168,1000,6835.263875
3078.68703,1000,6846.464441
2847.171069,1000,6849.089528
3178.672488,1000,6860.128074
3249.790198,1000,6862.739214
3246.819271,1000,6873.802215
3237.062605,1000,6876.418174
183.980536,303,6885.670017
178.836937,295,6886.493914
1280.724304,425,6887.695759
131.923414,245,6888.383297
3157.810012,1000,6899.4082
3306.719841,1000,6902.055203
3433.67581,1000,6904.772728
3096.336545,1000,6915.964812
3186.287467,1000,6918.588147
319.530017,436,6928.226076
1630.357348,491,6929.502255
280.943858,396,6930.593884
1318.750942,455,6931.820619
3242.254082,1000,6942.936805
240.105924,354,6943.892281
3210.904304,1000,6946.712064
218.479225,336,6956.117907
784.966337,303,6956.913872
1505.641883,487,6958.16152
2074.172903,659,6959.870697
332.897748,448,6969.487982
326.954411,443,6970.696806
1493.506041,499,6972.059155
3201.105574,1000,6983.385442
1696.277804,571,6984.932545
1746.618774,565,6986.466813
3045.38457,1000,6997.56569
1874.724549,674,6999.411966
1101.590108,362,7000.371208
3114.770936,1000,7011.424978
3052.581323,1000,7014.237529
3234.350762,1000,7025.159639
2377.033773,698,7027.003865
3358.36417,1000,7029.710747
70.268691,182,7030.195256
95.314424,209,7039.138562
3087.96045,1000,7041.818598
3232.563421,1000,7052.981739
3171.456328,1000,7055.699681
3155.846455,1000,7058.325143
2445.037684,744,7068.663455
1989.617154,650,7070.551628
1568.898488,474,7071.833645
3325.545216,1000,7083.126022
3240.568474,1000,7085.765915
193.349962,297,7094.967414
194.218078,296,7095.74776
3414.099793,1000,7098.440952
48.975417,157,7098.862809
3283.27251,1000,7110.162729
3373.694096,1000,7112.809718
3374.897549,980,7123.782564
2612.361381,887,7126.115347
3583.113444,1000,7137.137188
447.027714,551,7138.584413
197.90224,304,7139.371768
3438.745212,1000,7150.516542
1103.293832,377,7151.508939
2664.013692,766,7153.526836
115.836504,227,7154.157154
952.48526,319,7155.0066
711.053403,270,7155.725782
441.147633,175,7164.570616
909.406193,310,7165.500633
1025.264576,364,7166.548249
668.126254,254,7167.216068
3536.643571,1000,7178.323018
728.305462,287,7179.145373
764.432072,303,7180.035635
3473.982375,1000,7182.770718
3516.594735,1000,7193.917902
488.464522,600,7195.567682
201.849545,313,7196.4026
3400.578537,1000,7207.486311
2874.725185,823,7209.704685
1839.860285,646,7211.504674
1813.398009,568,7221.56812
446.783499,194,7222.120475
3039.893037,868,7224.504782
2021.681219,608,7234.685425
1722.627519,562,7236.232722
1634.824392,545,7237.656755
546.536508,667,7239.595737
1284.145518,397,7249.145901
759.730197,287,7249.914626
3340.848358,1000,7252.581352
490.201908,610,7262.641394
3488.220599,1000,7265.244627
3049.341332,861,7267.574616
993.586078,325,7276.96857
1753.129002,549,7278.571922
3490.869334,1000,7281.371263
3583.26777,992,7292.665313
3458.006621,1000,7295.5583
709.001426,287,7296.337971
283.050042,394,7305.863077
3372.240145,1000,7308.502428
3470.589744,1000,7319.728481
2353.780902,707,7321.690538
278.033216,386,7322.77606
3457.144138,1000,7334.050911
1869.599708,607,7335.719221
3140.372919,1000,7338.39791
1031.278935,349,7347.89427
1105.370635,357,7348.94786
3644.600032,1000,7351.605555
1087.815585,381,7352.644549
98.003891,207,7361.71574
3169.449387,1000,7364.424145
191.634399,297,7365.256873
3573.697461,1000,7376.484131
64.293936,170,7376.960792
797.890562,320,7377.845556
921.117506,300,7378.65683
1527.374736,477,7379.948271
221.582914,332,7380.829103
1210.85337,394,7390.388151
109.583031,219,7390.986447
870.206952,294,7391.797059
762.564124,268,7392.530881
1464.009606,444,7393.777548
152.207697,263,7394.496084
80.923089,186,7394.97362
3572.809303,1000,7406.194481
610.721721,225,7406.797684
3521.293809,1000,7418.050902
449.423782,179,7418.528977
3487.830739,1000,7421.225405
3515.618677,1000,7432.582527
366.672028,472,7433.871397
1018.710292,427,7435.047842
1519.56965,460,7436.348845
1486.633092,488,7437.792257
3550.533515,964,7449.196185
3487.130433,1000,7451.995973
1564.512913,512,7461.926822
1159.302656,366,7462.937543
939.190624,333,7463.862046
3255.940381,977,7475.036097
980.059584,340,7476.015366
413.005203,518,7477.454117
3325.338097,1000,7480.304517
1472.115793,449,7490.07895
950.219019,320,7490.954314
3372.138078,1000,7493.649707
3411.411603,1000,7505.005613
3404.537055,1000,7507.957902
3366.701813,1000,7519.474389
539.824066,279,7520.228806
1711.64568,514,7521.628451
3375.489687,1000,7532.614226
3466.750072,1000,7535.275683
1484.732379,457,7536.427537
3422.587539,1000,7547.413534
3490.614671,1000,7550.183064
3395.127259,1000,7561.423794
2160.125051,648,7563.228723
3362.595721,1000,7574.30366
1113.08733,394,7575.42718
1486.072767,462,7576.745808
1957.223706,602,7578.570634
2449.629936,751,7589.116839
3335.996555,1000,7592.017564
99.740173,203,7592.629056
728.245015,407,7593.807981
3494.105957,1000,7604.968182
1446.077169,446,7606.208796
1181.682552,453,7607.433
433.207207,539,7617.304003
2030.353676,589,7618.958937
931.455802,326,7619.957482
3495.959948,1000,7631.407151
1805.782636,550,7632.949602
2418.460565,704,7634.904228
216.300636,313,7635.785041
3397.837092,1000,7646.777896
3203.863528,1000,7649.487442
3260.938923,1000,7660.743287
467.697331,185,7661.232647
3409.069273,1000,7663.876057
717.660173,279,7673.157682
3374.089448,1000,7676.035962
707.540025,279,7676.77723
425.855344,527,7678.174137
3413.607622,1000,7689.334173
3171.446209,1000,7692.054809
89.310659,189,7700.926894
428.022783,531,7702.412427
2693.967772,842,7704.689728
3405.125887,1000,7715.920939
2365.06166,750,7717.954628
3389.770322,1000,7728.983523
2646.402521,757,7730.975549
81.671591,180,7731.471226
884.632493,312,7732.314636
3265.54435,1000,7743.426656
110.785035,204,7743.962743
1944.017082,615,7745.668096
2979.099347,893,7748.046326
817.31854,384,7757.662772
839.180779,293,7758.497065
1384.411625,438,7759.699443
3355.721389,1000,7762.359537
1710.690937,554,7772.401611
1838.607878,574,7774.053634
3219.14843,1000,7785.166461
71.924296,168,7785.646552
445.967862,188,7786.177818
3106.994526,1000,7788.873323
3273.410154,1000,7800.093063
160.698864,263,7800.854092
637.602649,255,7801.516215
3278.498079,1000,7804.180601
3303.482338,1000,7815.48532
3308.381642,1000,7818.153332
3440.97468,1000,7829.229609
3333.328685,1000,7831.953008
570.370054,237,7832.602486
3321.60961,1000,7843.930794
98.520327,200,7844.476139
74.947827,182,7844.986555
122.964748,226,7845.571666
83.896139,184,7846.051665
88.342433,186,7846.538414
3167.109372,1000,7857.653638
3186.491338,1000,7860.417531
876.164341,381,7869.896776
3344.842583,991,7872.618105
88.45365,188,7873.11592
3403.629645,995,7884.296311
3400.101801,1000,7887.08407
1059.870432,345,7888.033658
3549.681861,1000,7899.318375
108.345747,205,7899.949446
2638.939125,830,7902.189105
3536.606591,1000,7913.285759
1698.131609,518,7914.715502
460.223023,188,7915.207282
2331.663117,649,7916.985065
3010.859226,888,7927.854338
368.874539,475,7929.125107
2493.134338,722,7931.086945
511.545871,220,7940.103373
1052.469776,349,7941.006315
857.198217,294,7941.77401
666.878297,261,7942.464493
146.04625,244,7943.111625
686.630324,273,7943.831746
385.823962,176,7944.308712
61.196973,170,7944.778276
410.124416,175,7953.758423
3410.451274,1000,7956.493394
3535.337906,1000,7967.770551
3239.538692,932,7970.212709
279.671789,388,7971.288697
1277.806552,480,7972.587623
794.650427,291,7981.929329
3306.309747,1000,7984.775997
1216.738592,381,7985.912089
2078.08276,593,7995.973889
386.736134,494,7997.310221
2661.007772,780,7999.402028
3408.768558,1000,8010.647173
1879.108874,572,8012.275706
1003.225138,348,8013.219471
451.490551,196,8013.766479
1748.402031,503,8015.125985
1121.020542,380,8024.731979
68.919454,174,8025.275689
1455.31772,458,8026.628359
1794.453886,537,8028.170718
835.2128,319,8029.093882
84.759167,189,8029.618587
344.860455,446,8039.384462
587.993272,268,8040.121762
1950.793267,556,8041.647939
1595.210582,469,8042.942625
2074.044803,603,8052.970126
380.515984,481,8054.31151
1330.165973,417,8055.394598
1000.839602,349,8056.292144
1747.896966,543,8057.75121
772.148489,297,8067.13165
3521.62671,1000,8069.826437
2621.041975,752,8071.814255
2155.070744,621,8082.122159
1190.787644,387,8083.266003
2110.094036,610,8084.857149
2157.353743,620,8095.076601
3405.942888,1000,8097.885565
3294.708739,979,8100.46437
2730.668277,910,8111.465003
3408.015625,1000,8114.159765
684.806984,265,8123.38808
3368.466198,1000,8126.071337
3161.662492,1000,8137.163757
1054.520452,383,8138.321444
1040.979788,352,8139.28225
3490.369115,1000,8141.744794
2341.823479,817,8152.226799
328.243704,428,8153.443729
350.756531,462,8154.694687
150.262073,249,8155.294525
817.654394,331,8156.209558
3461.267914,996,8167.469498
3445.223041,1000,8170.180634
2101.367349,636,8180.302428
3445.003678,1000,8182.975795
3334.648569,1000,8194.050581
3374.507045,1000,8196.772158
3379.042204,1000,8207.987002
3454.017156,1000,8210.690952
293.961894,393,8211.784103
3230.18914,1000,8223.0371
3329.128236,1000,8225.649899
764.753904,343,8234.974195
1364.242827,439,8236.193244
3319.097339,1000,8238.945045
3269.308428,1000,8250.065938
3114.987499,1000,8252.74377
332.047223,441,8253.931915
3235.639672,1000,8265.14188
293.946753,397,8266.191074
3283.102208,1000,8277.342264
2895.504858,940,8279.860049
2211.462326,743,8281.803621
218.501549,324,8291.229869
3349.460267,1000,8294.192566
3326.827733,1000,8305.567421
1019.340667,359,8306.632097
3427.348003,1000,8309.442106
46.044084,151,8309.831432
1878.102135,577,8319.733402
53.178916,154,8320.13608
1017.78704,396,8321.271824
188.648996,290,8322.032101
3408.608487,1000,8324.752248
3452.514916,1000,8335.940272
311.674824,418,8337.091139
592.537959,259,8337.77972
1206.801405,377,8338.776246
3252.988079,1000,8350.03481
3358.857872,1000,8352.842542
1626.485515,510,8362.696074
3434.839153,1000,8365.326243
78.163651,185,8365.847904
1181.331177,389,8366.861325
1249.589952,436,8376.401976
3468.514,1000,8379.346894
3335.660647,1000,8390.555733
3421.066287,1000,8393.302221
3487.413552,1000,8404.369159
1777.130998,532,8405.78216
3381.006851,1000,8408.49225
3351.083514,1000,8419.700207
3495.902189,1000,8422.404079
1024.686341,337,8431.74981
1085.155078,366,8432.789383
3447.312841,1000,8435.523269
54.893479,164,8435.96321
3421.91181,954,8446.98841
3542.565586,1000,8449.667575
51.949238,168,8450.120237
3439.132093,1000,8461.210881
2240.362467,665,8463.010158
170.586857,278,8463.791394
3464.477759,1000,8474.918643
98.91959,209,8475.460605
3422.805858,1000,8478.164298
3394.219884,1000,8489.425807
153.153232,259,8490.126853
184.164676,291,8490.934704
3385.576526,1000,8502.304508
387.761697,496,8503.71583
3022.903665,1000,8506.472798
3465.26406,1000,8517.690551
3365.228053,1000,8520.450814
212.309997,318,8521.287565
3464.54514,1000,8532.600088
3459.715057,1000,8535.325552
3443.797553,1000,8546.472087
3394.063603,1000,8549.112939
192.332745,291,8558.418282
3511.800168,1000,8561.18131
3511.460301,1000,8572.40243
1194.803867,398,8573.47375
3459.185098,1000,8576.295787
3404.518459,1000,8587.625453
3208.8667,1000,8590.314831
3436.617317,1000,8601.664942
3563.758876,1000,8604.374529
766.608854,305,8605.18187
3541.474407,1000,8616.391335
3500.509519,1000,8619.204631
3468.870373,1000,8630.417107
1028.920773,330,8631.310698
3583.734221,1000,8634.007481
712.256096,290,8643.148895
3518.765597,1000,8645.914374
1533.667017,476,8647.16135
805.28747,288,8647.893415
974.719439,377,8657.462034
997.626515,321,8658.406668
718.049507,257,8659.119315
682.303182,253,8659.788757
1861.550909,563,8661.251892
431.323505,532,8671.216888
963.673684,330,8672.135047
708.053847,258,8672.839976
3572.360553,1000,8675.569263
1009.039343,346,8685.001964
3595.876098,1000,8687.665797
3568.32474,1000,8690.377475
1299.079794,449,8700.02482
1163.243746,356,8701.022021
234.405945,328,8701.960283
191.615055,287,8702.82759
1302.542624,410,8704.069671
660.819319,251,8713.195143
860.404262,302,8714.004398
900.908764,344,8714.96858
719.913036,273,8715.721226
937.927699,307,8716.562277
947.657306,304,8717.338098
1142.573758,356,8718.262764
1956.625401,649,8728.491144
3395.192903,1000,8731.255381
1022.875981,332,8732.17879
1212.605472,380,8741.591597
654.443844,243,8742.260686
3424.33872,1000,8744.954791
3447.540035,1000,8756.163314
3422.845337,1000,8758.843159
1164.26471,494,8760.188351
3339.573014,1000,8771.327347
1015.738582,357,8772.260185
110.629929,206,8772.807419
3445.642412,1000,8784.192955
72.593849,167,8784.693205
2009.706698,627,8786.477319
3228.798406,1000,8797.935554
3413.232462,1000,8800.779662
3379.980136,1000,8811.955209
3404.501674,1000,8814.685634
3354.391318,1000,8817.418285
734.978672,261,8826.628588
543.54817,635,8828.374124
445.392799,537,8829.823306
3438.001354,1000,8841.128123
924.603351,307,8841.932905
3440.606787,1000,8844.791884
1366.090294,415,8854.437063
3249.752677,1000,8857.430634
416.015142,174,8857.879512
3186.406265,1000,8869.301025
489.728558,590,8871.055118
575.175573,215,8871.642819
3492.320099,1000,8874.394732
3470.551915,1000,8885.481635
3405.77285,1000,8888.262546
586.556828,691,8898.667958
948.810795,317,8899.516704
694.575666,803,8901.705903
3227.091959,1000,8912.765044
3506.027336,1000,8915.493937
3460.37026,1000,8926.669973
701.12784,250,8927.346324
3465.636889,1000,8929.965618
717.613026,277,8939.178381
3418.785412,1000,8942.063727
3528.629116,1000,8944.731612
3448.154645,1000,8955.946594
3394.311214,1000,8958.714041
971.5673,323,8968.103329
3622.160597,1000,8970.880386
196.65307,314,8971.745275
761.70583,287,8972.543497
1939.55454,561,8982.470607
980.890696,1000,8985.151672
938.182497,322,8985.980678
1604.676302,497,8995.928746
3552.1632,1000,8998.80707
969.902921,1000,9010.130371
976.955224,1000,9012.927475
3409.919347,1000,9024.274137
3437.338851,1000,9027.018862
973.167842,1000,9038.11752
1562.648438,487,9039.397009
3175.238498,909,9041.88846
976.16503,1000,9053.19766
975.860638,1000,9056.120011
1060.674877,360,9057.083876
3512.209047,1000,9068.107046
1431.125079,443,9069.265554
422.472495,193,9069.770497
