#{"t_start": 1532989208.0912724, "env_id": "Walker2d-v2"}
r,l,t
-4.119473,8,0.006966
-5.210567,12,0.013841
-1.210853,9,0.018825
-1.997655,43,0.044195
4.480075,18,0.054516
1.220753,21,0.066108
-5.64279,11,0.072507
2.286082,14,0.080355
-5.115351,17,0.089887
-2.877254,8,0.094452
-4.374244,8,0.099046
-1.787522,10,0.104707
-1.032817,15,0.113152
1.767452,19,0.123984
6.2031,31,0.14089
0.159022,13,0.148083
-1.138247,12,0.154794
-0.557812,35,0.173712
0.159756,24,0.186623
0.959507,13,0.193824
4.158136,14,0.201592
-4.770667,9,0.206688
-2.459162,15,0.21517
1.502313,13,0.222381
0.716266,25,0.236364
-6.498903,7,0.240246
-0.387661,20,0.251343
-3.375001,24,0.264344
-3.691226,12,0.271167
0.325661,24,0.284377
1.010486,30,0.3007
-2.009171,10,0.30627
-1.215862,11,0.312422
-1.913649,11,0.318418
-2.54585,9,0.323452
1.159441,29,0.339457
-4.441677,12,0.346397
2.603185,22,0.358765
2.260582,18,0.368529
6.099771,21,0.38019
-3.410367,9,0.385153
6.829329,23,0.398349
-3.315602,12,0.405151
-2.789632,12,0.411851
-0.085044,13,0.419142
5.005929,18,0.429031
-0.430428,10,0.435006
-10.59218,21,0.446708
4.813718,20,0.457845
4.069273,15,0.466086
-4.578397,9,0.471105
-9.148473,17,0.480299
-3.06139,11,0.486319
-3.331457,16,0.495318
4.797253,28,0.510757
7.346486,20,0.521735
-6.053877,12,0.528293
-6.506569,13,0.535626
-0.870507,14,0.543513
4.169424,19,0.554002
6.724688,24,0.567105
-1.730783,10,0.572769
-6.511395,9,0.577918
-3.065365,42,0.600796
-3.349898,14,0.60866
-2.625251,15,0.616974
-4.538061,12,0.623653
1.545205,13,0.630927
-3.54595,12,0.637726
-0.252131,9,0.642945
0.448935,12,0.649754
-5.129744,8,0.654292
1.901681,14,0.662072
4.319153,20,0.673194
-1.283682,23,0.685897
3.645384,24,0.699223
-5.0947,9,0.704247
-3.469376,13,0.711473
2.162737,15,0.719697
2.209141,19,0.730288
-3.253439,12,0.736875
5.086858,24,0.750469
0.188147,14,0.758242
7.392052,21,0.769912
1.75601,10,0.775412
-0.770737,13,0.782733
8.289281,26,0.797129
3.793373,21,0.808699
0.110932,21,0.820236
-5.742656,14,0.828035
-0.145355,12,0.834699
-4.067365,7,0.838714
-0.172932,10,0.844614
1.485539,21,0.856318
-9.889674,16,0.865182
-3.363492,10,0.870837
0.479332,11,0.876969
13.471128,28,0.892195
8.025754,30,0.908561
-2.959576,9,0.913625
-3.505644,11,0.919618
-4.061981,26,0.933744
-4.089349,16,0.94259
-0.966969,15,0.951242
-5.134351,11,0.957377
-3.856556,9,0.962565
-1.410789,8,0.967024
-0.111035,9,0.971964
1.790127,22,0.984017
-5.496587,14,0.991871
-4.477029,14,0.999807
-3.698244,13,1.007113
-3.32307,15,1.015333
-0.165348,15,1.023753
-1.496045,10,1.029388
-7.094511,20,1.040279
-3.425258,14,1.048497
5.130332,18,1.05842
3.002605,16,1.067194
14.017076,25,1.081001
0.53503,13,1.088151
-1.204748,9,1.093179
2.671772,32,1.110559
2.472112,17,1.119923
-4.111514,9,1.124955
-2.146901,12,1.131689
7.216843,25,1.649477
24.19776,56,1.680506
8.982666,23,1.693283
-4.460716,16,1.702145
-2.996396,9,1.70735
-5.507274,14,1.715531
-0.183358,12,1.722522
2.422777,16,1.731525
10.014324,29,1.7477
4.018072,21,1.75926
-0.280979,16,1.768425
3.258869,15,1.776836
1.877276,13,1.784137
-2.593462,33,1.802622
0.623042,10,1.808249
4.454818,15,1.817088
-1.11145,20,1.828329
2.301658,15,1.836792
2.088546,13,1.844049
9.918945,42,1.867327
-2.615949,10,1.873089
0.183409,11,1.87921
2.406449,13,1.886639
3.727174,22,1.899009
8.748225,22,1.911259
-2.856521,9,1.916479
8.014764,21,1.928741
-0.887564,9,1.933837
0.135685,15,1.942194
-2.343671,9,1.947382
-1.473757,27,1.962675
-6.614763,15,1.971057
-1.195577,13,1.978437
-2.111598,9,1.983477
-3.740756,19,1.993971
-3.621773,10,1.999582
1.181889,14,2.00749
2.672071,12,2.014284
8.262612,25,2.028783
4.724879,19,2.039418
12.333594,23,2.052251
2.011801,19,2.062973
1.864617,29,2.079243
3.347953,20,2.090556
-5.212221,9,2.095741
-1.628634,11,2.102019
-0.897474,12,2.108624
-4.234846,20,2.119723
1.902287,18,2.130357
4.403357,25,2.14424
8.780576,23,2.157285
-2.358672,10,2.163121
-3.538617,7,2.167217
-0.457554,16,2.176216
6.207723,21,2.188049
0.389814,11,2.194235
-1.727615,12,2.200815
0.580538,16,2.20975
-1.712599,13,2.217172
5.250038,14,2.225004
25.814433,41,2.248466
10.820988,31,2.265779
6.513125,28,2.281405
5.34378,17,2.290931
1.844794,11,2.297217
-1.708285,10,2.302821
-2.496243,7,2.306785
3.000836,13,2.314055
3.0524,25,2.328158
0.006579,13,2.335415
-0.125677,12,2.342548
4.361528,16,2.351574
11.718369,36,2.371409
1.244665,15,2.379828
-0.982068,9,2.384845
-4.155433,12,2.391806
-9.711086,16,2.40074
4.299212,15,2.409036
15.969339,36,2.428827
-3.620378,8,2.433517
13.038015,28,2.44948
3.166412,31,2.46664
2.391516,20,2.477948
1.938023,17,2.487617
11.031362,30,2.504516
-2.293781,11,2.510656
0.009625,10,2.516389
-4.942086,22,2.528571
2.98428,17,2.538216
-3.02938,14,2.546135
-2.583519,13,2.553948
2.165191,19,2.564603
3.982553,13,2.571913
-3.026173,6,2.575485
-3.406019,12,2.582211
5.732221,20,2.593402
-3.316483,8,2.597967
0.041222,12,2.604783
-1.109317,18,2.614981
0.72418,11,2.621154
0.092961,9,2.626194
0.244629,10,2.631848
-0.67662,9,2.637029
-10.074519,10,2.642683
1.072819,15,2.651735
1.031256,12,2.658501
0.80834,14,2.666559
-3.51566,10,2.672252
-2.419717,7,2.676296
-3.287442,8,2.680919
-1.143209,15,2.689531
1.810883,13,2.696928
5.512669,29,2.713088
0.574698,11,2.719278
4.215676,28,2.734632
-0.021772,11,2.740648
4.204031,14,2.74845
1.711734,18,2.7591
-5.73851,9,2.764225
-0.459429,10,2.769951
-1.72452,15,2.778409
1.825856,13,2.785689
5.374446,21,2.797873
8.286198,29,3.321744
-0.058665,34,3.341104
15.000973,50,3.369234
-3.900276,8,3.373828
2.400134,13,3.38149
12.325687,55,3.412367
21.851432,34,3.431564
2.6324,15,3.43997
0.712189,11,3.446504
5.826567,43,3.470277
9.488395,31,3.487636
3.47211,18,3.497877
5.92323,19,3.508628
2.524352,16,3.517864
-2.422729,8,3.522391
3.688814,13,3.529923
0.115894,11,3.53613
3.028584,15,3.544723
-8.991196,13,3.552056
2.269432,13,3.559504
3.174802,23,3.572382
6.951702,27,3.587781
7.947744,22,3.600201
-0.722307,13,3.607453
-4.255079,17,3.617109
11.445544,26,3.631886
-3.73217,12,3.638702
8.057877,28,3.654639
4.103075,31,3.672209
-2.974633,23,3.685166
15.941655,41,3.707981
11.111879,27,3.723273
0.856562,10,3.729182
15.072569,33,3.747732
-1.440397,9,3.752775
9.651269,30,3.769558
7.91483,29,3.785901
6.930137,25,3.800089
6.75008,22,3.812518
-2.21082,10,3.818371
5.782255,33,3.837115
-1.390276,14,3.845335
7.30963,17,3.855051
4.331955,33,3.874023
-0.77543,10,3.87987
2.178031,18,3.889973
4.373021,19,3.900896
2.182149,14,3.908716
6.597134,17,3.918554
4.329675,38,3.939977
-0.951629,13,3.947915
7.128057,19,3.958595
4.549617,39,3.980778
10.079563,22,3.99316
0.287085,14,4.001152
0.687046,17,4.010826
3.77859,24,4.024235
11.712565,29,4.040649
9.39224,44,4.065313
-1.329047,10,4.071015
-3.818627,6,4.074599
1.24517,13,4.082151
-0.445575,11,4.088197
-0.527439,13,4.095758
-0.973765,27,4.110733
13.534797,23,4.123414
1.58736,13,4.131112
-0.889576,10,4.136796
-2.890373,7,4.140815
0.421892,12,4.14796
-1.873984,14,4.155902
-3.276712,7,4.160163
-0.016233,15,4.168895
7.219134,21,4.181464
-0.755535,13,4.188783
13.480556,45,4.214184
3.102369,15,4.222476
-0.284151,10,4.228365
1.316145,12,4.235059
6.634404,19,4.245931
-3.184427,14,4.253666
-2.326024,8,4.258404
0.55489,12,4.265293
-3.914616,16,4.274385
-4.559932,10,4.280357
5.616991,15,4.288732
5.539775,22,4.301298
2.975084,26,4.316168
-1.76632,12,4.322963
-3.891956,8,4.32775
-0.40991,21,4.339585
2.150075,12,4.346214
4.508108,25,4.360232
9.40676,26,4.374785
1.893456,14,4.38253
-0.687434,15,4.391097
-4.663621,28,4.406394
5.289381,21,4.418156
-1.792985,8,4.422822
7.819669,25,4.437401
8.968673,24,4.451804
4.843231,16,4.461033
6.170108,26,4.980571
29.958062,46,5.006535
10.861363,25,5.020794
10.468377,27,5.03611
3.080025,12,5.042776
7.474453,37,5.06335
8.55311,55,5.093637
15.073975,38,5.115398
12.738408,33,5.133736
5.081154,23,5.14659
20.824881,43,5.170522
37.916892,54,5.200027
2.064689,11,5.206091
12.199358,38,5.227519
-2.414113,8,5.232121
32.980414,61,5.265979
1.649221,13,5.273248
3.468694,16,5.282259
9.258266,24,5.295924
5.790148,24,5.310093
10.240128,23,5.323597
-0.834613,10,5.329167
-0.023534,9,5.334316
4.959989,16,5.343278
20.34232,42,5.36701
5.87451,14,5.374851
51.780835,78,5.418302
15.741424,54,5.448809
7.679478,25,5.46283
7.852781,26,5.477139
7.848381,21,5.488972
9.457984,23,5.501767
28.651882,65,5.538253
-1.983193,10,5.543768
2.89067,13,5.551279
10.425854,30,5.568002
3.819698,14,5.575924
6.306538,21,5.587543
8.010962,41,5.610375
4.156213,20,5.621566
2.231494,13,5.629036
11.718017,34,5.648413
-2.532536,8,5.653061
1.060729,29,5.669364
7.716962,28,5.685026
0.724228,24,5.698519
1.170429,16,5.70744
16.653856,28,5.72302
2.496831,13,5.730348
-1.212219,9,5.735795
21.115233,44,5.760459
0.40726,10,5.765997
12.806633,35,5.785453
41.970638,54,5.815334
-2.165333,9,5.820417
11.634643,25,5.834238
-0.574654,11,5.8404
5.678739,17,5.850144
-3.566057,17,5.859458
-0.362006,10,5.865081
0.286123,11,5.871107
6.218245,32,5.888766
13.392869,30,5.90533
7.412078,28,5.920993
2.958003,13,5.928281
1.811327,11,5.934357
5.362631,20,5.94582
1.415276,13,5.953205
9.329707,40,5.975257
4.787737,38,5.999576
8.34754,25,6.015509
0.302033,11,6.022592
16.328972,37,6.045995
0.607088,13,6.054308
19.302431,36,6.075
10.666147,22,6.087335
3.201947,14,6.095274
11.294259,28,6.111064
4.25039,16,6.119987
9.261366,18,6.129946
42.131973,67,6.648492
39.701121,55,6.67943
69.852022,75,6.720927
1.210909,13,6.728396
18.221603,53,6.757973
10.20508,30,6.774715
-2.028004,7,6.778815
184.306393,129,6.850688
25.041472,63,6.885592
5.181742,22,6.898075
25.166064,35,6.917579
6.609609,61,6.9515
2.476208,14,6.95949
1.407019,10,6.96514
-0.432919,14,6.973221
-2.202357,12,6.980117
-0.757676,11,6.986387
18.325242,46,7.012129
20.344506,70,7.051032
11.514426,34,7.071342
26.022376,43,7.095732
28.860839,34,7.11505
1.972875,12,7.121831
39.689253,56,7.156895
-0.367081,11,7.165587
-0.368071,12,7.173087
11.642979,45,7.20062
91.744546,109,7.270557
2.483061,26,7.2865
0.339514,11,7.292812
19.995932,39,7.314515
26.449878,61,7.349305
4.964833,29,7.365714
7.94634,21,7.377695
29.643588,46,7.404137
36.575418,55,7.434535
3.385943,15,7.443066
32.20729,51,7.471333
10.205764,24,7.484983
-2.141324,8,7.489733
7.889128,20,7.500951
10.28741,31,7.518226
29.398321,41,7.540773
3.272897,14,7.548645
1.937188,11,7.554811
0.856896,20,7.565898
17.79822,34,7.587489
27.105994,66,7.629815
3.296532,19,7.641886
5.662826,21,7.655518
47.657989,55,7.690476
8.679178,23,7.705235
25.142183,48,7.73576
10.362417,27,7.753634
7.110165,23,7.768594
6.119513,25,7.784683
3.596928,18,7.796372
11.484297,28,7.814378
7.501356,23,8.329991
8.669531,18,8.340097
-2.493264,13,8.3475
18.971767,45,8.372247
44.802952,68,8.409625
36.555367,71,8.44858
28.013851,53,8.477524
27.934878,45,8.502401
2.837792,12,8.509116
14.258704,28,8.524812
13.055825,52,8.55333
22.502979,43,8.577258
12.304192,27,8.592323
22.825529,83,8.638113
18.346209,46,8.663526
37.126525,51,8.691578
34.074611,45,8.716414
46.749367,70,8.754758
-6.378337,11,8.761086
32.66742,54,8.790679
-5.740058,12,8.797491
8.070352,25,8.81125
10.528879,34,8.829862
12.514072,30,8.84648
8.782928,32,8.864367
33.386755,57,8.895823
9.481076,26,8.910089
38.139831,58,8.94192
36.372567,63,8.976659
20.87403,36,8.996636
25.36526,53,9.025776
36.19582,63,9.060395
9.160167,47,9.08611
29.708216,46,9.111583
1.505469,11,9.117697
6.538139,21,9.129367
0.531171,13,9.136762
56.471316,89,9.185321
3.610259,22,9.197475
7.240483,29,9.213673
8.662264,23,9.22665
15.086068,43,9.250338
28.628687,43,9.274213
30.0351,47,9.300298
7.214764,26,9.314958
9.510638,28,9.330464
6.287421,23,9.343589
-1.051575,12,9.350206
0.956111,21,9.361666
2.559511,14,9.369523
8.541141,39,9.391553
18.647474,49,9.419618
9.575373,26,9.43426
10.962116,25,9.448425
1.531781,16,9.948471
14.2555,33,9.967099
88.466529,113,10.030295
23.801833,40,10.052392
45.053065,66,10.088989
6.289175,14,10.096869
37.351172,58,10.129007
24.816417,64,10.164451
62.904054,86,10.21196
18.803345,60,10.24521
4.299897,14,10.252981
10.757652,27,10.268129
38.680093,56,10.299275
34.873021,58,10.331203
14.20165,26,10.345713
22.680763,35,10.365134
22.406248,38,10.386351
13.359324,36,10.406545
20.803238,40,10.428802
41.914064,61,10.462304
61.873215,84,10.508958
16.876438,37,10.529773
24.879143,50,10.557369
19.287261,36,10.577514
23.407154,41,10.600201
9.572662,41,10.622863
58.30343,74,10.664031
33.921067,45,10.689109
3.47586,18,10.699217
205.16225,129,10.770549
15.055455,28,10.786316
20.261581,33,10.804761
14.57783,30,10.821622
10.132129,35,10.841047
16.301332,27,10.856213
61.74668,89,10.905618
8.777943,22,10.918072
13.509756,33,10.936716
60.383774,72,10.977036
74.246407,83,11.022774
71.517051,92,11.074084
15.040114,45,11.563964
17.349468,29,11.580792
15.355335,40,11.60306
15.289382,27,11.618325
141.300359,170,11.713443
46.910132,71,11.753102
46.526203,62,11.787764
55.033972,75,11.830065
53.332645,63,11.865334
48.697783,75,11.907351
120.520598,85,11.954896
14.777314,30,11.971673
20.164926,34,11.990959
217.404902,133,12.065509
115.617701,108,12.125723
44.788112,62,12.160532
31.217994,44,12.185138
26.695154,51,12.21436
239.921186,183,12.31999
49.13031,64,12.356182
211.853159,158,12.444821
183.669749,156,12.532075
10.698224,31,12.549645
30.177358,55,12.58092
1.613105,13,12.588372
-0.190015,14,12.596349
27.548736,50,12.624351
53.320423,73,12.665044
11.271058,26,12.679986
14.615557,27,12.695265
17.389712,40,13.183372
109.28235,143,13.263089
12.345734,29,13.279341
181.190086,108,13.339581
116.526211,148,13.421874
7.874274,28,13.437715
100.166058,115,13.50215
206.850717,131,13.575552
10.951859,19,13.586299
30.504777,67,13.623585
31.485208,51,13.652081
6.212495,19,13.662853
8.761048,26,13.677563
88.584622,127,13.748238
58.508115,63,13.783737
13.404867,36,13.804065
2.20201,16,13.813103
10.666512,22,13.825673
56.830063,71,13.865289
49.254224,64,13.900926
92.349557,126,13.971195
24.635441,40,13.99372
29.680235,58,14.026587
31.094954,40,14.049332
1.310782,18,14.059525
5.145754,16,14.068544
156.229437,110,14.130195
8.883811,22,14.142721
3.600751,14,14.151879
8.380638,27,14.169276
10.205943,33,14.190107
35.875713,75,14.237854
265.86406,185,14.829353
5.687495,15,14.837653
231.393419,174,14.934057
17.116043,36,14.953985
27.428867,49,14.981066
246.784567,186,15.083781
68.16433,108,15.143763
49.485072,84,15.190311
53.375356,67,15.227417
180.164636,113,15.290332
70.626405,73,15.331422
21.40254,41,15.354735
97.014621,135,15.430467
24.324024,42,15.453774
223.427963,143,15.532706
4.390856,15,15.541161
146.649997,84,15.591287
90.583633,88,15.647099
90.270855,93,15.702714
52.155405,69,15.740916
164.416391,185,15.844396
36.063538,70,15.88319
10.714471,25,15.897441
17.09227,43,15.921584
30.682582,47,15.947986
312.754163,216,16.534083
200.268783,146,16.614391
182.338861,126,16.682924
257.89784,135,16.757789
23.122832,38,16.77902
254.042034,169,16.872507
19.468615,40,16.894608
7.918705,21,16.906415
210.705183,142,16.984843
273.016103,164,17.075705
94.577487,96,17.128981
53.665559,63,17.163743
190.111314,138,17.239661
262.254357,158,17.327709
208.114888,137,17.40484
176.927361,112,17.467756
225.631801,142,17.546483
16.381331,44,18.026098
97.391049,130,18.097557
13.928221,32,18.115417
204.222797,127,18.184844
241.163948,130,18.256517
272.511717,201,18.36778
2.247569,15,18.376281
36.027626,57,18.407657
0.497692,10,18.41336
311.801973,212,18.529903
106.945632,103,18.586649
333.475431,200,18.69743
26.670724,39,18.719233
267.60791,193,18.825834
150.876883,106,18.884428
8.332346,27,18.899343
62.30904,80,18.943669
43.509282,56,18.974911
39.759868,60,19.007996
306.908485,206,19.122467
53.214364,83,19.673917
254.871768,170,19.767956
257.552564,169,19.861329
86.353044,135,19.935927
244.81179,175,20.032548
278.692459,187,20.135973
102.574749,144,20.21526
229.744507,133,20.288728
24.904203,41,20.311568
69.292827,112,20.373013
222.102826,156,20.460108
270.518881,242,20.593256
200.834158,127,20.664479
298.798999,171,20.759724
2.743972,13,20.766937
220.352856,145,21.309113
94.130489,64,21.344514
234.748534,137,21.424943
45.706793,90,21.474371
242.93048,156,21.568034
188.511006,105,21.627012
164.874013,119,21.695699
359.380895,248,21.852389
198.163648,114,21.918358
284.893303,180,22.029687
221.986217,131,22.108108
1.705447,15,22.116457
217.147721,131,22.195029
67.43694,79,22.23835
54.27546,92,22.290501
193.224218,121,22.362768
274.337493,158,22.460971
218.246195,139,22.995445
231.916622,142,23.074279
39.905669,58,23.106346
263.528288,171,23.200993
295.258785,192,23.306679
188.400489,133,23.380801
270.26529,140,23.459075
263.004629,165,23.551025
205.284125,114,23.614155
199.025257,130,23.686414
129.565632,174,23.782383
111.952464,76,23.824338
215.481418,118,23.889745
270.407458,169,23.984897
138.24681,89,24.034819
152.777314,97,24.540848
61.840861,62,24.575002
156.942376,99,24.630131
193.881381,120,24.696543
281.545418,151,24.780924
238.666761,154,24.866647
206.380132,125,24.936251
35.026672,97,24.989799
193.534262,108,25.049781
291.081656,159,25.138795
239.186172,136,25.214197
249.05142,153,25.299546
195.89102,115,25.363927
165.429689,90,25.414074
314.057885,215,25.533988
201.194835,126,25.604003
324.301554,186,26.163874
191.423111,104,26.221094
215.818592,122,26.288371
297.451399,195,26.396648
170.69423,131,26.468998
7.334266,20,26.480298
313.591237,171,26.575852
187.824339,113,26.638672
163.851708,93,26.690261
261.535876,158,26.777842
26.546466,48,26.804675
198.550736,115,26.870614
29.393614,43,26.895046
285.663122,168,26.98966
124.125045,195,27.098493
291.980685,172,27.194611
245.281995,164,27.78195
197.974933,113,27.844979
329.223509,248,27.982998
289.985816,179,28.082566
264.161294,140,28.160709
253.578348,140,28.238879
282.403019,167,28.332186
227.192138,124,28.401929
179.089611,105,28.46078
225.553477,148,28.542616
181.672671,104,28.600927
262.089678,162,28.691288
155.275167,100,28.746425
201.085779,124,28.815519
306.771255,188,29.427983
227.835387,141,29.507195
261.74487,167,29.600891
208.480888,117,29.666121
311.551154,190,29.772768
392.116837,339,29.961799
288.936849,169,30.056176
188.898648,105,30.115078
34.311659,95,30.167833
254.413172,135,30.243154
241.486176,128,30.314751
310.583215,216,30.435369
255.239676,162,30.526845
277.195888,144,31.074301
319.353111,205,31.18909
201.717749,134,31.264078
239.480347,132,31.338146
352.872202,234,31.468926
381.330942,245,31.605455
241.257141,131,31.678965
234.771266,136,31.755443
14.108611,23,31.768372
225.90648,121,31.836227
45.306737,115,31.900613
208.520226,114,31.9646
113.492791,147,32.057718
177.461486,119,32.135007
300.032446,184,32.725501
224.570896,129,32.797411
237.854746,131,32.87104
294.483029,194,32.979251
225.000861,128,33.050879
174.476381,101,33.10742
183.593284,112,33.170053
250.078799,139,33.247962
223.523361,128,33.319349
251.855927,144,33.399903
229.790133,121,33.467499
237.430298,124,33.540665
235.879652,123,33.620268
219.042795,123,33.698892
203.205325,117,33.774084
291.869967,168,34.351958
256.347862,132,34.435872
152.215838,93,34.489442
195.564279,103,34.547532
236.052357,138,34.625169
248.648124,143,34.705345
242.714159,129,34.777526
261.671777,136,34.853382
193.179449,116,34.918109
378.14972,234,35.0493
280.729392,140,35.127869
318.159304,189,35.233997
307.883301,185,35.340243
228.908553,127,35.411631
187.241826,115,35.476646
300.364992,181,36.060425
268.229289,142,36.151678
387.020278,232,36.283899
248.274832,124,36.352905
313.453997,182,36.454411
247.721295,131,36.527456
301.705611,160,36.61665
323.713744,198,36.728077
250.042626,349,36.923591
307.544205,186,37.041763
296.537224,151,37.126809
344.442688,200,37.697115
213.367088,109,37.758
245.485913,141,37.83675
303.693111,180,37.937748
233.703975,120,38.004485
288.182008,138,38.081271
396.301711,267,38.230108
204.326099,111,38.291914
213.338703,119,38.359953
326.46638,181,38.463532
57.010961,178,38.564149
299.921697,156,38.651849
321.138137,179,38.753094
274.583325,144,39.320254
418.327546,265,39.478757
83.405304,163,39.569375
256.664897,130,39.64278
401.979336,244,39.780704
301.565861,184,39.883662
251.463291,126,39.955872
308.848466,173,40.062474
235.306825,139,40.139922
343.667089,175,40.23807
231.085799,141,40.316712
244.447376,119,40.382242
299.382596,159,40.929391
211.984743,137,41.006287
301.237918,163,41.098613
424.849945,248,41.237231
336.045094,188,41.342143
340.956184,182,41.443885
306.46433,156,41.530565
382.291255,225,41.657996
260.725278,130,41.731188
303.46264,161,41.821558
278.650265,139,41.898748
178.175318,94,41.951188
314.215434,159,42.504315
226.103175,112,42.568135
255.231471,145,42.64874
330.972957,179,42.747741
269.277929,155,42.833709
286.903376,157,42.920564
324.661288,211,43.037479
308.826162,163,43.127566
291.680719,168,43.221861
365.980827,195,43.330571
348.525963,199,43.441275
358.062139,185,43.544112
181.055482,96,43.597243
166.087444,85,44.132033
317.032319,153,44.222126
412.764579,234,44.352266
328.49133,221,44.474855
272.841923,153,44.55961
289.548057,135,44.633859
253.78137,133,44.70713
222.101813,111,44.768441
280.619657,136,44.843678
297.899137,161,44.932558
315.877907,165,45.023978
485.374211,359,45.224158
503.417682,307,45.870874
339.48244,177,45.969297
493.897259,334,46.157154
365.648321,214,46.276783
358.915874,207,46.392659
475.506019,320,46.57353
359.308545,202,46.686479
308.94835,149,46.769841
433.289533,252,47.371384
312.184541,160,47.46119
220.867461,122,47.533375
376.347664,235,47.665252
370.917527,200,47.780591
276.9529,143,47.860162
280.312704,183,47.962088
374.925832,196,48.073596
257.377727,127,48.144782
297.444865,188,48.251071
84.560092,170,48.347786
251.77175,124,48.417168
312.476864,149,48.960353
293.074641,153,49.046286
232.095126,124,49.115481
412.899948,234,49.246998
311.539162,153,49.332174
416.819037,253,49.47451
330.429887,185,49.582574
412.544417,227,49.709589
353.758999,182,49.816009
287.451434,153,49.90106
349.871247,193,50.009852
301.846277,147,50.092069
384.98395,196,50.703384
351.421624,169,50.798056
337.284058,179,50.899402
297.362143,147,50.981425
329.633354,167,51.075605
362.08047,185,51.183388
361.017223,203,51.297917
352.149673,187,51.407526
360.909991,183,51.511567
383.505219,186,51.616066
355.601312,181,51.717296
378.20308,206,52.307531
338.777895,180,52.413133
316.116684,163,52.504402
323.567442,178,52.604449
424.554918,239,52.74259
343.694722,175,52.841339
133.482192,70,52.880212
397.442109,213,53.00107
124.411584,92,53.051843
318.02018,173,53.149711
327.081143,168,53.243714
366.504081,192,53.351612
314.474512,160,53.89667
354.473529,190,54.002894
336.771336,165,54.095205
272.777433,136,54.173043
373.621263,201,54.286027
358.722236,192,54.401216
349.007796,162,54.49404
432.851083,236,54.629917
328.63161,165,54.723091
359.567425,184,54.838284
353.956089,181,54.95073
297.343255,149,55.033906
347.647347,178,55.569679
380.421703,193,55.677708
344.119219,172,55.774427
397.637545,221,55.898052
357.506065,188,56.005766
307.069899,151,56.091999
337.391693,162,56.182548
344.508556,177,56.281767
357.533725,199,56.396816
401.65061,216,56.518761
292.448944,139,56.595821
333.733274,167,57.138383
350.175244,194,57.245698
305.191446,143,57.324556
324.591096,189,57.428695
308.146834,163,57.517973
308.558565,158,57.605765
341.810649,174,57.701693
350.864003,183,57.803792
351.143444,188,57.908221
426.365079,237,58.041445
325.18699,164,58.132409
428.81139,236,58.735405
341.093146,159,58.845657
398.692237,223,58.994881
396.428548,205,59.13299
352.991683,184,59.258767
411.223702,214,59.401214
356.83001,180,59.526971
275.172139,131,59.618647
322.490301,151,59.722821
375.614581,176,59.84254
403.714437,217,59.986108
340.263459,171,60.560278
321.812291,152,60.644802
425.009458,225,60.771471
337.368434,176,60.869711
356.572094,174,60.967433
315.543634,148,61.052917
462.290468,258,61.199223
299.140728,140,61.276804
392.442833,228,61.410955
418.101686,229,61.541216
326.50303,162,61.631101
259.940316,134,62.16222
442.512776,238,62.294644
372.603599,187,62.398979
369.298258,210,62.51701
392.905854,206,62.633775
403.052831,205,62.749833
351.346918,176,62.848399
350.65678,161,62.938623
343.519336,151,63.022533
371.385091,177,63.121199
309.563917,146,63.202146
376.977676,191,63.760573
365.573449,173,63.856056
354.037448,181,63.95563
328.570151,156,64.041582
321.595654,169,64.134193
336.00296,164,64.24071
384.937637,192,64.347618
388.133847,202,64.461005
334.924811,155,64.547426
368.594006,196,64.65596
386.677399,200,64.766252
411.335537,224,64.89047
401.485184,219,65.461922
342.025513,171,65.556187
259.004205,134,65.62968
394.517811,190,65.733985
350.838384,167,65.826645
371.916183,168,65.92299
288.430246,136,65.999222
381.241877,194,66.107328
332.224483,165,66.198636
368.875156,200,66.308601
363.374826,189,66.413565
308.768561,156,66.955046
419.867941,222,67.078361
190.920776,110,67.138369
294.930667,142,67.217443
373.312341,196,67.326042
405.384418,205,67.440745
350.606114,156,67.526939
359.732571,182,67.62877
329.16624,155,67.714401
353.690099,186,67.817865
377.494616,213,67.936716
190.199836,107,67.995826
325.362575,148,68.078656
390.190348,167,68.663842
411.741417,239,68.798264
248.015039,114,68.870247
354.071501,158,68.970347
408.459918,199,69.096625
431.648129,221,69.236955
1.09167,13,69.245193
331.563826,167,69.350408
291.452395,135,69.424973
406.545644,196,69.534374
403.366482,211,69.651256
296.817524,141,69.729529
394.472462,207,70.300287
382.069332,185,70.409372
310.939127,145,70.493547
252.517179,119,70.560633
381.403246,193,70.671315
329.27531,147,70.753822
392.725458,190,70.862574
314.352063,144,70.943037
348.850739,174,71.041715
389.030176,184,71.145705
280.11526,130,71.21875
372.243558,201,71.332983
394.484093,197,71.89888
381.497026,183,72.001739
351.990247,172,72.09933
32.947743,76,72.142185
273.535273,132,72.21644
348.526841,150,72.300146
388.89793,190,72.408597
400.380336,194,72.518353
274.531655,138,72.595676
308.299752,141,72.674911
366.953758,174,72.772778
386.118248,193,72.882237
275.814433,122,72.950788
368.375976,168,73.496292
291.189251,142,73.579484
378.441727,194,73.687491
357.725591,178,73.788081
404.082487,193,73.906374
322.39964,153,73.991627
373.841536,183,74.093925
339.925934,160,74.182337
322.026964,149,74.264859
358.32986,171,74.35891
370.81561,166,74.450025
157.084376,70,74.488511
342.452975,168,74.581756
338.019625,152,75.143195
324.036377,141,75.221201
451.792668,222,75.344624
386.945386,182,75.446103
296.68667,136,75.524413
326.962618,169,75.619552
458.173201,210,75.736833
350.100162,163,75.82743
254.264681,118,75.892025
340.343983,161,75.982311
391.662149,176,76.080209
361.821534,173,76.176284
399.549023,202,76.7457
374.245702,183,76.84691
445.471499,210,76.963254
277.157243,125,77.031629
411.511384,180,77.132547
355.949129,170,77.227324
354.47869,164,77.31904
396.688971,190,77.424934
330.800108,158,77.512216
383.588936,214,77.631585
373.943868,202,77.745025
353.711755,172,78.298863
390.542546,195,78.40929
388.721015,196,78.518347
398.433882,189,78.624434
390.80974,186,78.728768
359.201475,165,78.821203
346.323105,153,78.905588
350.296041,162,78.994847
357.255946,174,79.091136
383.524771,198,79.201696
365.731783,195,79.310916
395.57669,195,79.420063
413.263842,209,80.172943
383.811434,174,80.269782
394.489856,186,80.374924
403.118382,203,80.488422
435.387247,225,80.614677
325.864869,145,80.694772
368.567759,218,80.817316
384.451466,176,80.914828
428.747048,214,81.034717
346.40219,173,81.131162
357.562404,158,81.691487
290.657706,133,81.766781
425.512521,207,81.882278
392.425177,193,81.990373
396.81543,169,82.084295
336.78615,179,82.18345
333.733112,150,82.265808
362.177451,164,82.356402
408.750607,208,82.472076
379.225474,179,82.571177
388.910852,174,82.667217
400.626342,208,82.782668
322.732363,152,83.361567
443.559373,229,83.489428
366.227694,174,83.588689
423.0467,195,83.697621
383.744281,177,83.796138
361.828567,160,83.884514
446.10267,248,84.023852
390.797469,191,84.131068
390.803453,182,84.232197
457.322941,231,84.360867
290.099272,135,84.435012
402.430829,201,85.040074
357.763714,157,85.126589
382.632542,168,85.2198
339.768839,165,85.311801
438.32284,205,85.42569
296.536257,130,85.501809
340.234284,172,85.597181
345.081527,155,85.682468
353.21303,164,85.772703
306.620557,133,85.846013
358.053887,160,85.934758
287.859452,130,86.007535
289.796139,130,86.079254
392.098796,180,86.634202
342.754619,146,86.714419
275.326364,126,86.785817
418.851777,198,86.896159
354.493705,165,86.987418
339.014756,159,87.076277
1.270979,11,87.082371
396.037241,197,87.192196
380.347616,189,87.297432
386.542536,178,87.396226
296.051512,141,87.475242
326.039306,152,87.560739
373.998198,176,87.658775
439.464071,189,88.214051
424.974103,200,88.325652
287.170678,137,88.402782
349.088311,170,88.49917
313.529505,136,88.57488
375.262395,179,88.675014
495.678007,268,88.824277
358.152368,174,88.921078
365.563872,171,89.01594
404.283922,183,89.117368
393.485428,181,89.217521
425.991403,235,89.811671
412.687274,198,89.922214
458.222591,194,90.029989
344.267513,177,90.128808
401.597665,192,90.235292
421.664948,193,90.34205
392.175409,178,90.44007
381.627332,175,90.536398
422.84089,198,90.646263
304.619843,126,90.714789
304.759627,137,90.789969
395.857036,178,91.36661
249.974566,112,91.437298
394.741311,161,91.541915
346.188139,150,91.636659
359.192492,170,91.744665
464.668213,216,91.883045
12.026059,22,91.897084
456.090778,165,91.988908
343.638738,149,92.071535
322.177516,155,92.15871
317.864158,155,92.245299
313.668525,158,92.33333
365.153344,161,92.422323
395.293529,179,92.521989
340.638342,166,93.105883
444.527773,210,93.23883
383.365266,162,93.328528
447.201493,196,93.437479
413.29477,170,93.531195
388.351784,192,93.638098
419.892504,186,93.741381
328.923424,147,93.822693
316.26975,132,93.895915
398.624036,179,93.995378
389.583321,180,94.095018
350.500607,152,94.179374
432.219861,197,94.79011
96.366835,109,94.859059
447.846511,203,94.973142
390.892191,176,95.070848
469.576744,209,95.187331
305.308509,139,95.264015
59.235939,117,95.329232
331.348829,142,95.407668
424.574031,196,95.51705
387.067146,168,95.610481
388.487748,164,95.701052
371.637956,165,95.792723
384.618087,165,96.377331
419.521147,168,96.475658
289.400245,129,96.549027
365.83706,171,96.650464
400.761656,180,96.756922
376.637754,167,96.854134
426.352067,189,96.966804
403.82882,187,97.079867
464.251906,211,97.209573
405.919481,190,97.323287
364.787419,154,97.413713
411.838319,185,97.524895
352.06091,147,98.115625
471.608976,217,98.253823
399.441944,169,98.350434
473.591472,204,98.46464
310.573158,147,98.546147
482.778272,217,98.667064
410.281726,168,98.759651
429.249226,207,98.874817
394.8632,175,98.971941
357.854237,154,99.057323
410.825154,202,99.170422
384.404698,162,99.786762
295.367845,135,99.864061
336.907944,146,99.94766
298.473144,139,100.024763
441.418955,191,100.130836
316.690792,142,100.208976
392.269884,188,100.313252
269.064304,127,100.382788
379.519132,181,100.48421
365.718805,147,100.565426
395.358352,165,100.656917
618.934252,369,100.863135
509.102202,228,101.472622
416.792566,203,101.586701
259.08492,121,101.653957
389.61464,166,101.746687
359.158942,164,101.838232
255.630774,114,101.901737
368.267644,154,101.987138
410.362945,184,102.090222
448.582433,198,102.201891
355.203517,152,102.286046
339.564735,152,102.370514
355.440388,156,102.457618
355.05942,148,102.999717
378.072711,164,103.090796
369.31217,161,103.180655
478.744574,217,103.303201
319.61006,148,103.386877
321.251149,145,103.467823
386.580436,194,103.576981
474.337917,232,103.708014
354.469029,175,103.807043
336.416489,158,103.895729
332.811314,156,103.98288
384.270473,170,104.077816
534.733648,224,104.67963
350.417813,149,104.76211
359.800447,158,104.84973
340.869633,141,104.92871
329.770695,147,105.010951
420.677745,178,105.109667
330.576687,149,105.19257
413.689163,175,105.291881
454.319956,189,105.399012
400.147915,179,105.499883
437.70923,195,105.609515
326.866812,145,105.690202
338.321869,146,106.278203
408.943514,186,106.382235
390.229608,182,106.483552
313.531735,141,106.561911
345.541589,145,106.642186
429.400057,171,106.73641
308.408639,144,106.81601
378.772151,158,106.903135
376.638129,161,106.991723
414.005418,184,107.094361
385.274922,160,107.182488
437.15891,204,107.296532
328.4244,145,107.376509
372.532785,154,107.968609
408.943117,178,108.067973
534.341591,229,108.195553
361.820699,149,108.278033
373.735621,161,108.367519
398.685038,165,108.459405
392.616783,170,108.554091
400.411733,168,108.647211
322.391981,150,108.729926
408.617478,180,108.830105
326.252551,148,108.912663
394.625064,169,109.006051
465.789,179,109.574299
503.515166,219,109.696676
461.378751,195,109.805754
421.565315,176,109.903527
455.539091,186,110.00696
451.77066,176,110.10431
383.381588,168,110.197932
294.56725,146,110.278914
371.954912,170,110.374459
416.586355,181,110.474791
440.08604,184,110.576613
346.423204,149,111.15663
455.877638,196,111.266626
377.296111,167,111.359955
427.247899,172,111.455885
447.130001,172,111.560668
428.046568,194,111.669561
365.848741,153,111.753987
368.221491,170,111.848952
367.254647,157,111.937063
367.967199,149,112.019751
427.09831,180,112.120589
392.041115,170,112.228296
296.415337,140,112.317961
335.878714,161,112.927047
479.242728,181,113.026358
253.955429,109,113.085968
454.667824,203,113.198947
420.981992,191,113.305931
427.412048,188,113.410741
481.75229,200,113.521552
494.944721,243,113.656512
418.013219,172,113.750509
385.753189,178,113.849062
391.567657,165,113.940094
490.114321,185,114.509666
352.895514,145,114.588784
448.465969,194,114.696831
456.57966,181,114.796147
403.161747,161,114.884385
429.73461,196,114.993055
385.623072,168,115.085667
344.619646,147,115.165895
362.101275,156,115.252207
391.015759,170,115.346164
416.083984,192,115.453611
256.887202,117,115.518039
457.793937,191,116.098557
388.085779,153,116.183163
249.303803,119,116.249583
408.103346,164,116.340274
556.595152,237,116.473384
346.727556,151,116.557463
480.53726,198,116.668445
439.35496,189,116.774153
290.19861,129,116.846981
335.745495,137,116.92426
358.625772,160,117.014735
364.188764,159,117.10367
369.865179,148,117.18577
433.844424,167,117.788065
306.290348,134,117.862574
359.895285,149,117.945908
418.610433,176,118.044298
415.380902,190,118.152158
338.976485,150,118.238996
446.873899,193,118.353402
452.822689,184,118.455985
414.342147,165,118.547876
522.505457,205,118.663632
421.979298,175,118.761551
478.008529,215,119.36577
357.472072,169,119.460752
508.92145,220,119.584397
477.086029,173,119.680664
429.963328,166,119.772893
388.760651,152,119.856997
507.824691,197,119.966561
484.554712,206,120.082225
311.599344,149,120.166085
429.673383,185,120.270096
354.641451,155,120.359406
405.378702,161,120.461745
360.032921,158,121.040981
428.582674,173,121.137622
461.383089,180,121.237909
389.16505,157,121.325092
303.686801,135,121.400394
446.123576,183,121.502883
445.273297,183,121.605409
242.907721,117,121.671606
379.425683,173,121.769924
306.598789,141,121.849343
272.876848,118,121.91479
396.806867,161,122.005045
421.751321,172,122.114614
347.392693,145,122.717479
425.60659,171,122.812908
457.721327,211,122.931345
483.984208,193,123.039405
429.239139,177,123.138592
497.682913,183,123.240694
333.71339,143,123.320121
339.760832,141,123.398452
385.188599,157,123.485776
461.428764,205,123.601611
262.04697,115,123.666047
452.97186,199,123.781556
441.430906,168,124.348681
447.006835,186,124.451042
490.771516,177,124.548174
392.954584,156,124.633526
348.223509,157,124.719884
368.532117,160,124.807403
489.112965,187,124.910486
423.892832,174,125.006638
411.255235,176,125.104096
410.792007,176,125.201473
376.204389,151,125.284347
437.843055,176,125.390386
402.157428,161,125.953964
419.200571,169,126.051736
369.963228,155,126.139923
470.244817,178,126.240614
404.504496,159,126.331035
364.635303,150,126.416675
392.301654,164,126.509752
446.790691,179,126.611856
410.001923,189,126.721081
488.65875,191,126.830033
427.75494,168,126.928337
460.278738,172,127.025367
421.916969,171,127.58584
400.027687,173,127.683453
404.869446,180,127.785103
444.716762,163,127.875582
388.765306,159,127.964275
493.084189,213,128.085837
401.965487,166,128.180898
536.05943,200,128.293839
527.531429,216,128.415951
451.382766,182,128.518533
391.504405,151,128.602917
354.76215,149,128.689103
592.629908,227,129.317549
416.158216,168,129.411595
424.71633,172,129.507901
378.901543,150,129.59074
390.429179,159,129.685248
449.608017,171,129.780898
449.510945,177,129.87939
370.157783,152,129.964238
403.41715,155,130.05065
623.380941,244,130.188545
422.39625,176,130.286614
361.723159,155,130.860396
431.577385,164,130.951995
481.817765,188,131.058147
392.637315,185,131.162031
351.262048,150,131.244753
468.496043,171,131.343048
456.06479,165,131.447321
518.325026,217,131.58725
368.209165,151,131.681963
442.411888,170,131.781525
405.998625,171,131.87678
442.793295,171,131.971073
399.470186,175,132.529131
487.976124,193,132.637213
474.54435,171,132.732103
674.908687,213,132.850614
564.126175,223,132.975914
404.066467,155,133.061629
598.324417,196,133.17015
442.129513,164,133.263259
558.584186,211,133.383279
464.58731,173,133.490791
492.376983,176,133.594694
393.699467,153,134.147997
419.22176,154,134.232175
399.060259,170,134.326261
474.958766,192,134.43247
521.274393,193,134.538569
408.298912,167,134.630144
480.685722,179,134.728855
487.439196,173,134.824586
406.098769,163,134.91405
613.580901,256,135.056928
476.361851,196,135.165821
510.752578,208,135.790623
407.999125,162,135.879149
402.712485,173,135.974987
318.156234,136,136.051393
368.330979,145,136.130974
541.248905,205,136.244131
485.4122,203,136.356507
585.047267,195,136.463316
263.102872,115,136.526145
345.073623,160,136.614842
406.950011,158,136.701137
350.834786,138,136.776681
472.880277,178,136.874575
401.26873,167,137.495315
462.417041,185,137.598144
570.552479,208,137.735017
425.305813,166,137.826711
653.198287,201,137.937015
406.158645,155,138.02194
498.43262,199,138.13307
251.352717,124,138.20117
341.46059,146,138.281761
479.920298,186,138.384872
450.901756,173,138.48202
401.457092,150,138.564655
424.419156,170,139.115797
391.063068,179,139.240453
512.847073,191,139.346306
342.900033,157,139.43357
419.228798,178,139.532151
448.438497,185,139.634744
483.771382,170,139.728047
325.115509,140,139.804763
459.175948,185,139.906876
413.146974,171,140.001379
449.327786,168,140.093193
532.162097,186,140.653818
475.204025,193,140.761821
489.624381,174,140.860092
551.322915,217,140.98844
503.113474,208,141.104841
495.403394,180,141.20477
574.217459,228,141.332577
542.300923,211,141.450268
399.845403,168,141.544386
511.699945,190,141.650204
529.013912,230,141.779494
523.17229,182,142.336286
604.991029,215,142.456165
406.703689,175,142.566096
446.84106,195,142.675924
485.734205,191,142.783047
515.93248,190,142.889256
470.28903,167,142.981947
455.036414,178,143.082021
350.530862,147,143.164191
456.386684,176,143.262364
561.201023,196,143.371228
488.751339,183,143.929575
523.308556,186,144.03206
455.018944,166,144.123168
451.338454,176,144.225277
423.113217,163,144.316387
330.797319,135,144.390744
471.639126,185,144.493762
417.735582,162,144.583112
421.164469,159,144.671615
343.262765,141,144.750962
343.612129,149,144.833868
408.209086,162,144.923824
333.074147,146,145.004875
383.620561,150,145.587795
459.025293,182,145.689327
383.607105,161,145.778678
360.379505,144,145.858424
394.956492,178,145.958232
405.468946,161,146.048191
491.007125,204,146.162588
361.900558,146,146.243841
449.848918,155,146.330462
367.170322,145,146.412064
440.292781,175,146.510203
412.359764,176,146.611001
415.179178,172,147.140336
432.335579,194,147.249062
357.32548,150,147.332745
378.736579,145,147.412925
504.448869,192,147.519898
535.287638,180,147.619226
389.46809,141,147.696937
380.561279,145,147.776404
530.688712,224,147.901554
360.164074,147,147.983604
456.492801,183,148.086681
567.347448,208,148.202587
403.585254,148,148.715295
662.890841,208,148.829472
380.935183,146,148.910357
360.227419,143,148.9892
463.293663,170,149.08315
472.580741,179,149.18292
443.752294,164,149.273241
470.135928,173,149.368525
561.051982,188,149.47471
517.062448,170,149.575397
397.182418,148,149.659699
545.293118,191,149.766816
446.562678,173,150.326715
475.758348,171,150.436126
434.985047,183,150.541889
481.231731,181,150.65898
441.065002,164,150.752508
537.319442,187,150.857548
321.267774,137,150.93414
450.816788,164,151.025348
475.862698,183,151.128208
555.591434,216,151.250853
384.22513,157,151.339571
578.632522,200,151.451802
496.569018,172,152.004516
542.391973,208,152.121462
704.237783,226,152.247757
444.621458,166,152.340796
542.046285,177,152.439072
530.789482,198,152.550106
572.949602,203,152.664134
318.48216,129,152.736216
506.606188,176,152.834303
489.407825,195,152.943799
571.023124,193,153.051375
482.272683,196,153.651541
434.692184,175,153.749559
375.512981,156,153.836944
382.129698,149,153.924202
723.799054,251,154.063879
534.364764,197,154.17339
511.749269,192,154.279941
452.439274,158,154.367391
442.500471,157,154.453994
512.681047,186,154.556879
429.930175,162,154.645993
389.915474,143,155.199528
466.2184,189,155.305645
434.533416,160,155.394745
489.270587,175,155.493282
427.886642,173,155.595428
429.050073,157,155.686333
451.40697,169,155.780936
612.092666,188,155.89553
371.702224,154,155.981477
400.455159,150,156.064819
340.747454,141,156.143108
518.33212,198,156.255255
432.565495,160,156.792634
422.320233,166,156.884903
584.994002,196,156.994142
602.548696,184,157.096338
402.370034,161,157.186359
446.672582,199,157.299005
441.089148,165,157.419593
429.323782,163,157.51208
367.425221,146,157.615894
466.302218,208,157.780912
442.376211,162,157.870894
463.636625,168,157.964322
452.493723,173,158.522086
557.380206,183,158.623611
330.1129,133,158.697989
511.296395,186,158.81008
525.916687,184,158.930443
443.784095,157,159.028972
391.973419,144,159.113141
444.086659,164,159.204941
409.99392,152,159.289393
292.587531,124,159.357962
426.373082,163,159.448795
433.649642,162,159.538558
394.257326,186,159.644381
466.120716,165,160.167058
440.842474,182,160.269418
442.521754,163,160.360014
292.731452,126,160.430159
459.879311,201,160.543619
480.714008,171,160.638527
427.311073,159,160.726715
408.357907,158,160.814835
392.451902,146,160.895586
430.780366,173,160.992613
367.774908,144,161.07248
422.161677,161,161.161181
324.577152,142,161.685791
646.646765,193,161.79211
502.408593,167,161.884776
477.069444,164,161.975589
371.557325,139,162.053453
507.885624,193,162.16118
517.582081,175,162.257657
321.078714,124,162.326655
444.162959,157,162.413682
485.943439,191,162.520932
609.834318,216,162.641972
475.261688,165,162.734039
422.953055,146,162.814779
494.074578,190,163.403751
430.664712,172,163.512201
418.935442,159,163.602604
378.55264,152,163.686908
566.976415,187,163.790031
378.278584,160,163.879464
457.596772,161,163.9682
361.391357,147,164.049262
513.03996,192,164.156069
434.228219,170,164.250293
401.737586,151,164.333571
417.973065,156,164.419976
516.370802,196,164.988078
431.646975,156,165.073619
426.671205,164,165.165263
552.746763,184,165.267246
355.309712,136,165.342043
491.232875,172,165.437863
524.125831,189,165.542776
699.450112,224,165.667352
534.910884,177,165.764697
400.898234,152,165.848167
544.996213,212,165.966492
380.06274,148,166.506196
488.047435,162,166.596269
517.028233,171,166.691564
473.148062,176,166.790298
364.89517,145,166.87072
402.176776,148,166.95289
523.269602,176,167.06416
440.345814,160,167.166201
607.933731,191,167.275445
458.377449,164,167.366455
504.770649,182,167.467929
364.403133,152,167.552875
445.099811,157,167.640003
675.666855,222,168.227823
513.529786,181,168.327705
519.003864,175,168.423372
585.882303,191,168.52773
434.985836,174,168.623883
634.396212,228,168.750049
613.407868,198,168.858204
481.69375,170,168.951231
606.79494,191,169.055426
404.890121,154,169.139831
644.122828,201,169.250068
435.940201,158,169.790438
420.186349,158,169.877619
288.982743,124,169.946111
547.693501,179,170.04447
530.431884,174,170.13997
502.495481,178,170.238922
494.293295,191,170.345027
480.938426,172,170.439746
481.781193,168,170.531927
440.772003,164,170.622357
352.024217,144,170.702126
442.119557,177,170.800117
453.621851,162,171.35876
415.992721,156,171.449587
460.934109,167,171.544972
592.879405,188,171.649484
397.825227,142,171.727084
297.229656,125,171.795814
564.824089,183,171.895918
507.186762,170,171.989455
546.232784,173,172.0841
520.506428,182,172.184968
356.476548,140,172.261862
451.399794,182,172.36265
454.884612,172,172.917281
345.935462,141,172.994637
302.283258,122,173.061408
501.39877,188,173.165358
505.536493,191,173.271376
526.411318,189,173.375629
422.487361,154,173.460132
382.336737,142,173.537752
519.021323,173,173.631981
557.163536,185,173.73299
522.978954,183,173.833369
591.470294,197,173.941514
501.594551,178,174.495587
365.623176,144,174.574753
453.671375,191,174.680969
579.934908,188,174.784023
576.44029,182,174.883804
597.519429,198,174.992659
625.684364,218,175.113171
378.854722,142,175.190721
464.092859,163,175.279962
541.843855,184,175.380069
463.688726,161,175.467955
513.664812,170,175.560661
456.219223,164,176.084213
486.529381,170,176.193101
651.022447,218,176.333394
450.865169,167,176.440007
524.196416,175,176.54949
552.731888,184,176.651701
565.535522,173,176.74703
580.703,185,176.849416
576.201296,192,176.955285
516.254011,183,177.057234
381.150914,141,177.134979
373.129231,143,177.214133
573.254706,193,177.759379
673.201137,200,177.886408
535.869173,181,178.002073
518.340149,193,178.126223
550.75504,179,178.229981
564.476308,186,178.332737
470.326135,164,178.423676
507.371041,169,178.517006
493.570047,176,178.614264
388.841926,146,178.694836
645.741303,228,178.821924
688.652712,206,179.372773
626.376006,199,179.499291
441.206376,165,179.604948
479.514186,182,179.709158
372.272318,144,179.789566
733.027611,255,179.931669
513.360272,169,180.024975
447.23252,160,180.113815
507.461844,182,180.215352
436.762805,162,180.305263
652.729756,200,180.415923
561.922653,177,180.946092
455.052739,166,181.03834
611.681416,199,181.149071
528.894654,188,181.254796
521.850274,170,181.349793
567.172858,189,181.454899
476.644455,184,181.558091
487.170095,187,181.662896
514.454274,194,181.77115
610.29317,202,181.88397
516.375479,212,182.002907
484.559024,188,182.541561
707.955841,239,182.675377
727.51245,218,182.797069
405.783446,163,182.888351
462.675004,175,182.985859
641.46241,235,183.11794
510.330275,169,183.211684
693.377386,208,183.326639
514.048314,185,183.429281
509.410984,184,183.531425
580.565117,197,184.076059
456.265086,175,184.174521
575.558863,184,184.277083
630.753468,218,184.39966
670.949977,206,184.514426
419.414897,153,184.599291
640.59373,196,184.708645
618.827261,196,184.817612
656.070753,201,184.929208
500.388904,177,185.028232
542.365063,197,185.139188
608.453117,185,185.676118
535.043593,179,185.775222
506.632572,171,185.870288
512.496956,169,185.964993
584.136767,190,186.072602
562.395722,179,186.171698
517.52486,196,186.282087
622.29297,197,186.391904
663.994048,203,186.505194
510.904095,173,186.601019
673.410492,217,186.721344
560.198828,183,187.25645
454.202125,162,187.346325
534.736236,181,187.446407
472.718317,162,187.53622
639.008989,203,187.648949
690.011617,212,187.7663
593.169044,186,187.869195
531.365368,178,187.967284
596.226408,191,188.072707
534.839392,180,188.171929
565.130912,192,188.277858
687.998102,212,188.829231
613.152557,198,188.938591
437.76865,166,189.031126
522.125996,194,189.140057
600.891566,195,189.250436
567.992868,189,189.355712
690.882349,219,189.477718
604.041899,193,189.585001
649.832256,211,189.702306
572.095252,204,189.816783
472.998777,166,189.908859
395.868546,147,190.423573
576.822767,188,190.527581
612.381027,194,190.635535
627.084758,202,190.748665
640.311254,200,190.859819
542.263656,190,190.965982
389.224084,148,191.047968
509.311982,171,191.142968
703.800699,212,191.260106
598.678596,194,191.367332
618.476925,200,191.478023
598.924153,195,192.024021
706.419238,229,192.151675
578.104818,196,192.261087
616.06306,194,192.368891
506.282055,191,192.475739
608.412417,193,192.58226
458.270312,187,192.687728
678.794393,228,192.815325
556.458956,179,192.914735
630.603925,196,193.023256
626.369781,227,193.582417
515.894847,171,193.676889
411.003213,162,193.767031
497.993357,177,193.865199
480.530958,166,193.95775
733.589951,218,194.077899
513.883805,170,194.171702
485.716221,172,194.266601
629.714743,199,194.376291
660.668512,203,194.488464
543.117408,182,194.589128
721.136698,246,195.160611
499.932853,185,195.263642
568.357718,194,195.371696
732.862886,238,195.504157
733.940664,220,195.625177
695.562806,212,195.742001
637.030638,227,195.868659
534.169474,180,195.968126
685.216932,211,196.084774
650.556026,207,196.199634
655.889538,226,196.759471
563.399472,191,196.865487
566.472107,180,196.965865
672.882832,214,197.084742
658.912822,259,197.231514
714.18037,214,197.350154
635.211056,202,197.462173
593.572099,187,197.56574
700.938685,204,197.679125
627.53268,196,197.787953
445.528733,155,198.308818
574.516244,187,198.412728
572.609953,184,198.514994
354.009352,141,198.594106
601.952034,195,198.703593
566.388089,190,198.809306
398.785445,149,198.89246
775.649116,234,199.024228
577.23387,183,199.126645
510.064966,172,199.222432
629.639068,193,199.330335
614.20173,198,199.876858
473.700079,165,199.968061
459.762132,173,200.064453
485.156628,174,200.161392
557.296841,186,200.266017
591.416764,189,200.370849
605.701881,189,200.475475
579.692022,196,200.583786
556.215993,182,200.684834
396.298783,145,200.765248
651.596854,201,200.876553
543.608283,186,201.413056
567.199979,190,201.518743
595.118848,188,201.622864
716.496013,210,201.739362
604.536131,192,201.846179
570.727412,183,201.947843
813.461491,240,202.080959
608.858074,201,202.192761
551.14186,184,202.294514
654.844218,207,202.408815
646.68726,206,202.956868
601.933968,197,203.065877
637.979276,209,203.182124
568.71076,184,203.283754
461.614495,160,203.372269
542.434766,180,203.472314
532.405627,175,203.569394
470.242467,158,203.656705
591.409754,181,203.756815
570.22883,187,203.859996
496.162952,166,203.951753
551.593433,178,204.050015
556.160768,187,204.585991
714.24879,218,204.706632
561.098023,182,204.808486
562.492663,181,204.908642
672.100524,207,205.024034
348.989515,130,205.096269
455.776454,172,205.192146
688.921494,210,205.308544
689.237648,223,205.433098
603.901974,197,205.542727
472.34748,163,205.633825
449.682044,177,206.194018
563.568958,183,206.295145
630.110249,196,206.411662
719.670003,222,206.536793
615.814328,194,206.644322
781.708816,225,206.768695
564.456897,185,206.871008
413.228251,153,206.955353
723.711857,217,207.075458
491.559057,170,207.169575
594.245461,196,207.740788
647.530684,207,207.854944
682.461745,210,207.970705
495.013009,168,208.063431
763.389818,223,208.186529
582.545271,191,208.292641
672.624394,209,208.408669
607.035907,195,208.516753
538.812591,179,208.615933
603.303916,192,208.721685
689.996066,226,208.84743
312.332605,131,209.406892
532.259776,179,209.529202
776.732419,235,209.684821
798.207778,238,209.842563
567.281691,183,209.967637
561.016751,182,210.09176
543.230402,185,210.217778
621.800547,194,210.349553
633.401629,193,210.479887
598.936346,190,210.60919
641.780157,198,211.222281
702.615206,210,211.355046
695.744291,210,211.487968
633.690836,204,211.602154
524.816106,182,211.704503
566.990482,182,211.805741
746.40115,221,211.931672
611.810677,194,212.039396
623.242381,195,212.148065
727.195801,215,212.267248
594.63342,195,212.858604
605.282318,201,212.968911
595.424269,193,213.075782
420.60812,151,213.159976
604.934896,196,213.268599
762.280879,227,213.393967
715.878309,219,213.515371
730.106596,215,213.633869
616.595335,197,213.742401
640.040142,204,213.855661
697.215494,209,213.971248
774.822662,235,214.556658
600.39717,195,214.663458
574.544455,183,214.76331
537.097956,190,214.868541
577.133857,186,214.970544
615.412752,199,215.087262
567.88072,191,215.207777
681.398877,229,215.353784
650.104453,204,215.477252
729.310017,220,215.59747
604.847411,194,216.159368
497.704285,174,216.255146
705.240968,208,216.36918
644.032054,203,216.480281
658.506536,206,216.592635
641.880076,207,216.70614
732.009369,219,216.82613
749.315414,224,216.94916
457.762623,164,217.039131
598.360559,192,217.145122
560.934393,182,217.69837
629.771817,201,217.810184
623.613158,204,217.923412
563.664575,184,218.025742
641.792905,202,218.137708
709.702406,211,218.254677
709.559055,214,218.373544
672.764628,217,218.494751
588.129283,195,218.603192
483.55329,184,218.706774
617.234212,192,219.270638
614.494051,193,219.377716
474.451769,171,219.471633
598.664311,192,219.578277
612.114982,202,219.690838
741.847624,226,219.821312
782.097035,225,219.944905
619.140794,227,220.071083
658.941035,207,220.184827
615.275423,197,220.293393
867.54384,315,220.948542
568.370448,189,221.067301
508.423475,175,221.173645
730.128516,216,221.290448
651.990799,196,221.39706
589.199493,191,221.500587
596.34535,193,221.605405
657.858165,204,221.716393
669.749171,203,221.826807
411.040796,152,221.909529
732.907496,217,222.506211
738.328787,214,222.639214
814.35766,269,222.803398
557.280005,188,222.905149
199.718278,94,222.956527
531.951888,186,223.058653
644.887217,213,223.174968
561.580904,177,223.271696
562.120917,182,223.370459
621.700778,193,223.475407
763.368422,217,223.594409
411.295984,154,224.152286
670.213367,207,224.266847
686.931133,212,224.384395
511.375766,171,224.47848
585.555118,188,224.582074
639.821709,204,224.695266
622.37585,193,224.813269
649.224797,202,224.924154
615.961026,194,225.031169
536.832047,184,225.13237
717.289003,229,225.735962
593.407127,200,225.845519
547.243324,178,225.943478
624.335619,198,226.051637
659.869757,199,226.160009
669.601028,216,226.278507
774.364903,225,226.401534
784.233356,242,226.5348
610.048177,196,226.642748
606.997261,206,226.756861
641.771622,197,227.338386
815.435941,233,227.466725
545.527472,184,227.568209
727.896154,223,227.694074
621.020504,201,227.805379
652.665445,199,227.915674
614.951692,195,228.022195
708.328284,216,228.142845
674.740709,213,228.261577
634.286163,203,228.376143
695.644333,206,228.973693
587.008871,189,229.086566
737.477452,218,229.206172
774.781782,227,229.331168
726.799654,220,229.452402
635.721863,203,229.564544
774.104824,221,229.686397
633.54806,204,229.800905
292.641312,126,229.870373
699.477029,207,229.985636
563.322976,184,230.088238
703.112965,221,230.67348
708.939171,207,230.786322
701.142683,207,230.898515
602.868084,193,231.003668
725.297234,218,231.122216
449.54127,162,231.210057
569.329866,192,231.313725
652.94621,199,231.421246
748.421896,222,231.542039
498.258005,173,231.635695
665.672062,218,232.266772
691.039899,235,232.400989
762.869598,230,232.529013
648.752434,201,232.640776
596.495492,194,232.748359
745.594325,224,232.872136
714.237595,207,232.986444
568.359168,187,233.089836
808.485417,234,233.219105
776.11486,240,233.832705
686.220225,210,233.949922
815.064879,237,234.081005
306.327233,123,234.148466
606.373584,201,234.259846
596.08461,199,234.370921
636.605055,201,234.482208
642.160948,204,234.595054
559.884637,190,234.69968
723.303204,214,234.817843
737.332443,222,235.443309
547.967267,182,235.544846
680.010384,233,235.678787
713.56464,209,235.794847
725.540204,220,235.916495
635.852596,199,236.025618
751.630562,229,236.151662
656.301639,217,236.270639
647.563221,218,236.391271
583.004421,196,236.499888
777.169811,226,237.130156
614.294232,195,237.238158
642.951857,222,237.36321
734.848021,217,237.482993
579.809796,184,237.584613
732.534978,216,237.704114
687.19041,202,237.815799
763.464187,218,237.936388
575.169745,181,238.036448
733.114433,214,238.154868
781.843346,230,238.715683
705.541671,208,238.830209
784.530268,224,238.954397
873.231167,241,239.087336
683.12539,211,239.203992
621.382879,207,239.319176
760.898421,229,239.445979
551.913185,189,239.550765
624.102012,189,239.655577
639.253064,220,240.215482
770.090401,220,240.350145
644.901756,204,240.475727
743.554437,220,240.598202
651.009024,195,240.705857
817.03558,231,240.833256
702.037529,212,240.950361
530.501534,178,241.048851
750.511452,220,241.171952
470.423448,184,241.276926
569.225904,186,241.828133
811.789787,263,241.97842
745.106221,223,242.100721
734.999143,221,242.221926
864.887206,240,242.353196
624.537313,193,242.458984
583.562036,190,242.563305
715.959166,211,242.679277
481.748542,163,242.768137
662.268967,203,242.879179
750.969866,222,243.499543
734.573473,217,243.619488
701.851679,219,243.741121
656.027004,204,243.853907
559.130803,178,243.952173
663.363176,200,244.062246
706.182909,214,244.180366
628.363978,195,244.287584
677.475966,223,244.41089
629.482655,203,244.525127
554.443469,187,245.116078
697.84251,224,245.240548
770.666919,223,245.365682
659.651209,202,245.477193
698.362517,220,245.599302
763.105485,229,245.734374
646.205166,209,245.851234
615.391152,199,245.961919
745.741901,213,246.0826
671.194322,209,246.199146
703.718885,222,246.825428
782.499109,227,246.984071
720.081739,219,247.134528
662.829709,211,247.279345
729.191974,215,247.427384
781.779463,258,247.604402
796.358308,230,247.761706
707.761441,226,247.925795
671.653187,208,248.079147
566.827814,184,248.676973
736.565261,211,248.794746
725.455212,217,248.915716
767.511293,219,249.03685
671.599156,201,249.147301
575.422434,188,249.251332
641.015389,196,249.359692
659.807784,208,249.475037
687.673641,208,249.590614
590.544211,188,249.695053
393.298021,146,250.243051
170.132749,87,250.290575
706.156112,202,250.401525
764.635808,228,250.526649
773.346593,227,250.651635
884.018602,248,250.788115
779.094108,222,250.90948
801.425263,236,251.039394
733.726911,217,251.158487
652.761106,209,251.273423
805.584216,225,251.881497
606.502203,193,251.99148
718.70241,223,252.116609
807.699966,232,252.243731
529.137384,174,252.33887
643.370431,198,252.448727
645.207939,200,252.559086
694.595824,201,252.669644
783.01733,217,252.789739
746.993437,220,252.911778
637.129408,201,253.487719
454.619875,157,253.573759
642.67378,199,253.682466
717.474867,218,253.802831
811.084559,230,253.928203
760.885511,219,254.048729
791.284555,225,254.173702
622.256785,194,254.280082
742.925905,220,254.400936
767.463878,227,254.52731
776.807024,224,255.150323
666.054875,212,255.268225
665.170295,200,255.379732
716.96411,215,255.498886
957.417332,265,255.645284
871.925413,247,255.785332
612.880304,194,255.902753
629.110622,201,256.015479
587.574598,185,256.116365
725.891809,221,256.692447
690.744381,213,256.809734
887.894983,312,256.982609
730.364344,232,257.114419
795.41651,248,257.2528
774.462338,227,257.377138
714.068863,210,257.492171
715.866542,207,257.605398
752.3059,232,257.732729
