#{"env_id": "Walker2d-v2", "t_start": 1532236656.1132903}
r,l,t
-8.517674,15,0.041095
2.334375,33,0.101371
-7.38034,13,0.125491
-7.186243,14,0.151231
-5.532398,20,0.188025
2.758648,34,0.24987
1.25491,13,0.273953
1.615417,13,0.298267
-9.18632,19,0.333552
-10.043911,20,0.369662
12.143756,40,0.444523
1.069168,19,0.479729
-4.770645,9,0.496574
-1.306517,9,0.513288
-4.032864,20,0.5497
1.091329,30,0.604293
2.18736,31,0.660191
-3.947427,22,0.700076
0.965637,24,0.743363
1.595692,22,0.78351
-1.541248,14,0.808855
0.617116,35,0.872126
-3.459859,14,0.898132
-2.931034,23,0.939893
10.011881,27,0.989085
-4.043697,27,1.039617
-2.67839,10,1.057932
-2.560823,13,1.081624
1.870811,14,1.10717
-1.746081,17,1.138133
-2.074337,23,1.17976
-8.932726,23,1.221528
-4.339916,15,1.248659
7.150952,19,1.282913
-3.431131,11,1.303095
-1.651762,24,1.34643
-10.277135,20,1.382584
6.314312,46,1.465297
-1.192929,11,1.485909
-3.926029,20,1.522438
-1.402542,15,1.549995
6.049116,26,1.597189
5.008504,33,1.656869
0.042564,19,1.691596
2.281726,18,1.724599
-3.82488,12,1.74661
1.185895,22,1.787006
1.63551,20,1.824157
-2.824292,19,1.860274
5.568563,46,1.95115
-1.989046,25,1.997381
-2.048231,9,2.014068
-1.341127,10,2.032785
-2.98719,16,2.062058
-2.685236,19,2.096504
27.159266,47,2.181588
1.868863,33,2.241633
-5.553824,16,2.271089
11.808336,27,2.320389
-2.487689,26,2.367887
-4.585719,34,2.44289
0.487517,24,2.486225
-4.141607,31,2.542848
-0.801439,14,2.568259
-0.397499,19,2.603291
2.427226,23,2.645356
-4.016296,20,2.682051
-8.068492,26,2.729467
9.38017,28,2.780581
14.711226,29,2.833316
3.801119,21,2.871669
-3.751372,20,2.908022
2.382629,19,2.942407
2.815641,40,3.015504
-6.943289,24,3.059175
14.368878,34,3.121012
-6.588179,30,3.175909
-3.335116,12,3.197985
1.247655,27,3.247422
-0.787918,14,3.273004
-3.011607,23,3.315012
2.808514,18,3.348009
-3.116295,14,3.373718
-2.891345,26,3.420942
-9.808334,16,3.450167
1.607841,24,3.493421
0.35804,11,3.513478
0.478049,23,3.555362
2.992922,28,3.606552
0.070686,18,3.639544
6.370487,21,3.677775
-4.260532,25,3.723814
-4.753762,23,3.765868
-3.267046,13,11.436797
2.599309,29,11.489377
31.833221,39,11.559355
-0.111367,22,11.5994
-0.513386,11,11.619106
6.648207,35,11.682186
-0.866117,17,11.712744
2.797833,19,11.747341
3.389986,18,11.779875
-0.953283,18,11.812434
3.200865,18,11.844865
-0.651317,17,11.875605
0.115131,26,11.922522
17.005649,69,12.046416
-1.540981,24,12.089534
2.858677,33,12.148414
11.478644,24,12.191854
14.421814,30,12.24577
-1.288502,17,12.276759
-0.149548,24,12.319757
18.585972,53,12.414319
-0.698325,20,12.450356
-1.035902,15,12.47778
6.091011,18,12.510192
5.597961,29,12.562159
2.331974,18,12.594322
1.662649,30,12.647877
-2.201806,26,12.694504
-5.331044,19,12.728409
-2.022342,16,12.756923
7.438281,24,12.80014
3.205079,27,12.848178
3.469962,16,12.877052
15.281983,42,12.952118
-2.302131,13,12.975562
-18.987283,54,13.071345
2.117219,45,13.150991
-1.887933,13,13.174293
8.925765,41,13.247664
-0.646418,25,13.292284
-4.928875,9,13.308784
1.368419,25,13.353505
-6.43292,20,13.38973
-3.426783,33,13.448575
3.854636,22,13.488755
-0.675361,11,13.509281
-1.867404,24,13.552881
7.339947,36,13.618895
9.297143,34,13.680899
2.234204,13,13.704917
5.296264,21,13.743622
16.810609,38,13.813545
-5.835883,16,13.842965
5.667958,31,13.899242
-10.769295,18,13.932109
10.011984,38,14.001331
2.513692,21,14.039223
-1.582716,19,14.073565
-9.48414,18,14.106292
0.761204,14,14.132241
0.00464,38,14.200321
-1.248733,17,14.231732
9.410635,31,14.287546
9.007477,40,14.360072
3.358119,24,14.402989
2.871631,29,14.455319
-4.411576,40,14.528166
1.882309,18,14.56085
-2.915642,20,14.596537
8.978128,28,14.647015
-4.244139,24,14.690243
5.254406,27,14.739969
12.17699,28,14.79087
4.01531,34,14.853086
0.576191,22,14.893366
-3.398692,19,14.930645
3.61218,21,14.96966
-2.344646,13,14.993548
9.454685,37,15.060699
-2.409375,21,15.09913
6.45514,25,23.340364
-1.782019,17,23.389447
-2.763797,18,23.440693
4.97889,31,23.497237
-7.986339,79,23.640471
6.443759,47,23.726993
9.686977,49,23.817591
-4.381819,24,23.862575
-1.504867,25,23.907924
15.631494,39,23.979264
0.770653,22,24.019515
2.847026,19,24.055027
2.659646,19,24.09007
-0.050949,22,24.130574
15.390911,41,24.204818
21.413792,41,24.279383
6.136565,27,24.328548
-0.866564,35,24.392499
3.486881,14,24.418393
-1.918769,22,24.458622
-0.4609,18,24.494664
7.929738,44,24.576774
-0.381797,17,24.609257
1.039254,21,24.647877
10.149357,36,24.715818
-4.667418,28,24.767742
3.71651,26,24.816955
19.405552,58,24.924851
-5.250428,23,24.967248
0.516798,25,25.013007
3.823564,27,25.061923
-5.650906,21,25.100656
4.885221,29,25.153419
-0.787513,15,25.181281
-3.604829,51,25.275094
2.852668,37,25.343547
1.893968,23,25.385307
-3.275698,17,25.417187
2.019529,20,25.453433
5.139893,32,25.512583
11.651446,51,25.606582
-2.261612,29,25.660477
-1.263023,24,25.704402
0.930591,41,25.779999
3.326084,17,25.811652
5.767315,35,25.875539
0.430752,20,25.912009
8.095907,47,25.997306
9.062741,36,26.063038
6.970594,21,26.101233
-0.279037,18,26.134619
-2.676988,32,26.193104
4.020182,21,26.232046
-4.94835,38,26.301752
-0.442448,14,26.327542
-2.293444,27,26.377302
2.706335,28,26.42901
0.423255,20,26.46598
-5.714642,19,26.500663
-0.229736,15,26.528613
13.311039,34,26.589999
0.085966,12,26.612149
4.639499,25,26.657833
3.133319,19,26.692688
-6.792398,24,26.737124
-1.678399,22,26.777725
-3.168678,11,26.797889
9.855856,50,26.890297
0.753467,15,26.918487
-2.026221,20,26.955747
3.665511,25,27.001738
2.138866,21,27.040692
1.100302,12,27.063256
-0.457177,39,34.92511
17.662414,39,35.027471
21.659071,48,35.163398
31.260825,61,35.316708
-2.590608,14,35.343217
29.712433,44,35.423666
0.448806,24,35.468074
3.900874,23,35.510331
7.790611,33,35.571275
13.378045,30,35.626321
14.060918,25,35.67275
4.066553,66,35.793911
5.401916,21,35.832731
61.641106,68,35.956424
9.383783,46,36.039338
16.850819,77,36.178692
2.44919,16,36.207401
0.673056,23,36.248943
-1.036673,10,36.267378
5.567202,25,36.312939
16.877884,31,36.368934
47.251923,59,36.47432
3.829117,41,36.548628
-4.276814,22,36.588874
35.978803,53,36.684252
2.468104,22,36.723799
3.055948,24,36.767447
24.754228,35,36.833288
34.847274,60,36.943627
-6.280562,13,36.968063
-0.686674,19,37.003866
7.649114,44,37.085308
9.609252,38,37.156666
19.397727,29,37.210765
5.301583,21,37.252562
5.385456,40,37.32614
-4.221805,23,37.369287
16.357702,39,37.442674
-2.678428,22,37.483973
-0.408269,12,37.506941
-2.677849,27,37.560125
27.709396,52,37.65582
5.389243,25,37.702163
5.571054,21,37.741672
13.200739,42,37.820963
12.112221,52,37.915848
8.097272,23,37.957736
12.452546,52,38.052914
1.98118,22,38.093222
-1.113067,24,38.13722
6.214465,28,38.188336
-2.33738,13,38.212286
-3.896931,22,38.252712
1.242276,29,38.305218
35.791124,58,38.409806
17.621039,35,38.473336
20.703044,69,38.598649
-1.581855,38,38.667437
40.136037,63,38.780935
9.287874,77,46.665296
-0.19011,18,46.700174
8.324999,23,46.743589
10.69383,58,46.850039
-10.205361,56,46.956847
5.727996,27,47.009124
6.625114,26,47.055759
6.663235,54,47.151038
3.60372,70,47.276295
7.518079,41,47.349234
24.364935,60,47.454462
-4.497889,27,47.502194
20.948668,50,47.59046
17.025232,41,47.66259
34.094232,72,47.79013
10.268058,31,47.846378
12.145944,34,47.906979
22.215808,58,48.009684
11.465007,60,48.115439
11.088239,24,48.15833
10.754233,54,48.253345
63.703529,129,48.479455
5.560667,21,48.516469
3.27093,24,48.559002
11.731555,46,48.640558
16.361231,36,48.704296
2.709127,42,48.778239
-0.214745,26,48.824454
48.606842,59,48.928401
29.927076,70,49.051233
11.374727,46,49.132345
10.149773,29,49.183533
3.52272,15,49.210012
7.01255,26,49.256054
50.707517,97,49.426399
-3.01147,13,49.450065
41.122053,57,49.55147
-2.543782,14,49.576339
45.385214,105,49.763685
14.118628,29,49.815723
18.073827,36,49.880049
20.187809,38,49.947217
14.298527,43,50.022817
27.0187,73,50.152012
12.481678,42,58.03153
10.046727,65,58.152614
6.513934,28,58.204728
10.092033,49,58.293357
6.12585,74,58.425785
31.46404,39,58.495319
4.094163,72,58.627117
15.726142,38,58.695687
31.527207,77,58.833828
15.531086,45,58.917482
8.942556,35,58.981066
33.031017,53,59.076359
-0.402676,36,59.141078
32.661656,66,59.258898
14.960734,33,59.318178
38.016932,76,59.454865
26.358046,53,59.550112
9.303745,51,59.642621
84.374903,99,59.820644
1.691528,67,59.941388
11.625209,29,59.994166
2.704362,16,60.023074
4.251671,44,60.102241
1.252445,78,60.24163
35.248748,48,60.327435
-15.132705,65,60.443643
21.307146,33,60.503686
21.764655,42,60.579604
14.229489,48,60.666054
-1.417376,19,60.700644
35.082031,71,60.828623
-0.00739,15,60.856239
8.762076,32,60.915629
6.563181,40,60.987705
68.972869,113,61.190056
45.56208,67,61.310052
2.59084,48,61.396578
1.240805,13,61.420235
-1.745513,13,61.443774
20.991985,44,61.523259
11.287394,50,61.613173
3.228887,48,69.657051
-1.232741,24,69.702727
-10.478516,57,69.810528
11.706612,41,69.885363
10.536968,61,70.001187
-9.630547,76,70.151793
30.77799,43,70.229698
28.854346,121,70.448363
9.576792,55,70.556717
33.215397,45,70.647406
5.302589,30,70.709349
2.030715,56,70.825339
128.675213,113,71.055603
66.426842,103,71.26286
3.120391,22,71.305218
47.769192,53,71.408772
19.17465,32,71.46895
29.567629,53,71.569727
2.848028,42,71.650719
38.78877,110,71.849911
7.625523,28,71.900349
16.724424,32,71.958262
4.755187,16,71.98687
18.428572,38,72.054491
0.960991,40,72.125695
48.761563,63,72.237134
13.395029,67,72.356973
30.631849,62,72.467412
43.898112,58,72.5701
59.645069,74,72.702162
45.893618,79,72.842352
15.75083,41,72.916271
21.68285,44,72.994955
25.184827,41,73.068055
114.527072,200,73.425495
13.617995,83,80.943634
93.923742,83,81.089422
114.738367,80,81.229996
-1.487165,47,81.312987
20.904981,56,81.411833
70.18821,108,81.601531
17.123672,59,81.705729
213.499822,160,81.989816
161.377786,152,82.258097
10.851023,65,82.373884
19.261216,89,82.531402
11.017022,30,82.58491
4.131353,48,82.670283
14.559625,43,82.746714
78.388967,71,82.872321
48.85544,80,83.013938
23.48579,46,83.095036
26.115751,55,83.192415
29.228862,71,83.318996
-17.217434,115,83.52069
24.145242,61,83.627577
6.954902,52,83.719207
22.668831,39,83.78772
17.669682,40,83.858435
-10.234279,65,83.972356
3.664026,13,83.99504
41.05786,53,84.088131
118.685574,83,84.234264
8.440181,40,84.304798
4.520603,148,91.786692
216.947099,171,92.088092
60.631817,128,92.314104
47.439197,96,92.483461
211.603384,131,92.714804
67.811476,118,92.921977
59.023534,69,93.043318
17.39172,112,93.240876
10.494442,31,93.29531
16.235247,122,93.509758
180.69335,109,93.700536
8.762803,43,93.777013
8.111416,32,93.833913
7.332459,24,93.876476
64.929411,91,94.037161
43.731047,108,94.22691
40.30999,112,94.424581
29.852187,81,94.567477
218.299907,144,94.821242
8.732885,35,94.883257
21.35789,58,94.989358
18.488955,66,95.109126
16.516898,63,95.220519
26.699135,91,102.608247
-1.305097,56,102.718757
81.891232,125,102.945871
48.873294,89,103.106085
38.141889,68,103.227134
57.338582,120,103.43997
47.127416,81,103.594379
1.783258,18,103.631422
27.789137,39,103.712278
162.524552,98,103.88826
12.742499,37,103.953848
8.306111,106,104.147086
156.543495,254,104.601122
140.751656,152,104.881183
28.004913,71,105.007036
38.544496,49,105.09385
11.039869,22,105.132943
53.828092,85,105.290002
184.43371,178,105.605882
38.746533,71,105.731698
-2.439069,22,105.771435
42.094316,108,105.962709
9.0198,36,106.026682
42.224996,71,106.15556
191.160051,135,113.819076
154.914127,135,114.077734
83.060078,115,114.285843
146.577827,176,114.60197
107.471872,229,115.010586
39.802315,52,115.103199
0.035578,83,115.251437
257.706984,221,115.64488
37.494405,88,115.803649
6.162685,29,115.856139
46.396051,58,115.959785
34.09763,108,116.152411
200.549934,300,116.685572
237.438846,168,116.985393
15.559398,55,117.083747
244.799818,160,124.758756
163.276396,219,125.158408
161.968152,105,125.347212
37.50596,94,125.514579
77.568639,118,125.724208
11.614994,68,125.845574
283.042329,271,126.325722
49.594526,104,126.510204
1.159598,12,126.531934
224.637923,158,126.812651
66.416402,125,127.034609
81.503345,108,127.22666
23.662761,72,127.354278
246.336284,156,127.631275
99.654977,64,127.74445
64.715512,148,128.00736
270.561219,187,128.340649
183.805376,105,136.022913
139.310574,175,136.337707
4.926166,75,136.477439
380.02568,208,136.889884
36.365269,105,137.084464
31.784625,92,137.251325
242.938383,119,137.466104
144.651547,119,137.678822
70.705281,95,137.85113
118.346352,170,138.156231
343.429501,220,138.55093
56.887244,79,138.692775
199.942707,174,139.004895
56.805472,97,139.179313
10.272208,122,139.399152
29.379809,111,147.070626
194.170518,140,147.319512
1.209186,21,147.357309
19.081547,73,147.486815
84.470443,134,147.723897
162.884402,171,148.027239
55.254785,136,148.269522
54.389992,98,148.443176
13.104568,64,148.557208
-6.683972,69,148.680246
320.068777,197,149.030895
182.966031,329,149.614521
159.245926,139,149.861014
33.593311,47,149.94475
208.200317,114,150.147175
48.543918,63,150.259644
127.671236,120,150.472638
68.282859,100,150.650619
5.305747,30,150.704343
208.644753,146,158.26217
188.014106,173,158.576481
124.115107,117,158.785373
104.42899,172,159.092902
144.669887,170,159.397037
3.680225,47,159.481076
192.621536,109,159.675143
12.688491,121,159.891305
9.334604,79,160.033248
20.686789,69,160.156786
153.222752,203,160.518479
237.400659,119,160.730872
112.562012,135,160.971315
29.695332,62,161.082087
90.614446,129,161.312424
79.342109,223,169.399204
255.663376,145,169.683898
17.703754,101,169.873503
292.248894,191,170.217576
275.701275,154,170.493378
93.140353,155,170.772279
403.650264,217,171.16018
287.516061,159,171.445637
55.248002,128,171.684422
23.192682,69,171.811582
90.691417,101,171.998111
77.758172,179,172.317226
177.615285,193,172.660145
263.196122,220,173.048281
182.817754,143,180.77291
383.946478,250,181.220846
237.849136,136,181.463967
50.681205,125,181.68825
195.249718,215,182.076899
432.129255,284,182.641264
279.137969,200,183.016457
103.158893,171,183.353026
180.495603,329,183.969342
29.726309,47,184.065321
241.621612,146,184.328366
14.190416,55,192.555604
279.418603,152,192.836874
158.575902,254,193.340495
185.891652,290,193.889792
312.714134,218,194.295794
9.415915,58,194.408437
280.374833,149,194.739291
48.978897,124,194.975071
350.59668,250,195.464267
288.62411,155,195.769829
266.914652,154,196.054565
11.806191,45,196.137285
17.812441,27,196.186882
204.165259,121,196.415287
69.367996,103,204.492316
315.273865,242,204.92951
112.178307,227,205.34121
418.88875,259,205.819631
257.096926,143,206.086387
288.300178,153,206.371784
170.953507,115,206.58184
48.112244,78,206.725342
275.680089,154,207.004939
68.260786,82,207.153548
275.73536,208,207.5357
273.163248,155,207.814445
273.084296,165,215.905436
183.735117,88,216.064209
20.434489,33,216.124313
37.625533,67,216.243611
269.830194,145,216.502972
204.41279,116,216.709907
142.231859,182,217.03547
81.831184,169,217.358644
77.46343,158,217.651666
257.076252,132,217.890862
11.060409,81,218.034695
92.157404,137,218.279816
272.619939,126,218.508235
54.611513,163,218.797465
120.546334,150,219.068701
295.872053,200,219.438094
133.760871,132,227.206088
416.452227,394,227.90744
284.32896,173,228.214501
222.73303,115,228.425053
28.635198,85,228.582339
160.831268,251,229.033314
311.962275,196,229.382415
20.153747,93,229.547273
52.98535,116,229.753832
47.779885,122,229.970973
439.934685,275,230.459011
400.895942,226,238.425859
83.796489,120,238.645838
357.624879,189,238.98918
18.528698,64,239.104221
298.78173,182,239.430603
301.721417,176,239.753158
163.340949,273,240.253651
209.955929,281,240.7613
443.579487,357,241.400266
113.181748,235,241.821904
367.095077,205,249.651951
71.00439,156,249.933092
365.950562,213,250.315385
41.973282,127,250.543257
117.495413,228,250.96153
353.558853,227,251.378216
429.577163,270,251.89482
32.05274,67,252.021631
411.406066,224,252.449361
224.884167,162,252.739672
318.618146,196,253.090402
272.223538,133,260.980762
270.119882,154,261.251496
165.336018,202,261.607302
284.810479,138,261.850974
245.025318,131,262.081783
361.694108,239,262.510832
425.732723,273,262.994404
195.40839,113,263.193291
326.177637,218,263.577264
49.383875,101,263.760885
208.557107,107,263.962612
296.974077,212,264.34979
34.088837,69,264.472515
25.491817,93,271.690485
231.682709,208,272.057867
523.325859,459,272.869386
81.251209,88,273.026257
432.534451,335,273.628265
267.868535,166,273.924403
319.620969,168,274.223927
236.595518,195,274.56866
248.797188,160,274.852186
16.49419,79,274.992072
117.535741,245,282.438415
414.136224,302,282.974313
28.932957,61,283.082549
324.978696,516,283.99327
266.024355,159,284.273835
104.437143,157,284.552374
151.78794,100,284.734145
488.982476,361,285.384153
279.524618,193,285.726417
240.958351,122,293.286291
55.476105,103,293.475064
235.951043,125,293.697197
415.149951,305,294.240912
106.513861,127,294.466837
50.768637,130,294.696467
323.393004,186,295.025574
239.344319,123,295.242192
233.604637,145,295.506223
649.639599,525,296.44803
290.705418,180,296.768523
94.469685,181,304.421588
78.040809,87,304.581205
273.888025,143,304.843254
312.42593,208,305.220987
289.535739,165,305.519564
96.18951,160,305.807586
299.144476,176,306.123582
175.447575,106,306.31481
196.335404,313,306.879438
207.422787,96,307.052146
336.954965,229,307.479592
88.967064,228,307.888677
97.639977,200,315.610196
226.599141,125,315.832662
328.097943,246,316.271888
375.689372,209,316.644175
306.880887,179,316.969657
461.046347,259,317.448963
233.237439,128,317.68002
284.029587,170,317.982708
450.362258,216,318.380092
605.118334,511,326.624253
381.748953,264,327.094445
287.762419,177,327.410611
270.545595,162,327.699944
341.473382,207,328.070054
213.144176,124,328.292493
284.472317,153,328.564082
241.391985,161,328.852734
409.150337,225,329.254067
167.794808,91,329.417144
369.707002,597,337.890334
414.611296,296,338.420183
559.499851,442,339.207398
304.445937,188,339.543523
458.22289,394,340.246272
296.886422,170,340.555128
253.185051,134,340.801506
234.619193,126,341.046612
86.417348,188,348.885698
271.785478,178,349.212405
147.196778,270,349.72759
264.860146,149,349.998584
316.736692,174,350.309544
213.25843,121,350.527702
460.763945,368,351.181031
324.903096,195,351.545272
315.070688,146,351.813989
201.688508,115,352.017914
324.636283,179,359.639043
105.843652,60,359.750375
297.899104,173,360.071154
434.586685,282,360.581189
30.254835,83,360.729326
246.076411,136,360.971823
330.240815,197,361.337398
370.684668,284,361.848835
875.117961,787,363.2765
306.145031,171,370.966273
374.532681,187,371.305146
364.746146,206,371.680367
413.398799,355,372.325059
285.868194,192,372.67187
224.433664,142,372.924509
409.449756,249,373.369934
276.517418,183,373.705906
375.171805,271,374.191863
58.793067,164,381.892523
424.528112,240,382.321051
240.372405,139,382.570184
262.751441,150,382.837902
288.452284,143,383.093977
415.135488,300,383.638775
405.246895,272,384.123077
288.016807,150,384.389792
296.012456,203,384.763102
308.750682,165,385.056696
329.936631,179,385.37667
193.330909,110,393.064239
294.154631,149,393.32953
361.941064,230,393.742632
293.911497,174,394.051766
512.481735,331,394.64412
459.149677,236,395.064078
345.404669,217,395.450086
437.386609,234,395.867698
353.326834,214,396.248352
263.532912,139,396.494964
299.907622,162,403.975566
516.142857,376,404.643784
351.26056,201,405.008745
455.137463,329,405.589167
67.130553,146,405.847141
330.948861,175,406.155757
311.962379,206,406.519022
399.205936,223,406.912418
366.235612,225,407.309862
369.552571,199,414.848388
102.2906,120,415.063018
201.998389,132,415.299158
418.89512,225,415.702948
199.450968,111,415.899638
338.149467,183,416.225044
233.214627,136,416.46632
345.112949,211,416.842846
291.314411,148,417.104617
333.754558,228,417.511239
277.958661,157,417.816784
183.186103,119,418.041647
408.302947,244,425.794893
398.465723,220,426.184437
350.462503,176,426.494304
346.332648,203,426.861324
130.531604,219,427.249705
217.262855,125,427.469758
198.117985,119,427.686203
286.743844,168,427.984414
169.884341,267,428.461236
334.858664,189,428.794203
276.06324,142,429.044591
289.211991,160,436.544197
253.051039,137,436.786541
347.806458,229,437.191168
58.766305,179,437.523312
296.107192,184,437.860755
73.372942,236,438.297637
223.960257,396,439.021032
382.607493,243,439.457442
335.253397,204,439.820638
380.139921,332,447.615252
871.153357,690,448.839474
223.068487,113,449.038482
319.989976,262,449.500865
176.478175,90,449.660284
340.857826,222,450.053397
348.992289,190,450.41046
441.204612,311,450.966824
354.501375,217,458.544448
453.499168,302,459.077416
298.42692,175,459.385757
465.738546,266,459.8566
260.795197,135,460.095563
490.671596,262,460.557179
279.81787,178,460.870672
327.931002,181,461.188771
242.106682,141,461.436924
276.088757,156,461.712259
353.252288,209,469.219681
203.299065,111,469.414759
45.086076,142,469.666867
285.537956,139,469.912155
402.192436,260,470.37747
510.431732,353,471.002853
57.672054,172,471.30679
282.31142,192,471.646738
287.150686,169,471.943862
125.522273,241,472.369895
326.959119,199,479.972453
433.447286,262,480.435329
554.390605,377,481.102829
191.457121,103,481.284339
389.93178,206,481.648951
543.887389,391,482.340917
386.643453,233,482.752022
155.029907,341,483.354058
179.710667,93,490.665201
356.749718,173,490.970654
403.506211,253,491.419484
220.572395,127,491.64448
414.50921,180,491.960423
225.221938,125,492.180261
245.285728,138,492.423376
415.543331,257,492.878697
402.923839,224,493.274101
402.114115,226,493.673831
332.97652,175,493.981548
403.726532,236,501.523782
339.0962,169,501.821764
293.247392,134,502.057729
337.348206,168,502.354967
356.412248,236,502.771972
382.935157,217,503.154775
322.374705,174,503.460982
180.319601,119,503.670813
385.649802,220,504.058327
269.932348,136,504.297398
292.179421,164,504.585623
301.953036,156,504.859634
295.919179,174,512.314598
21.740573,105,512.500008
141.638473,94,512.665443
234.757343,116,512.869853
364.130841,211,513.254599
347.349183,167,513.557137
239.338106,131,513.795845
336.680167,225,514.199018
291.07197,132,514.444726
275.833829,155,514.729386
-3.335207,9,514.746628
360.478433,195,515.107436
439.286209,260,515.599815
280.903915,180,523.236042
263.799817,167,523.548644
285.391933,155,523.825677
425.648802,257,524.279826
332.946812,201,524.634422
307.677092,159,524.915388
289.750907,191,525.252086
296.517626,179,525.567945
52.60014,160,525.851858
318.38646,181,526.171569
420.809974,309,526.715953
434.612158,222,534.252142
413.760139,264,534.717795
312.983123,164,535.006866
208.008932,130,535.23473
354.896915,163,535.520652
299.402874,192,535.861241
278.683321,139,536.107249
564.795038,335,536.698821
398.832454,228,537.101766
317.072096,184,537.425445
124.933118,83,537.570801
188.684642,238,545.132377
251.391736,118,545.340222
612.617546,579,546.362782
240.776327,116,546.566217
306.399456,193,546.906947
250.704739,143,547.159119
312.831146,158,547.437076
307.948815,183,547.759518
319.184796,205,548.121769
237.70227,140,555.540919
245.101471,183,555.865557
310.122677,150,556.131829
302.334491,160,556.415253
332.007339,174,556.724138
279.245964,145,556.981294
109.976594,222,557.373143
206.625533,129,557.599585
430.64705,313,558.153013
327.314124,151,558.41877
439.077018,290,558.931148
285.664312,167,566.421532
290.389178,142,566.673851
330.033184,196,567.029721
375.427535,204,567.392127
412.842518,269,567.880582
198.990932,106,568.06955
305.686561,179,568.387763
273.13471,136,568.629381
332.179438,185,568.967169
368.565136,240,569.398635
537.854645,352,577.198201
350.652771,209,577.587691
279.002778,186,577.920101
448.396427,254,578.371939
432.475911,282,578.877611
97.114024,187,579.209847
248.775675,130,579.449426
320.034284,168,579.761081
370.633257,197,580.117013
295.524738,198,580.472398
516.754785,236,588.359088
376.633361,200,588.732784
249.777458,154,589.013352
336.425862,203,589.389468
289.363893,170,589.692599
383.958579,205,590.059407
43.146794,136,590.302391
624.580434,399,591.055124
285.795411,155,591.328358
589.810119,388,592.016252
338.245862,166,599.497516
323.644144,205,599.862942
206.889682,108,600.054628
348.003095,187,600.387536
313.148628,181,600.7096
399.688508,266,601.182833
287.329115,174,601.49053
260.527688,167,601.78592
264.834662,140,602.033881
141.517955,98,602.207262
327.6721,154,602.480324
336.049096,174,602.789569
290.013539,140,610.196815
430.618114,278,610.690084
372.235145,242,611.119097
195.745912,307,611.665279
365.337546,189,611.999662
214.740359,126,612.221318
373.986703,212,612.596549
513.288163,695,621.111057
319.810803,142,621.363567
313.754094,177,621.677432
247.081188,147,621.937891
338.602901,142,622.188509
8.772016,21,622.225903
316.144222,151,622.494194
360.307854,211,622.870382
347.33937,193,623.215616
372.924341,205,623.579232
262.275978,143,623.83276
256.632719,232,624.243435
301.658242,143,624.496354
338.56452,196,632.004946
396.307166,198,632.353645
412.262412,229,632.756109
404.138785,246,633.190786
344.960108,176,633.501485
320.242902,211,633.874074
336.233614,191,634.209648
252.42041,119,634.418833
337.861175,177,634.730185
575.776322,484,642.733602
310.789577,184,643.05752
297.398032,171,643.358867
290.001958,163,643.645669
121.544991,290,644.157184
346.081265,249,644.595632
321.515193,184,644.920526
188.882894,116,645.124463
331.269697,173,645.4288
37.15934,170,645.728871
318.684221,160,646.011166
130.350571,228,653.615163
406.624768,199,653.981135
310.14815,167,654.276214
224.95901,128,654.501761
383.88739,208,654.870193
274.763064,167,655.175703
301.148799,151,655.441444
366.266867,204,655.803712
427.687947,257,656.259381
398.223554,185,656.584769
271.123831,133,656.819899
444.415828,289,664.592937
385.960687,246,665.048764
469.963507,316,665.607576
355.900026,205,665.969287
343.498591,197,666.318614
324.508399,191,666.654923
355.734032,222,667.059629
331.137357,154,667.334798
367.496133,221,667.763836
326.096546,192,676.261273
398.383074,256,676.741041
280.559534,165,677.076121
282.981311,148,677.349952
313.475884,164,677.671297
295.661386,142,677.959169
319.062593,160,678.272406
241.384642,142,678.543723
324.701547,180,678.910415
317.317899,165,679.24798
470.246641,261,679.790197
424.808382,241,687.515066
328.517794,201,687.872096
154.323042,338,688.478833
224.00187,131,688.712877
394.110397,198,689.06952
354.693138,161,689.357921
326.058355,189,689.697775
316.204191,179,690.020771
386.404423,183,690.3478
187.556092,88,690.504579
331.056752,177,690.822021
218.47311,101,691.002568
271.567586,130,699.48673
283.521329,179,699.860631
364.407287,182,700.217238
401.255629,215,700.643696
162.460298,126,700.896329
431.270074,300,701.511309
379.522512,256,702.035784
353.922129,179,702.401258
308.953072,167,702.742445
2.839381,22,702.793742
496.383487,253,703.356981
383.553246,159,711.946686
360.455036,179,712.27364
294.470222,137,712.533995
23.032585,171,712.851194
331.464354,199,713.232963
96.683202,192,713.63155
478.694832,244,714.134201
364.856957,197,714.550145
288.661288,159,714.879103
443.287996,245,715.382069
377.415311,210,715.807824
284.496861,156,724.434646
375.012475,185,724.824167
236.001327,111,725.032969
319.482846,146,725.303507
191.068861,120,725.523946
381.664042,208,725.918052
325.492512,178,726.2551
274.020638,145,726.52763
278.508621,155,726.823946
282.345326,135,727.088704
265.317661,129,727.330952
220.399672,107,727.525075
367.143731,199,727.893644
252.399445,138,736.219638
306.675614,177,736.556428
285.615763,151,736.851
299.27396,167,737.176598
399.89217,223,737.586749
346.58974,153,737.872724
375.547672,188,738.217735
222.224095,128,738.457342
319.148329,166,738.765594
297.816784,152,739.04841
282.901264,146,739.317517
452.603824,277,739.840942
413.299654,200,748.595187
327.099738,154,748.891207
351.756338,199,749.268733
411.180363,235,749.714851
347.149366,230,750.160021
308.973748,179,750.507133
428.755903,178,750.845159
408.853059,233,751.293339
444.106987,259,751.79643
171.145966,299,760.468565
469.327353,228,760.903944
249.507424,119,761.123873
331.696031,166,761.434915
387.818162,191,761.798812
379.80592,220,762.23984
314.738799,157,762.553592
500.878871,327,763.238696
289.629684,156,763.538837
346.242756,198,763.907146
451.350244,270,772.447023
342.608304,164,772.759032
332.642086,191,773.107448
335.21889,216,773.502958
349.149927,179,773.828701
402.203563,188,774.180186
289.061896,142,774.438364
333.506912,183,774.768044
274.030481,148,775.03366
420.141764,230,775.464074
488.153258,260,775.957363
315.895257,166,784.362072
356.655842,196,784.737359
387.75499,196,785.110291
304.536844,161,785.41788
367.600936,199,785.795458
428.028413,193,786.155443
308.488613,165,786.453718
538.233099,336,787.068616
431.892706,223,787.473185
318.629137,158,787.758512
380.692827,205,796.034832
456.91199,251,796.502686
449.616401,213,796.893147
262.084553,155,797.176072
364.948216,189,797.521306
328.921942,165,797.825634
374.824443,203,798.197006
405.733297,285,798.720347
327.177377,159,799.010999
474.14421,281,799.529476
265.218032,149,807.459325
407.67349,193,807.810643
394.737548,179,808.134342
341.876227,189,808.477135
439.840453,235,808.905889
317.027323,172,809.218708
389.900221,217,809.613223
282.219041,145,809.874197
366.766384,214,810.26377
376.424417,197,810.621148
413.275284,238,811.051602
409.642082,262,820.178707
360.808955,199,820.551064
347.316253,201,820.935106
422.26466,212,821.329843
319.633761,159,821.619242
409.050429,242,822.062201
311.985074,170,822.374139
506.170654,313,822.941412
484.631372,250,823.410671
436.278047,234,831.329169
364.280002,211,831.723338
320.578681,177,832.051438
346.339388,166,832.359756
312.82094,209,832.74903
390.852919,241,833.19959
278.151689,145,833.501748
413.877533,252,833.98811
415.528871,250,834.454477
304.79886,175,834.781838
444.931766,232,842.417143
365.214598,186,842.749799
424.873146,256,843.21878
390.234539,210,843.596515
440.358619,258,844.067036
447.466348,252,844.534028
413.181662,223,844.940589
318.058423,186,845.28622
411.577012,215,845.678881
457.01208,253,853.348571
346.824496,177,853.672404
384.14919,202,854.062674
461.00784,222,854.467266
245.051719,128,854.698079
386.156985,187,855.033731
321.193238,178,855.353854
249.190839,125,855.57577
374.581312,190,855.917273
439.946863,220,856.334009
245.109541,115,856.554454
374.097967,200,865.26861
206.957569,122,865.495903
383.523185,252,865.97895
444.423254,303,866.546983
433.080694,201,866.919153
459.373771,215,867.318363
312.139197,165,867.623003
424.568666,182,867.959354
350.87675,193,868.319203
421.066053,225,868.758365
440.662158,242,877.364313
323.570508,187,877.708086
309.895363,180,878.037024
367.987882,200,878.405032
339.178394,158,878.694139
370.387091,187,879.035542
439.289414,284,879.555869
364.811827,178,879.878805
390.459179,198,880.237047
448.609414,235,880.664567
458.920352,241,888.858169
326.367757,195,889.209529
225.518687,115,889.419588
338.243463,165,889.746952
418.569922,209,890.170646
362.636533,175,890.515364
356.053472,187,890.877032
244.324211,128,891.125656
284.399072,136,891.394901
267.137127,149,891.682235
256.865532,131,891.936234
451.946915,213,892.342474
370.993297,239,901.139281
441.241505,212,901.533492
251.365178,122,901.769884
403.048213,173,902.087531
288.047391,141,902.353511
311.506316,187,902.701789
315.750474,152,902.972128
276.872796,153,903.24925
271.567514,134,903.49491
325.047391,179,903.815021
316.481339,160,904.100667
544.998958,235,904.521659
459.504652,207,912.993131
401.405816,217,913.409925
377.404828,241,913.896342
413.896304,202,914.298244
380.585374,173,914.656971
295.282429,143,914.930912
344.870414,168,915.252907
215.704556,97,915.434352
296.75584,153,915.771368
207.370726,117,916.017031
377.021202,175,916.353653
484.136485,300,925.264636
392.420045,194,925.637873
378.40586,217,926.072036
380.373328,177,926.408684
389.165724,193,926.761201
360.551715,170,927.072227
420.326953,205,927.447981
376.816468,176,927.770396
403.105703,243,928.219068
413.728834,210,928.615312
338.995073,162,928.915428
457.197922,242,938.169479
341.256654,201,938.536325
292.662969,151,938.829378
259.380696,140,939.089927
266.99462,125,939.321149
364.151048,206,939.715602
441.154722,256,940.204478
394.48335,169,940.536836
327.742331,164,940.855279
371.348919,208,941.270103
410.116916,190,941.623325
420.477831,240,950.277544
356.056851,164,950.58904
310.287378,151,950.876206
376.810667,197,951.246478
437.114836,216,951.65424
29.838819,150,951.968011
406.422833,181,952.336564
405.041325,204,952.724292
266.824715,150,953.006522
436.778324,188,953.36215
399.717632,209,953.759385
370.550684,197,962.326373
349.601889,160,962.613283
396.037788,195,962.96506
339.071173,200,963.378766
315.55084,146,963.666666
567.387564,341,964.345388
442.701945,212,964.77737
392.817022,247,965.261624
328.452899,202,965.650412
450.769112,216,974.159928
412.29807,198,974.514743
326.434053,158,974.796642
256.941198,120,975.011145
363.673877,189,975.349195
206.378824,102,975.531314
302.398246,144,975.791656
396.917189,197,976.151994
416.844683,241,976.609859
455.295326,289,977.129995
321.555616,155,977.406942
324.633085,149,977.672836
392.893813,199,986.256874
335.041736,155,986.55468
340.100286,162,986.875898
399.303143,196,987.245584
433.224378,269,987.777831
314.200516,183,988.134877
279.596415,129,988.388255
301.32538,147,988.679163
407.130411,218,989.1138
396.723938,216,989.530262
317.250475,143,989.802123
309.097686,157,998.08113
357.083536,178,998.422478
376.921676,177,998.760934
383.257307,185,999.115484
432.786956,234,999.568324
531.210654,282,1000.13226
447.110352,194,1000.528862
410.596254,199,1000.917571
414.172087,229,1001.357797
324.107871,166,1001.673741
243.838633,112,1001.891246
304.365115,151,1009.879702
284.93377,132,1010.122238
385.570759,182,1010.4618
449.237442,272,1010.975444
460.301405,201,1011.35788
438.72066,202,1011.746066
414.450754,194,1012.1196
335.363201,158,1012.414639
402.160015,202,1012.803337
401.161685,185,1013.166269
314.803555,180,1013.504946
426.225625,194,1022.043497
462.093657,358,1022.682814
304.701934,149,1022.947138
403.578855,204,1023.314903
391.834292,191,1023.659323
354.689784,163,1023.956234
457.422562,228,1024.361955
382.86215,225,1024.762498
377.306962,196,1025.112983
433.026805,205,1032.850754
30.278419,173,1033.16266
607.895721,506,1034.158391
372.497326,194,1034.516496
357.921022,167,1034.826902
429.283085,278,1035.328128
377.456945,193,1035.675595
432.254362,200,1036.031939
417.102293,203,1036.3961
374.333446,174,1044.295204
322.048708,171,1044.647969
435.409853,198,1045.045003
406.027379,197,1045.428152
503.391256,253,1045.900715
385.507754,201,1046.30476
377.27478,185,1046.664168
363.458276,199,1047.04827
414.675497,218,1047.467282
377.626191,191,1047.835438
387.972033,182,1056.037421
377.493195,187,1056.371662
503.142731,244,1056.808701
315.667668,155,1057.084922
432.680962,218,1057.473619
299.583418,154,1057.749063
444.544947,215,1058.162843
343.205102,153,1058.436246
182.20896,325,1059.021796
279.075393,122,1059.239254
322.405681,154,1059.511774
403.193434,167,1067.168048
383.504647,177,1067.486087
375.981944,187,1067.827313
514.497876,299,1068.365818
433.954787,205,1068.746219
375.047126,178,1069.081627
359.113286,157,1069.378678
497.121141,215,1069.766322
342.85242,147,1070.046135
439.562631,212,1070.446726
362.860928,196,1070.797027
415.55095,184,1079.117554
288.353984,162,1079.462234
273.87994,131,1079.736561
337.883237,163,1080.044271
245.153446,142,1080.32451
380.696132,183,1080.667376
466.745813,241,1081.110182
387.103969,179,1081.432127
400.040991,218,1081.844019
386.819386,178,1082.196929
434.196102,175,1082.550037
331.77097,151,1090.697801
500.345653,225,1091.185376
363.095439,186,1091.61196
337.804208,166,1092.002163
420.791653,201,1092.482423
310.185083,159,1092.85657
319.106915,159,1093.218059
283.067369,134,1093.523858
289.268605,132,1093.875477
321.707823,173,1094.294276
379.176246,176,1094.729719
338.786678,166,1095.130752
347.963331,187,1103.338378
467.328337,213,1103.72884
377.536287,168,1104.026474
492.220169,210,1104.397937
565.642022,236,1104.834041
481.208672,217,1105.251703
337.020788,168,1105.55848
376.796653,183,1105.883378
468.804828,270,1106.36394
413.434376,180,1106.683159
389.26702,163,1114.779511
406.213069,175,1115.159946
370.322596,185,1115.538677
363.559557,153,1115.832426
316.139744,155,1116.140669
498.420772,208,1116.566507
454.396106,254,1117.117034
323.356799,144,1117.430196
328.577492,145,1117.69785
379.840811,181,1118.025344
439.338573,205,1118.390162
421.275258,177,1118.710473
401.930241,189,1126.673923
532.538982,418,1127.503301
410.799272,206,1127.918834
457.415048,196,1128.27507
528.534828,328,1128.87715
419.560217,202,1129.262888
392.388569,209,1129.66928
396.782988,187,1130.001676
424.426463,201,1138.162757
471.624702,245,1138.605526
375.809565,160,1138.896226
515.80836,203,1139.266953
392.292065,204,1139.631959
379.788548,181,1139.966477
340.579151,148,1140.235335
379.601828,225,1140.646989
287.429982,144,1140.906361
475.893956,222,1141.316714
378.114754,161,1141.612143
451.859925,198,1149.493185
383.38962,150,1149.75824
395.860515,171,1150.060943
433.119962,239,1150.488161
350.542398,163,1150.78355
395.93354,177,1151.109267
583.311782,310,1151.660471
387.973126,176,1151.975438
383.487636,170,1152.278617
315.325809,177,1152.596005
486.075916,248,1160.310539
435.05325,182,1160.634533
387.168339,185,1160.967221
316.294429,143,1161.222045
444.325377,246,1161.662001
443.511952,190,1161.999787
507.635363,228,1162.405757
385.920317,190,1162.745978
345.898039,156,1163.022336
490.372091,182,1163.343826
451.684605,202,1163.702321
375.894257,172,1171.7778
65.247592,345,1172.463165
396.170884,165,1172.801257
356.000762,179,1173.16356
522.394459,269,1173.66349
348.917602,161,1173.953521
406.515342,167,1174.254422
380.052779,147,1174.52142
296.062072,134,1174.759243
327.95732,158,1175.040711
415.750582,195,1175.392598
427.369553,178,1183.6521
175.213753,94,1183.840095
534.302033,261,1184.337689
395.179606,194,1184.716688
365.598863,149,1184.994113
334.489413,157,1185.289965
467.636714,212,1185.68888
418.113423,181,1186.044426
442.575402,195,1186.424392
529.144522,234,1186.892731
369.356431,163,1187.197625
389.28281,186,1196.127074
414.279805,195,1196.534176
417.075268,240,1197.028867
365.649971,160,1197.352439
487.759639,211,1197.839971
389.844749,169,1198.233195
442.417907,200,1198.639067
324.630323,140,1198.923414
326.119827,159,1199.243506
417.881268,185,1199.618378
445.307512,235,1200.099669
378.293996,167,1208.746891
480.434956,215,1209.168062
495.565285,215,1209.591735
380.339895,163,1209.907612
400.994397,169,1210.234082
464.888644,219,1210.671333
463.611984,233,1211.144992
294.901344,131,1211.40875
411.246822,180,1211.768555
412.912687,206,1212.172123
410.060391,183,1212.537154
492.277595,264,1221.216279
324.54381,136,1221.487108
433.919419,207,1221.901461
374.1158,171,1222.238771
351.014114,156,1222.55149
423.395298,209,1222.964725
371.115662,165,1223.289237
438.661205,187,1223.678882
332.076949,143,1223.978243
430.669391,191,1224.356069
299.512194,157,1224.667445
376.556003,177,1233.246407
375.626101,171,1233.601683
417.675333,181,1233.962883
474.47823,226,1234.409576
317.106182,166,1234.749601
331.717563,145,1235.056993
375.263677,175,1235.409003
440.010894,207,1235.824626
465.853898,198,1236.215523
395.194248,169,1236.554464
683.830028,344,1237.254609
384.09029,154,1245.83057
391.953074,156,1246.142009
371.179572,159,1246.456299
398.121531,183,1246.819337
481.640478,235,1247.28721
449.824066,197,1247.678222
477.76234,199,1248.068394
559.346468,245,1248.586869
464.225372,207,1249.002167
349.077914,149,1249.296346
479.302497,226,1258.418747
395.535489,169,1258.764149
445.479999,178,1259.128968
314.113108,184,1259.500778
396.854689,188,1259.886202
473.934396,292,1260.549448
418.048145,163,1260.882864
404.003214,174,1261.238883
424.707044,239,1261.780416
363.218528,162,1262.152064
373.759004,181,1262.529485
249.455575,117,1271.580752
463.256004,218,1272.043035
382.353154,205,1272.453786
475.122332,259,1272.999126
455.688834,266,1273.590586
464.104777,226,1274.088388
444.313326,188,1274.475854
460.69009,199,1274.902001
450.922558,196,1275.314452
434.037693,181,1275.719024
372.953954,161,1284.528968
318.687687,176,1284.88067
298.252755,137,1285.154697
396.883774,170,1285.493192
201.244452,103,1285.692582
410.202408,238,1286.159347
301.833302,168,1286.484737
449.157732,179,1286.83211
500.162933,199,1287.237189
427.995088,182,1287.606391
367.429891,180,1287.960305
422.973515,194,1288.337058
440.775032,206,1297.531747
439.930307,193,1297.952062
428.83766,191,1298.390799
331.422086,155,1298.749033
464.482885,232,1299.265516
429.860441,185,1299.651231
380.153927,162,1299.980412
230.249212,110,1300.204817
526.502408,251,1300.719181
383.495125,173,1301.075243
418.486965,202,1301.524269
434.365054,209,1310.569132
385.07662,176,1310.984093
306.420476,133,1311.268637
434.99069,202,1311.679418
278.955868,131,1311.948567
450.784756,174,1312.305583
329.901292,146,1312.606593
479.818712,202,1313.070046
389.622856,163,1313.491934
375.217193,164,1313.834481
499.23826,207,1314.251842
568.371224,222,1322.803384
349.251727,181,1323.156181
445.086949,217,1323.57847
528.426531,252,1324.070946
396.388081,188,1324.441977
423.854937,201,1324.841458
428.625286,220,1325.27278
398.159183,175,1325.611678
389.613349,164,1325.926493
324.350216,142,1326.201904
632.929744,291,1334.294737
479.762863,226,1334.734042
482.876318,205,1335.135554
417.347138,204,1335.535898
469.73569,244,1336.019838
434.687358,220,1336.45352
328.67947,178,1336.822828
532.313034,316,1337.463241
542.930145,229,1337.910151
552.284389,234,1346.56671
437.591203,198,1346.953234
435.48742,188,1347.314751
408.509414,175,1347.653162
379.968502,180,1348.001687
403.550881,207,1348.404852
459.970306,196,1348.782704
631.960071,330,1349.421249
421.814776,215,1349.838279
452.490325,199,1350.221917
275.091382,125,1358.599849
465.825757,200,1358.994041
406.132747,188,1359.372749
435.291727,173,1359.718541
351.632775,153,1360.012719
481.098552,203,1360.402719
390.877725,212,1360.808452
412.900982,203,1361.200006
482.959882,257,1361.695456
339.514309,145,1361.9733
469.807654,220,1362.399405
516.135696,248,1371.169646
465.676917,255,1371.746236
459.646357,233,1372.247224
405.659242,183,1372.628922
340.00711,146,1372.935657
409.652497,185,1373.329805
392.819964,177,1373.698315
513.338569,249,1374.22161
380.353718,183,1374.600736
316.478715,145,1374.89873
444.129483,185,1383.530003
346.421587,136,1383.803002
375.80413,165,1384.13764
496.492715,201,1384.546989
403.142367,184,1384.922294
431.731383,175,1385.285806
509.99296,217,1385.731732
476.832774,214,1386.169628
440.056206,184,1386.546674
409.416551,185,1386.92412
562.068538,230,1387.405573
477.905132,206,1396.001251
493.473798,200,1396.409276
481.184824,213,1396.90765
388.504908,155,1397.217548
625.73545,294,1397.888503
224.826146,450,1398.851545
414.801119,176,1399.199206
470.769268,218,1399.628433
372.911941,187,1399.999828
459.688047,212,1409.2009
334.223216,159,1409.533369
377.634094,188,1409.943511
404.173747,206,1410.385348
426.90047,178,1410.761609
586.676986,317,1411.422472
339.422929,185,1411.803585
502.292094,257,1412.338356
389.0047,171,1412.729054
402.471621,173,1413.09604
325.697619,155,1421.838288
638.874419,340,1422.533327
411.952903,175,1422.882407
500.473604,195,1423.270577
479.37525,220,1423.712325
447.901587,196,1424.099412
448.208775,208,1424.521906
571.335439,270,1425.081664
436.439272,184,1425.45464
485.109107,235,1434.156512
355.249835,164,1434.48174
425.270842,185,1434.854507
534.614628,237,1435.32553
458.589081,189,1435.70276
447.872337,209,1436.110324
522.748855,231,1436.558905
475.489121,192,1436.930854
397.077067,189,1437.299951
564.852476,223,1437.733203
472.02691,241,1446.591876
513.556262,294,1447.185444
483.944909,196,1447.578442
422.276441,208,1447.99882
401.085204,168,1448.349172
425.544518,173,1448.703166
423.155149,174,1449.053448
478.727415,218,1449.493598
579.724308,311,1450.118595
412.383463,182,1450.473793
466.917855,213,1459.055068
457.233087,225,1459.532849
351.3909,165,1459.857589
426.153025,205,1460.271511
562.992662,314,1460.894518
499.666966,235,1461.350899
474.436588,189,1461.720585
555.703262,260,1462.236484
526.576294,226,1462.686655
582.077428,287,1471.46251
356.033305,175,1471.811556
463.978213,187,1472.181981
573.085884,250,1472.679421
349.739944,154,1472.984569
387.031044,180,1473.346722
453.287478,199,1473.742276
409.56647,169,1474.079208
455.590623,201,1474.483565
631.180858,439,1483.724426
449.237843,188,1484.091473
279.827602,121,1484.32378
541.310179,208,1484.72426
510.90941,206,1485.122168
465.061275,192,1485.495472
427.751056,177,1485.836396
416.998539,192,1486.214386
394.502757,167,1486.537049
460.540496,198,1486.921989
432.016585,201,1487.351869
556.739204,264,1495.617657
436.398999,209,1496.035825
522.856381,277,1496.575395
363.673768,164,1496.893204
428.687175,230,1497.345891
391.45226,167,1497.674494
453.909811,215,1498.094099
502.102448,210,1498.502352
468.533375,219,1498.927333
513.915723,251,1507.54571
502.180114,223,1508.022978
243.069229,110,1508.24364
210.397406,96,1508.435042
486.386437,220,1508.868725
505.129672,240,1509.341701
458.892538,188,1509.713647
355.799778,170,1510.090958
458.73839,244,1510.576098
437.807549,192,1510.966275
503.99482,256,1519.601439
405.665318,175,1519.961587
381.744668,161,1520.278987
580.465563,218,1520.700514
354.53619,164,1521.018971
527.852499,217,1521.446121
482.418213,195,1521.844552
391.303891,174,1522.186545
406.342685,190,1522.556808
392.121068,175,1522.897138
464.794898,200,1523.283592
566.309103,232,1531.904495
697.293569,475,1532.862649
433.975669,179,1533.207215
599.430434,218,1533.642952
273.380026,124,1533.896374
423.204114,198,1534.29424
505.911117,207,1534.712639
364.28561,171,1535.060024
461.873062,194,1535.45785
726.85247,430,1544.467965
434.722932,221,1544.917263
446.089837,180,1545.282845
473.872132,212,1545.720402
431.116395,189,1546.095863
443.261633,186,1546.479467
430.940316,187,1546.864825
488.573376,214,1547.299848
379.546035,184,1547.660666
452.458838,211,1548.085631
376.538954,176,1556.522978
490.61397,193,1556.90366
356.190741,175,1557.250468
552.489942,214,1557.678642
321.771508,147,1557.968581
455.224019,184,1558.33304
404.701464,186,1558.70683
349.027724,164,1559.039246
480.898253,211,1559.46037
420.518459,209,1559.873245
542.333021,232,1560.331434
428.492757,176,1568.907052
545.868676,221,1569.34137
418.690875,183,1569.702155
451.624237,201,1570.102966
495.751587,210,1570.52162
158.497203,84,1570.681745
396.564121,172,1571.05602
517.903514,231,1571.467763
506.722563,212,1571.846772
472.105773,221,1572.255811
387.80165,183,1580.311414
355.757314,165,1580.6394
440.665411,178,1580.981354
487.116362,193,1581.354149
488.49334,202,1581.748716
628.833665,306,1582.347658
283.106494,133,1582.606816
349.628443,154,1582.90894
459.787574,203,1583.304717
507.155148,295,1583.884362
441.978815,203,1592.531416
394.189546,192,1592.916958
490.764436,218,1593.341896
394.164961,177,1593.691528
573.192565,264,1594.202731
387.676072,160,1594.512506
511.412589,284,1595.064655
415.753075,175,1595.402954
440.065593,177,1595.749952
457.524984,192,1596.11886
493.956868,206,1604.829064
465.325848,191,1605.203435
478.783919,206,1605.611802
285.509021,162,1605.936662
403.199046,154,1606.247427
444.50449,183,1606.615752
532.743975,207,1607.037363
369.157723,171,1607.383871
484.312919,217,1607.816298
431.707691,188,1608.182637
447.557008,187,1608.546632
622.889681,245,1617.294974
649.116836,229,1617.753877
437.820928,196,1618.145666
456.990688,190,1618.52829
403.840477,173,1618.871116
445.170494,211,1619.287928
466.672191,214,1619.714058
432.962878,176,1620.063068
298.991746,139,1620.337262
388.337127,175,1620.68412
458.275011,181,1621.068558
466.051765,204,1630.081707
471.596575,194,1630.474686
535.537022,245,1630.971711
557.990441,214,1631.392931
551.091288,229,1631.839581
661.077027,242,1632.311529
563.196765,236,1632.771358
478.653106,198,1633.15713
511.523643,222,1633.600414
460.025054,183,1642.159484
684.686498,279,1642.70701
423.967817,194,1643.090132
451.27446,166,1643.414822
484.014968,206,1643.820268
533.31751,215,1644.240687
420.907866,212,1644.652911
562.268805,214,1645.071449
494.159209,220,1645.502739
534.501379,205,1645.899323
341.694784,146,1654.443268
421.384661,180,1654.817261
452.568108,194,1655.223835
440.045183,189,1655.614734
338.030925,160,1655.94388
449.763459,196,1656.337443
322.230856,137,1656.603867
506.724144,234,1657.064418
509.185521,229,1657.510983
448.338018,182,1657.869283
482.613383,221,1658.319455
513.223206,227,1666.982244
555.69638,237,1667.445983
578.457311,221,1667.876733
340.893732,144,1668.155184
542.748295,211,1668.567653
498.445378,183,1668.925348
498.164442,202,1669.320583
398.728015,163,1669.63901
369.483278,153,1669.940352
443.734474,187,1670.303422
424.317664,183,1670.662385
596.253655,256,1679.312098
458.692018,201,1679.712917
517.447447,190,1680.081295
388.178398,163,1680.396969
550.236662,221,1680.827909
513.954761,214,1681.245475
445.456642,190,1681.612999
530.683276,193,1681.985962
431.701416,181,1682.337356
495.628747,186,1682.699577
294.932615,156,1691.262704
423.253666,181,1691.659151
427.895937,175,1692.013277
507.497201,192,1692.401982
464.209662,186,1692.781619
432.290569,186,1693.158373
332.004978,143,1693.446757
450.077243,197,1693.851158
613.895424,213,1694.399284
404.06844,179,1694.758151
723.452878,284,1695.327126
535.130712,200,1703.639068
669.110167,251,1704.151525
444.282744,192,1704.538511
463.909087,189,1704.919927
495.18257,216,1705.362121
479.008372,205,1705.784039
721.791201,265,1706.32052
395.953038,172,1706.682826
416.170625,176,1707.037823
488.667298,191,1707.416287
485.646182,204,1716.176448
500.036567,258,1716.700553
592.685957,226,1717.157151
538.251501,210,1717.582862
511.936823,224,1718.035563
506.856019,204,1718.45288
320.431607,143,1718.741071
711.653992,235,1719.222419
490.385174,188,1719.605096
394.099193,165,1719.940504
541.823869,200,1728.391106
767.872121,288,1729.022043
541.07998,223,1729.462017
485.890142,238,1729.934497
468.492065,173,1730.283299
506.346334,193,1730.665834
489.28716,200,1731.061579
485.262124,192,1731.445771
452.732995,180,1731.803949
450.049651,186,1740.658369
428.029121,177,1741.010303
466.236726,202,1741.407525
721.250216,249,1741.884758
692.578865,239,1742.343897
600.622566,215,1742.757129
438.016808,182,1743.109616
315.199928,140,1743.38035
409.901,178,1743.728239
475.610708,202,1744.118583
364.110894,149,1744.40583
499.801116,212,1753.307508
472.118013,207,1753.715508
613.03969,243,1754.192468
350.099572,156,1754.496856
437.235792,186,1754.857216
377.969707,173,1755.194926
375.258649,146,1755.477593
232.328165,109,1755.688133
414.71625,164,1756.011667
536.079295,240,1756.50402
517.324908,225,1756.958342
433.988228,210,1765.490606
448.117704,193,1765.872824
330.28089,147,1766.164363
462.142117,193,1766.541762
585.312356,218,1766.981121
315.368368,166,1767.30439
412.775752,187,1767.676618
670.006278,224,1768.113563
406.244622,170,1768.44201
445.289527,223,1768.876589
712.744978,252,1777.385608
503.841323,202,1777.774401
467.539667,194,1778.149698
313.153583,138,1778.415552
583.835138,234,1778.878955
343.726307,172,1779.21602
560.781944,209,1779.619804
656.12716,234,1780.07507
613.494123,220,1780.502676
405.792929,171,1780.833057
681.194556,242,1789.494799
339.732555,162,1789.815581
527.426585,243,1790.32147
513.091047,188,1790.699355
469.253037,190,1791.081456
663.378142,238,1791.557545
648.588057,246,1792.048811
489.120248,195,1792.44272
538.170776,218,1792.878479
846.599171,287,1793.472859
681.654093,261,1802.134512
813.730147,338,1802.81319
499.962747,223,1803.255141
738.003271,243,1803.748317
717.038071,272,1804.285501
410.083629,176,1804.633303
267.977668,133,1804.896055
440.699442,194,1805.279531
523.708175,211,1805.705581
678.611008,310,1814.530701
606.188413,216,1814.948492
589.001352,207,1815.346817
651.623349,236,1815.804952
424.738863,176,1816.145621
653.809853,235,1816.600288
666.228644,222,1817.030227
478.914823,207,1817.433039
650.12413,230,1817.879809
625.496707,217,1826.523675
526.01739,211,1826.951362
834.275493,285,1827.583691
448.797381,182,1827.971306
581.056178,237,1828.453839
304.458455,131,1828.714673
336.580454,161,1829.038121
544.210637,229,1829.499458
516.334898,182,1829.864246
277.926523,122,1830.10522
105.507647,231,1838.834383
488.856308,190,1839.244201
723.099577,232,1839.71451
746.679308,240,1840.200961
471.620649,190,1840.586291
493.642088,208,1841.008183
514.786177,207,1841.414666
722.416271,257,1841.92648
1082.557927,406,1842.757016
612.338818,230,1851.424617
445.674641,178,1851.785987
624.635264,239,1852.265914
417.270369,184,1852.636197
746.489906,253,1853.133631
498.794841,214,1853.548416
545.624412,225,1853.980376
540.053056,199,1854.363793
159.07266,265,1854.883584
719.444805,251,1863.489006
554.421043,220,1863.926767
414.215859,171,1864.263724
675.827581,258,1864.780127
802.456983,294,1865.362576
737.963575,278,1865.918428
601.27615,214,1866.33786
426.156841,185,1866.714314
548.208237,205,1867.124333
507.231577,218,1876.115011
784.90909,287,1876.818427
654.147575,246,1877.421907
501.795248,221,1878.004811
554.578284,187,1878.498668
553.360895,206,1879.02606
524.549141,185,1879.457975
738.401231,260,1879.999935
639.11001,230,1880.507944
506.437699,192,1889.480779
699.003102,241,1890.009039
821.951789,272,1890.589441
569.301284,221,1891.056952
827.875624,290,1891.636858
356.0511,144,1891.917476
510.138672,199,1892.304883
647.19802,220,1892.733117
447.039606,174,1893.084349
576.984986,222,1901.77767
324.748561,155,1902.0512
868.559968,300,1902.595947
410.58185,183,1902.973974
774.770393,308,1903.588955
455.925583,184,1903.954058
538.103517,198,1904.347936
551.33729,212,1904.823648
591.505589,247,1905.379172
441.44821,177,1905.805411
584.753361,232,1914.946377
533.619507,205,1915.421279
733.366038,250,1915.949091
441.820086,177,1916.312673
553.841927,243,1916.809803
571.391767,271,1917.369167
685.079593,349,1918.074305
283.414737,131,1918.338126
657.676134,268,1927.500751
605.320702,226,1927.967524
624.088101,248,1928.474214
483.247927,206,1928.940604
759.910243,249,1929.4633
621.69475,249,1929.96394
487.057346,212,1930.387913
608.924464,241,1930.869512
642.635477,251,1931.371031
543.977688,210,1940.425374
570.183616,278,1941.000892
658.423343,240,1941.55402
518.797952,203,1941.984288
696.43462,229,1942.464654
425.631864,181,1942.865037
762.036478,330,1943.549511
796.047153,271,1944.114681
277.026581,121,1944.363048
656.840817,212,1953.269414
444.914612,166,1953.598664
541.238624,194,1953.983864
992.025754,384,1954.752471
609.105513,215,1955.190939
528.214601,206,1955.701515
406.322683,175,1956.118043
725.43137,272,1956.670179
836.399439,292,1957.264577
673.189408,252,1966.46845
475.426209,187,1966.845626
747.096219,258,1967.375716
339.669085,161,1967.739509
455.615824,183,1968.125962
570.262691,226,1968.624728
590.00712,223,1969.091791
514.324402,197,1969.484213
715.557231,245,1969.975338
706.735681,251,1978.697808
821.238098,295,1979.306248
391.774532,154,1979.614808
487.192729,190,1980.1473
516.533373,190,1980.538714
885.962255,306,1981.154547
676.497213,256,1981.734766
437.006036,187,1982.092132
514.631411,227,1982.559239
700.729309,253,1991.281343
377.370905,167,1991.623736
735.520373,272,1992.184151
603.254383,203,1992.58566
531.535203,208,1992.998803
713.788773,252,1993.487751
655.827869,226,1993.924684
559.366935,195,1994.324688
898.773859,319,1994.9622
676.494245,248,2003.955297
563.650127,223,2004.43055
642.016372,220,2004.896319
901.767874,292,2005.471652
436.965618,193,2005.880486
482.726561,194,2006.308157
377.591288,149,2006.601329
557.836718,206,2007.035338
514.910664,207,2007.482153
118.842146,69,2007.624934
512.597887,196,2016.88352
688.417382,228,2017.364501
398.973009,182,2017.797646
1147.232665,390,2018.704211
601.648322,218,2019.224532
424.357302,178,2019.615685
639.931437,240,2020.157489
457.455901,191,2020.593072
621.568381,227,2021.116425
473.908773,186,2029.759539
608.452223,239,2030.243557
445.514549,184,2030.600751
730.399868,287,2031.159585
984.480702,327,2031.787956
831.184133,269,2032.31305
561.575045,209,2032.719226
732.304836,256,2033.214915
672.591253,248,2042.616329
818.6391,321,2043.284096
922.56493,341,2043.956001
548.109436,212,2044.369419
535.63228,221,2044.799617
375.337405,153,2045.095279
610.359323,255,2045.589174
491.484289,217,2046.010224
385.530509,145,2046.289435
708.437551,270,2055.481215
654.19313,244,2055.975599
662.993529,241,2056.457415
1011.763343,325,2057.106051
776.486497,266,2057.628765
1053.043592,385,2058.390699
445.413143,179,2058.745017
703.70836,233,2059.20757
406.505146,180,2068.066137
864.716085,302,2068.804688
716.529827,267,2069.342648
829.761724,300,2069.952727
777.160485,285,2070.649901
750.89848,254,2071.161667
869.294894,291,2071.83643
733.37898,269,2081.581571
572.218312,210,2082.017802
619.403176,234,2082.51665
624.443558,200,2082.924042
674.367372,241,2083.413975
682.392247,273,2083.970349
126.952565,69,2084.10934
668.471748,245,2084.595186
1052.730159,408,2085.398154
547.1002,216,2094.402036
873.860126,293,2094.994352
706.752494,268,2095.534848
269.573937,126,2095.813257
119.238711,65,2095.948673
851.99167,291,2096.579067
745.483865,260,2097.136791
659.401211,256,2097.70341
577.284774,209,2098.12237
636.111391,232,2107.330023
665.950914,225,2107.777297
107.107126,215,2108.198744
825.119496,273,2108.726903
431.630514,179,2109.079167
808.867335,280,2109.62459
595.003041,241,2110.095957
1020.040825,384,2110.847195
727.408349,269,2120.327877
404.418885,166,2120.669148
515.436134,192,2121.056961
953.178545,302,2121.640822
541.088918,293,2122.209063
676.930771,278,2122.761794
633.482678,228,2123.17477
670.597684,249,2123.64879
1125.268123,395,2132.576726
628.125051,321,2133.18592
734.370922,249,2133.660555
91.258528,274,2134.182057
634.22022,262,2134.652878
557.153151,202,2135.023816
547.355568,216,2135.428322
707.7817,228,2135.843097
328.805917,164,2136.209927
647.786719,254,2144.307493
1420.507929,476,2145.192161
344.110202,179,2145.508809
649.021654,236,2145.92698
743.835053,258,2146.382853
404.452092,151,2146.64853
674.229396,249,2147.08938
691.735038,262,2147.553469
446.983573,181,2155.240799
252.277152,168,2155.539446
838.745746,331,2156.129395
873.946608,310,2156.679103
606.862388,280,2157.17924
771.498108,258,2157.639887
601.287701,233,2158.060517
569.914898,210,2158.432642
876.172592,289,2166.547203
503.318557,182,2166.897963
324.291828,158,2167.196639
411.973717,366,2167.883669
1332.017272,432,2168.647809
520.355834,224,2169.060857
15.73371,137,2169.304616
687.865138,227,2169.706092
346.591861,159,2177.463117
473.570716,179,2177.786282
585.590234,215,2178.17128
682.378499,217,2178.55883
572.864921,228,2178.968336
392.450857,163,2179.262638
1138.718331,381,2179.945496
356.690642,169,2180.250341
832.481113,371,2180.919449
331.05972,152,2188.620819
1124.578222,330,2189.207323
594.837198,234,2189.624423
325.402373,149,2189.888493
403.795395,190,2190.226046
853.378689,276,2190.727356
852.698357,295,2191.253749
421.133158,360,2191.903405
741.943179,276,2199.762938
428.29885,172,2200.06472
1144.852864,347,2200.674147
465.085032,184,2200.99774
597.731728,230,2201.403449
721.121594,251,2201.845587
350.825729,167,2202.138984
786.109946,276,2202.626373
429.501282,185,2202.953136
976.485502,302,2210.749106
134.108385,76,2210.8835
884.552947,294,2211.404095
490.110255,182,2211.727148
942.000426,323,2212.300258
207.767206,94,2212.466731
990.362689,359,2213.104862
420.171544,182,2213.427567
737.177152,252,2213.873358
700.792311,227,2221.494496
691.653965,221,2221.884817
826.347111,272,2222.368534
413.161353,152,2222.637144
869.574276,300,2223.168674
189.123202,132,2223.402839
817.399483,284,2223.904803
852.739248,297,2224.431834
640.165843,241,2224.858052
370.549861,197,2232.393097
966.202646,326,2232.973078
559.975591,209,2233.344406
727.744359,245,2233.776636
556.946489,207,2234.14247
628.654617,221,2234.53314
749.587684,269,2235.008449
606.84138,221,2235.399986
826.122582,267,2243.084845
713.514015,372,2243.752319
787.086087,302,2244.293668
454.500728,180,2244.610411
614.659879,225,2245.010023
744.575844,251,2245.459379
659.214079,245,2245.893627
543.867162,197,2246.249216
743.665414,251,2253.913255
950.549182,325,2254.485563
682.95474,235,2254.900096
653.464759,224,2255.294333
462.937311,158,2255.571767
751.357157,271,2256.05236
661.128969,291,2256.568111
984.397034,314,2257.122167
563.566314,220,2264.714936
549.697966,210,2265.088461
1102.449895,373,2265.752114
553.913969,212,2266.130428
802.440973,338,2266.733901
646.492579,215,2267.114998
340.175979,142,2267.367207
705.834686,246,2267.802905
482.689117,188,2268.136353
465.159715,188,2275.668518
720.723655,221,2276.060587
1066.749775,350,2276.712944
992.425112,337,2277.318242
294.702864,173,2277.627575
153.775734,321,2278.203254
461.318323,192,2278.557548
771.195763,247,2278.995659
1096.847996,400,2287.925036
363.836034,161,2288.252897
1149.961774,333,2288.876474
741.391217,265,2289.3767
469.84038,191,2289.731835
602.306543,229,2290.155005
619.261887,217,2290.562801
440.221753,185,2290.930587
664.645038,248,2299.103805
1168.578764,360,2299.795748
427.93457,172,2300.101159
689.590378,252,2300.54898
627.916722,225,2300.947989
683.864692,243,2301.378468
677.689361,253,2301.828279
714.750096,224,2302.225798
868.709806,277,2309.905273
923.598503,305,2310.44942
1087.90828,367,2311.100096
779.943771,250,2311.542381
746.465546,278,2312.035892
635.184836,234,2312.450518
386.766472,171,2312.754131
545.029446,213,2313.152159
1037.38488,341,2321.307611
494.313119,195,2321.652145
456.503762,181,2321.974144
625.325781,232,2322.38704
386.323711,156,2322.663117
695.039616,226,2323.06297
453.602834,180,2323.38822
585.354323,208,2323.756706
684.016129,258,2324.253661
148.228263,79,2324.393206
623.451751,225,2332.263149
735.661842,238,2332.683799
566.157924,209,2333.077307
674.589836,232,2333.511654
547.783215,237,2333.950485
746.216356,258,2334.426656
766.102426,242,2334.87224
538.738069,220,2335.263265
703.199441,252,2335.710577
552.533201,219,2343.52942
697.41787,273,2344.014217
564.436961,188,2344.347541
886.677583,294,2344.928368
664.942842,222,2345.382928
871.310432,287,2345.931266
331.584035,144,2346.186519
621.759847,211,2346.561377
780.745567,294,2347.128866
716.200188,250,2355.499488
776.451043,279,2356.015285
379.360134,188,2356.372167
793.265252,259,2356.863639
1035.179429,407,2357.589983
710.395859,275,2358.079524
832.500403,298,2358.609298
766.477871,288,2366.651678
407.882368,162,2366.988841
650.396267,218,2367.394946
415.013563,154,2367.670787
909.775724,311,2368.227301
448.690066,181,2368.54794
422.169873,165,2368.840728
330.106092,142,2369.093088
748.666583,283,2369.597331
684.630556,254,2370.048953
849.562185,324,2377.970687
842.588613,277,2378.465167
595.906763,213,2378.841928
297.717706,132,2379.074342
564.597796,222,2379.465708
539.824721,201,2379.821169
503.881535,197,2380.168824
842.632581,257,2380.620942
572.334417,215,2381.00044
680.56961,276,2388.90865
489.383281,196,2389.297228
1163.797448,404,2390.042505
737.884524,328,2390.670973
758.872643,334,2391.273359
518.810045,184,2391.611678
980.713323,393,2400.002625
534.602378,193,2400.346348
743.938938,227,2400.748733
333.599134,161,2401.033467
1334.423667,453,2401.892373
1074.474624,375,2402.5682
699.586022,225,2402.974376
581.319913,211,2403.35021
956.836885,311,2411.271975
662.120082,259,2411.768546
766.27359,267,2412.28408
1108.013452,395,2413.041969
982.332606,360,2413.685001
588.178092,197,2414.039679
676.257891,262,2414.520289
1037.219154,336,2422.515505
993.98699,289,2423.040647
491.644132,183,2423.366175
1053.816262,358,2424.005499
755.64303,286,2424.51495
1000.926926,360,2425.167892
576.249729,242,2425.643535
658.371194,240,2433.578391
1025.458065,335,2434.179976
437.039512,172,2434.484717
503.501138,180,2434.803205
1479.331789,468,2435.631715
822.063027,314,2436.190489
594.575742,338,2436.79515
115.820408,68,2436.916
545.882522,197,2444.481035
1194.033414,393,2445.186639
413.280791,245,2445.625825
1611.570483,581,2446.666966
771.019573,268,2447.147548
1036.653268,361,2447.791898
759.200622,260,2455.446764
1113.570345,343,2456.05022
1062.164507,358,2456.682486
579.993026,217,2457.06764
507.415747,193,2457.408264
636.26975,223,2457.8026
452.174129,204,2458.162772
1004.543879,389,2466.041408
757.4407,272,2466.519963
1376.692003,445,2467.317478
293.606076,171,2467.627195
781.842996,243,2468.056177
877.665563,285,2468.586329
785.650253,291,2469.131394
1038.434202,331,2477.600225
302.711476,136,2477.89551
1119.841225,330,2478.526205
408.625414,204,2478.903077
596.283448,247,2479.37161
293.125738,133,2479.607287
926.535281,276,2480.096112
731.892504,268,2480.575843
605.144079,216,2480.960468
1752.752191,617,2489.294803
1831.915976,568,2490.30728
635.8312,223,2490.704286
1199.579417,466,2491.538192
634.794098,249,2491.981936
949.744943,335,2499.756508
761.840209,245,2500.189879
1569.59929,525,2501.121977
835.350464,285,2501.62982
545.541598,219,2502.019583
2446.488017,891,2510.788522
878.167846,262,2511.248316
898.969501,343,2511.856012
736.863828,255,2512.306593
506.597037,190,2512.641033
1205.901158,377,2513.308751
542.605768,259,2513.769012
527.467193,220,2521.35238
758.93901,246,2521.784753
397.054643,162,2522.069784
822.420725,251,2522.512289
616.815689,227,2522.910885
567.878617,230,2523.317573
963.396573,314,2523.86951
952.55934,282,2524.366258
674.784107,241,2532.029213
757.528528,276,2532.627445
637.18607,247,2533.065885
729.314307,237,2533.483077
879.436068,347,2534.097141
637.039061,219,2534.48506
1299.93554,383,2535.161855
544.837514,186,2535.490152
752.971676,243,2543.303132
610.29788,205,2543.663775
661.014956,265,2544.132664
678.826679,228,2544.534252
811.728952,263,2545.001038
955.191975,287,2545.507979
822.40826,245,2545.938975
809.391483,261,2546.40006
1217.423448,418,2554.378424
661.578074,249,2554.825384
699.65504,264,2555.294194
528.410668,187,2555.626111
731.620489,229,2556.032714
964.873425,315,2556.594254
636.346371,216,2556.977962
692.072913,219,2557.366837
706.215847,241,2565.12229
601.234444,241,2565.550143
430.368677,181,2565.868576
650.638801,229,2566.275836
959.201386,297,2566.832096
465.324759,223,2567.241683
642.65946,205,2567.614341
656.776039,207,2567.980091
1009.953726,290,2575.81003
652.24391,231,2576.220246
602.305913,219,2576.609071
815.072605,263,2577.074802
669.638493,233,2577.488586
776.432157,263,2577.955906
674.777429,252,2578.402574
936.21818,322,2578.970864
662.870586,221,2579.360702
570.710863,208,2586.758377
374.204417,166,2587.050419
669.99822,239,2587.475287
610.250236,213,2587.855988
587.266572,215,2588.235328
717.352651,260,2588.695855
728.856429,287,2589.204399
576.396816,202,2589.55988
770.290694,261,2590.024492
1417.250142,426,2598.022674
334.545258,143,2598.274589
736.033992,241,2598.703167
1059.747296,349,2599.324993
1073.03371,339,2599.928607
910.247696,295,2600.453072
735.916454,240,2600.882457
1120.689044,349,2608.828076
475.047952,185,2609.161461
582.5712,214,2609.54478
831.548927,290,2610.062984
573.788665,206,2610.448292
743.462524,234,2610.892769
882.284415,276,2611.395766
843.000265,273,2611.883205
887.425455,297,2619.702149
327.659867,150,2619.967993
891.880475,273,2620.454651
1108.945775,357,2621.099931
603.660325,217,2621.486633
816.277657,268,2621.96295
561.27147,213,2622.343298
930.115121,334,2622.937376
834.094952,265,2630.603651
894.731009,274,2631.094496
320.342755,131,2631.327373
844.756665,266,2631.800543
835.87074,287,2632.313415
878.169433,287,2632.824003
635.706132,208,2633.196434
943.04069,290,2633.711158
872.654996,279,2641.455733
430.307085,190,2641.79609
1329.250476,442,2642.596321
834.392196,265,2643.073389
649.17542,241,2643.50254
632.095331,222,2643.898066
1001.739212,293,2644.419864
373.626335,152,2644.690357
592.975922,220,2652.312826
1593.791696,469,2653.14584
560.197333,198,2653.496102
690.656273,234,2653.912412
678.713985,236,2654.332249
715.304518,235,2654.748853
696.52507,288,2655.263675
553.093447,192,2662.921703
990.776617,325,2663.514744
638.966753,223,2663.913723
967.794036,293,2664.512957
881.036029,292,2665.035343
434.24359,162,2665.323643
609.852623,211,2665.69908
763.769473,250,2666.143804
851.163241,269,2666.621667
835.637622,264,2674.400551
803.244863,249,2674.849438
301.165459,129,2675.07707
645.615861,216,2675.457737
1195.037059,401,2676.165193
880.855902,310,2676.711268
926.669319,283,2677.214149
460.160118,198,2677.564209
842.35585,253,2685.299725
1143.559482,382,2685.978013
797.186036,243,2686.405679
639.139,225,2686.803484
758.042902,240,2687.22686
927.930036,285,2687.729323
528.426272,191,2688.076449
434.254357,173,2688.410748
869.720333,298,2696.22928
664.671902,234,2696.64658
403.984185,160,2696.929694
802.419713,266,2697.400633
993.326181,335,2697.994569
745.309001,266,2698.465824
765.698152,247,2698.906375
925.356091,284,2699.409916
555.929551,198,2707.066292
913.998014,279,2707.560642
1054.930899,364,2708.202257
1292.657991,411,2708.926499
637.773077,223,2709.318897
442.248282,171,2709.620853
1408.328804,446,2717.667792
1269.704462,350,2718.30371
565.437089,198,2718.685701
835.642622,291,2719.213555
615.848327,229,2719.624221
1082.612361,347,2720.243176
141.684923,75,2720.376646
624.130646,222,2720.770284
985.729747,295,2721.297372
884.772926,283,2729.172428
627.100757,223,2729.568929
832.964229,252,2730.015719
909.176039,266,2730.487924
572.967064,194,2730.829373
751.23547,276,2731.359147
501.96202,204,2731.745648
1259.394644,379,2739.790071
714.836517,241,2740.222441
635.609453,239,2740.659454
859.925679,284,2741.166489
1023.90443,321,2741.740582
870.026532,265,2742.211179
1233.660206,350,2742.924021
395.992329,162,2743.215691
859.01507,279,2751.023357
315.377392,132,2751.25527
679.446255,240,2751.677226
498.476385,189,2752.009939
724.121742,253,2752.456202
493.987999,212,2752.832291
1190.278678,339,2753.43023
859.532593,265,2753.89574
942.35557,291,2754.407831
1118.777796,333,2762.285185
1095.377537,316,2762.842799
1010.934169,300,2763.371579
826.827058,252,2763.816922
1062.672506,319,2764.380468
923.940207,299,2764.90662
865.006267,291,2772.967769
879.700261,262,2773.436867
889.904562,273,2774.002347
770.085207,244,2774.442758
1240.776997,339,2775.057361
787.23601,259,2775.605819
888.995196,296,2776.211417
940.566051,287,2776.798787
771.490224,255,2784.515824
754.50734,256,2784.970422
1169.370968,333,2785.561166
1011.01749,311,2786.125803
1298.274444,363,2786.771724
1569.965589,477,2787.663751
932.3925,326,2795.72835
632.176682,227,2796.134207
934.721245,279,2796.630665
1280.46394,354,2797.260133
697.372551,228,2797.665791
1241.019472,329,2798.252771
920.293252,297,2798.783186
830.737175,266,2806.513174
1054.471783,327,2807.100341
622.3493,216,2807.489151
661.71036,218,2807.874033
666.219466,237,2808.29614
1015.483578,304,2808.835434
1200.885231,337,2809.433742
808.730984,257,2817.124096
1116.714471,345,2817.734088
1120.687216,315,2818.297198
695.095928,244,2818.729389
315.535434,139,2818.974497
1124.170878,317,2819.533488
633.268131,208,2819.899914
1035.348215,317,2820.461925
875.185616,289,2828.17441
880.653672,280,2828.668369
1108.352173,313,2829.220023
1034.690139,316,2829.783387
1051.16858,347,2830.402618
1186.662501,369,2831.056243
1025.618636,311,2838.839484
739.348414,252,2839.285976
1328.444133,373,2839.948289
402.958779,151,2840.218306
992.527602,292,2840.737775
994.445913,300,2841.2751
835.95385,259,2841.755317
703.151142,229,2842.185871
970.527259,287,2849.985234
961.223068,294,2850.505889
1189.831849,388,2851.195309
862.18909,270,2851.67525
1077.254642,314,2852.231625
1518.185914,485,2853.090924
615.319522,224,2860.698003
1117.214653,327,2861.276622
637.956576,223,2861.670544
830.820705,267,2862.143151
1354.91417,414,2862.874463
851.197941,257,2863.328099
580.667226,206,2863.691087
1063.279829,355,2871.537752
475.462601,200,2871.892308
993.052008,327,2872.474612
1125.641271,332,2873.063114
756.184566,262,2873.52581
901.494265,314,2874.08287
535.993856,205,2874.444823
954.718466,282,2874.941612
1425.998168,425,2882.962738
564.111834,200,2883.315412
588.03411,210,2883.686772
997.881735,302,2884.219731
752.676445,240,2884.644576
475.144938,190,2884.979494
931.420188,269,2885.461321
814.947931,262,2885.9381
952.045534,295,2893.889208
1285.839848,384,2894.622141
859.395919,278,2895.13536
1066.942796,313,2895.692559
1105.943956,321,2896.263236
627.177114,230,2896.671504
831.189114,252,2897.117225
858.881893,276,2905.025504
961.499491,297,2905.680158
642.650559,221,2906.131071
1168.845046,334,2906.742227
1100.391919,350,2907.358639
1172.59302,361,2908.025618
751.890128,241,2916.034736
649.921127,237,2916.458612
1133.438182,372,2917.115084
579.128349,192,2917.452405
850.060747,250,2917.894966
777.804719,253,2918.340125
862.682435,262,2918.802343
798.318277,257,2919.258652
1633.898299,485,2927.390788
828.618732,254,2927.841248
1136.789702,332,2928.429292
734.009292,262,2928.894284
902.058382,291,2929.41038
492.480322,182,2929.733548
824.433897,242,2930.162231
802.358316,257,2937.837716
764.594948,275,2938.326819
659.352168,232,2938.735799
1336.424093,362,2939.372506
916.104251,281,2939.871837
1230.35638,380,2940.56296
898.897236,286,2941.084095
402.671131,206,2948.69278
613.183688,220,2949.082876
1128.067044,335,2949.673507
1305.444967,364,2950.317467
530.13499,197,2950.663748
1058.655152,294,2951.183446
1597.83603,449,2951.975082
868.142634,254,2959.659668
1078.411154,359,2960.297089
785.323862,267,2960.770595
1220.561419,340,2961.371562
182.11947,409,2962.099001
1323.651765,387,2962.784593
789.810276,260,2970.654127
1091.371481,331,2971.259459
608.914399,226,2971.675559
1177.981366,373,2972.358809
1057.946834,304,2972.899547
1643.560162,509,2973.818613
1141.241562,330,2981.649261
685.837087,235,2982.068738
1116.215667,328,2982.652143
617.676746,224,2983.055221
1101.092077,330,2983.651792
777.659028,229,2984.066914
825.84984,279,2984.59552
976.849349,316,2985.170132
1262.448032,362,2993.19779
1216.832601,347,2993.815126
778.627951,254,2994.267296
598.782625,209,2994.639396
1142.277935,362,2995.283422
820.417798,305,2995.824697
1074.39827,325,3003.656934
1038.71984,321,3004.230784
1138.837345,336,3004.831089
1369.86075,379,3005.504658
1250.423977,361,3006.153902
1163.14291,332,3006.7474
1261.766067,352,3015.029827
607.932367,222,3015.427069
462.609112,187,3015.760982
1199.745962,344,3016.37133
1176.063985,357,3017.005898
1454.651888,448,3017.800641
907.487657,298,3018.32787
1120.271082,340,3026.361963
820.580926,284,3026.869317
887.147327,282,3027.373221
1198.810138,379,3028.050943
1223.161073,353,3028.685643
1546.314945,447,3029.496335
1003.479899,296,3037.244915
1495.374423,409,3037.977877
1099.660076,319,3038.554471
865.253354,286,3039.065568
1146.755495,332,3039.658356
927.79722,298,3040.203502
572.035439,207,3048.510859
1853.895342,500,3049.406505
1106.544561,347,3050.024594
802.773227,270,3050.503741
835.280115,262,3050.969347
1369.050994,383,3051.648994
859.206409,259,3059.548089
761.703202,261,3060.019545
996.509482,296,3060.572953
1416.425656,382,3061.269816
1074.479716,323,3061.860569
644.471574,227,3062.298452
880.044221,279,3062.796187
721.286826,214,3063.174628
1180.292108,344,3071.158547
891.991833,262,3071.627177
1220.488548,341,3072.238146
991.97782,334,3072.844826
1975.098493,503,3073.745752
1103.870957,329,3081.495358
525.618711,193,3081.836648
760.723617,257,3082.291423
593.553973,212,3082.667104
853.056857,253,3083.113716
346.346541,153,3083.382838
669.436144,232,3083.792599
1106.095787,326,3084.369967
885.85884,273,3084.857939
1042.632166,300,3093.001371
678.27049,248,3093.443148
1095.676765,326,3094.023121
878.574343,273,3094.508162
1256.732676,350,3095.130502
1148.176119,314,3095.685862
955.210576,281,3096.183524
970.76178,332,3103.883987
743.385431,241,3104.311385
873.335114,261,3104.811094
602.349278,213,3105.18756
352.67779,136,3105.427546
1339.462828,367,3106.074313
1142.845439,354,3106.69962
1502.809773,403,3114.712306
892.366102,278,3115.277597
732.818179,298,3115.886831
760.368372,249,3116.427965
1240.775931,345,3117.131104
27.490173,136,3117.408685
1335.990239,384,3118.205601
510.76305,192,3127.167635
923.760959,270,3127.720643
535.98278,186,3128.10813
1071.035218,314,3128.758592
925.403477,273,3129.276105
553.097682,198,3129.683066
615.904188,222,3130.122792
1650.505348,462,3131.053152
900.689025,275,3139.414352
132.537947,71,3139.540371
757.530777,246,3139.974858
1612.253576,440,3140.751212
926.21591,302,3141.292572
923.91163,301,3141.830719
868.081867,266,3142.302807
805.709637,241,3150.148423
936.503652,302,3150.693051
1175.34269,333,3151.290498
1332.261868,389,3151.986305
635.083383,213,3152.36627
1039.72547,297,3152.89671
1041.970559,306,3153.446835
1190.662301,356,3162.101788
853.631147,255,3162.556034
506.116887,182,3162.877423
1174.738169,342,3163.484326
1326.146902,400,3164.208886
925.733907,275,3164.701091
664.193549,214,3165.088777
744.286003,234,3172.9093
1288.555019,387,3173.601023
1213.800529,376,3174.273993
767.817493,236,3174.693728
907.670658,286,3175.202686
1441.412509,403,3175.914148
1111.90747,302,3176.446956
832.205425,249,3184.303756
1287.471526,394,3185.0082
922.447406,293,3185.541349
1003.288485,326,3186.148434
922.110928,294,3186.672684
929.61563,316,3187.243116
686.604498,222,3187.640447
1193.879401,357,3195.458866
895.1587,277,3195.967794
759.050057,235,3196.39811
660.968578,235,3196.823087
923.074485,261,3197.291822
1142.670332,332,3197.889512
1074.271403,314,3198.448996
1030.142662,326,3206.527692
1131.406832,323,3207.108337
1201.197381,344,3207.719463
1465.692811,398,3208.429669
1356.290579,360,3209.07038
1085.026354,324,3209.647574
1090.331456,339,3218.130695
995.916569,274,3218.616862
1127.367751,343,3219.232426
1045.468748,311,3219.788697
837.220964,271,3220.28873
1030.048909,302,3220.849543
1936.102685,536,3229.75657
533.946682,207,3230.126142
1063.265786,314,3230.687014
1013.724469,307,3231.231825
865.950508,272,3231.713597
892.118369,282,3232.213726
1248.703521,360,3240.159228
532.993458,195,3240.506538
1320.25041,379,3241.207477
993.706364,293,3241.741051
955.162926,276,3242.237228
535.828841,201,3242.665464
907.639686,265,3243.157701
1128.602269,326,3243.748539
986.394207,323,3251.644139
1016.676756,306,3252.18754
1203.429336,353,3252.813373
743.194431,235,3253.229814
159.220773,91,3253.391055
1171.700358,342,3253.994348
1143.139173,316,3254.550959
872.425814,282,3262.48215
1134.489001,328,3263.064958
1162.527281,323,3263.634817
995.167675,305,3264.174068
986.6756,297,3264.700068
864.094304,259,3265.158152
1153.910611,329,3265.739991
1121.90774,401,3273.553066
791.173675,246,3273.987949
588.869503,222,3274.384911
1404.349353,405,3275.105082
1715.314364,486,3275.967951
855.03515,276,3276.45782
1062.646735,296,3284.826235
1663.133924,442,3285.63679
1254.376532,366,3286.291881
1184.802489,416,3287.033346
937.540433,283,3287.556461
974.632127,316,3288.119386
918.704628,284,3296.174302
973.270325,283,3296.673809
667.736167,221,3297.064619
128.271319,75,3297.197226
948.825395,273,3297.681968
1514.951886,456,3298.49541
1322.806336,369,3299.150243
1104.563502,329,3307.598418
1358.975499,370,3308.258498
1132.411211,350,3308.887383
1546.810733,443,3309.681866
1198.864433,341,3310.288524
956.65702,315,3310.848395
806.520101,244,3318.803801
1173.014385,331,3319.389919
917.896344,318,3319.954347
1179.590961,347,3320.567961
1220.332388,344,3321.175045
1255.73635,386,3321.859574
970.429315,297,3329.742954
1225.687462,356,3330.373557
1028.928282,324,3330.94801
1081.000994,319,3331.512121
489.968881,180,3331.830765
396.360489,197,3332.178943
1465.487638,411,3332.905521
1521.118301,436,3340.771839
647.648135,231,3341.18147
1441.603582,411,3341.906893
1511.414222,415,3342.637667
1691.915406,466,3343.459849
1285.026818,397,3351.163848
1000.712544,320,3351.729563
882.325673,270,3352.206752
1196.522433,341,3352.811277
1871.268238,477,3353.656641
901.549811,271,3354.136468
345.252642,153,3361.384982
1361.69272,412,3362.114799
1824.014436,487,3362.975701
996.701945,368,3363.630467
1964.675811,615,3364.728098
722.766912,285,3372.293503
1044.832005,308,3372.83635
586.150396,208,3373.203296
837.640686,274,3373.688281
226.704094,122,3373.90294
1306.062242,431,3374.665881
1184.213938,327,3375.242725
1087.093194,316,3382.922389
925.55838,276,3383.413591
902.591759,285,3383.923705
899.480644,284,3384.427759
1241.211241,353,3385.052548
1050.50512,310,3385.602611
12.318742,177,3385.916015
866.223144,267,3386.386045
1339.305696,418,3394.613879
1588.397306,461,3395.438218
1266.975745,362,3396.135624
1193.146918,380,3396.811219
1235.392898,411,3397.550424
923.901374,291,3405.780288
880.778748,256,3406.235746
1048.057583,320,3406.805581
298.818601,134,3407.045898
1209.517849,389,3407.775418
932.816303,297,3408.304567
1883.242854,508,3416.954145
1182.049825,340,3417.684062
1719.58304,471,3418.641252
1302.230907,369,3419.298125
1176.246015,328,3419.885778
289.418758,137,3420.185995
1471.556133,435,3428.39435
1445.448235,403,3429.124939
1552.010798,434,3429.88985
717.538609,250,3430.330629
1904.754177,517,3431.244945
714.167526,256,3431.699862
1294.661876,360,3439.536103
1458.4032,392,3440.235375
860.873224,254,3440.687489
1206.847706,344,3441.311618
925.407801,287,3441.90128
1377.052664,405,3442.632534
914.654283,282,3450.839779
1616.824558,451,3451.644958
837.556793,253,3452.132825
2145.274148,567,3453.208622
1539.664311,424,3453.959826
1376.769671,380,3462.559642
1492.990686,421,3463.327482
2011.499774,565,3464.392424
1099.69005,326,3464.981503
2343.030305,624,3474.581897
1438.589197,453,3475.392513
1654.670783,482,3476.24442
832.567606,263,3476.708335
1060.605481,311,3477.255923
1832.393318,499,3485.420351
1278.791749,356,3486.055261
165.036233,88,3486.211119
820.938504,268,3486.686115
1788.337743,499,3487.573432
1400.372712,443,3488.383795
671.784796,227,3488.78777
833.453617,261,3496.451739
1894.264575,492,3497.326323
1249.611932,364,3497.974257
1895.350215,511,3498.880023
1049.799471,346,3499.495339
2508.220074,715,3507.881323
1708.002573,452,3508.679095
1089.191497,298,3509.215879
727.137386,237,3509.634921
2660.284371,733,3518.13746
740.489348,248,3518.578565
723.683502,250,3519.027006
1380.749453,385,3519.71482
2499.462577,762,3521.075531
1839.887591,485,3529.099259
629.828152,227,3529.503816
1197.017503,331,3530.090666
1176.048416,353,3530.71583
2479.644707,674,3531.903545
1262.2483,388,3539.788536
865.715092,279,3540.284085
2200.552265,600,3541.34849
1368.279504,362,3541.990528
1871.01539,491,3542.859681
806.674677,263,3550.613059
1006.203665,299,3551.146081
1414.045846,418,3551.887307
1373.427373,358,3552.522355
1400.239047,398,3553.226216
1767.748225,497,3561.204832
1156.272988,339,3561.807051
562.319521,195,3562.153978
855.301349,267,3562.629283
680.95371,257,3563.088994
959.004547,290,3563.605842
1761.220723,482,3564.467054
797.09062,251,3572.090746
1133.596081,345,3572.713473
1317.929517,385,3573.399115
1188.451363,369,3574.057269
1240.430626,344,3574.670094
767.028297,248,3575.110083
1136.717825,347,3583.203667
883.37463,269,3583.683316
1189.872235,359,3584.320356
1285.017437,353,3584.946221
1968.409892,535,3585.895141
2415.965293,644,3594.270305
1052.653357,316,3594.832297
791.459269,276,3595.325836
2525.243773,663,3596.507497
628.632924,223,3596.907641
1440.560929,394,3604.801811
1737.642568,471,3605.63779
1303.240656,372,3606.304311
1234.630476,351,3606.925874
3412.01564,915,3615.861583
1192.358079,333,3616.448615
1073.398775,312,3616.999816
1218.243521,341,3617.606371
617.859726,201,3617.963083
1569.388426,435,3618.733124
703.270746,233,3619.145516
1199.620644,376,3626.943872
611.705081,213,3627.322534
1245.671304,384,3628.005305
2538.468976,703,3629.245707
724.279354,245,3629.679148
823.865156,259,3638.424439
927.199765,305,3638.98871
927.611665,271,3639.479279
941.346237,286,3639.985457
1421.623138,412,3640.712975
951.982741,282,3641.21239
1476.004091,403,3641.931885
1540.860749,391,3650.206668
1219.379368,356,3650.838527
531.522271,202,3651.198349
1130.182632,352,3651.826798
1582.126992,454,3652.63349
2927.289295,841,3661.255988
833.552928,252,3661.702075
2101.738617,568,3662.70831
1104.001876,401,3663.465439
686.380703,254,3663.915314
3095.320633,857,3673.064738
976.609902,307,3673.61972
294.689451,133,3673.866715
902.279249,309,3674.425619
3731.714526,1000,3683.903554
656.295973,218,3684.292767
983.614552,353,3684.917373
1318.454662,350,3685.556577
1833.816019,517,3686.491959
712.882261,248,3695.208757
1006.579557,297,3695.736539
619.638356,228,3696.152019
2455.060761,660,3697.339347
698.49003,231,3697.774208
1549.124882,416,3698.523125
481.214306,204,3706.738441
1213.074264,342,3707.359116
2632.734889,715,3708.649093
1591.617114,448,3709.440952
1028.856956,333,3710.02983
1751.801891,487,3718.185466
1948.712878,532,3719.132363
690.945363,240,3719.557951
2234.683099,646,3720.70316
857.040968,264,3728.485499
1138.966217,349,3729.101795
1199.29237,368,3729.752739
2858.12083,769,3731.112728
855.61926,255,3731.565171
652.994388,230,3731.972671
1161.446869,345,3739.963351
1013.783512,299,3740.499009
901.005969,295,3741.026016
2260.8889,598,3742.115758
826.892316,271,3742.601198
1032.790261,317,3750.754424
1961.253067,567,3751.769845
1431.199102,446,3752.557921
2239.140178,611,3753.641953
675.742694,212,3754.018535
287.604002,132,3754.251877
368.657657,156,3761.754736
830.49368,280,3762.255866
1076.174663,301,3762.792035
3578.465992,1000,3764.561481
439.95804,165,3764.851601
114.029925,64,3764.964585
752.844993,242,3772.781222
673.113421,268,3773.258299
559.152888,198,3773.606272
1711.248824,506,3774.506797
2687.740889,729,3775.79269
1499.318439,446,3783.70695
1487.856484,478,3784.558936
1082.949734,370,3785.221846
1337.239808,404,3785.939893
296.421957,131,3786.175227
930.990828,320,3786.741489
1025.701271,308,3794.528889
1665.518668,467,3795.366823
620.110938,221,3795.761187
991.316138,289,3796.274337
2255.695248,608,3797.366164
1432.266815,425,3805.871763
1260.065089,374,3806.535455
552.60956,191,3806.875832
2957.719872,877,3808.440042
1069.033197,309,3808.990371
1043.177986,301,3816.817483
3200.883089,953,3818.541627
1182.342476,341,3819.176224
769.084156,261,3819.638915
2075.866169,553,3827.875619
2235.176066,610,3828.953472
271.634689,131,3829.184635
557.465227,196,3829.529841
2328.523927,666,3830.706571
1264.448294,382,3838.726219
2285.050618,607,3839.817562
334.990738,143,3840.072857
1675.11525,482,3840.933128
595.128616,212,3841.311905
178.598004,91,3841.475818
549.649068,199,3841.831279
859.787148,270,3849.634789
2043.863051,569,3850.645477
3655.332553,974,3852.364459
407.737538,174,3852.670627
3787.337597,1000,3861.817921
1536.571696,444,3862.613761
2439.279011,678,3863.832525
1698.46617,452,3871.914569
1411.870072,396,3872.624192
1476.685416,410,3873.358966
1613.770984,424,3874.113259
2014.905996,551,3882.570237
1361.37049,431,3883.347388
1079.763509,307,3883.897781
803.344323,245,3884.337136
2462.551524,667,3885.568392
813.829321,250,3886.01833
3067.049634,819,3894.757004
1851.590542,523,3895.693666
2814.926441,742,3897.014596
1642.895547,435,3905.068438
620.566927,208,3905.43733
553.081816,200,3905.792228
1067.226218,324,3906.372306
1947.31337,518,3907.291909
2155.694618,602,3916.212105
1873.690632,515,3917.129111
759.098771,232,3917.540759
3954.030755,1000,3919.326464
840.97035,252,3927.065918
1524.762441,514,3928.001801
1277.091287,348,3928.622672
13.398577,193,3928.968343
2160.515082,597,3930.046419
2341.511002,611,3938.44187
873.676227,269,3938.916997
2169.401913,569,3939.924008
587.06016,200,3940.279
2128.633735,607,3941.355215
1783.796904,482,3949.729635
973.663489,318,3950.300726
849.07414,257,3950.76593
788.421627,259,3951.232495
3440.517073,888,3960.48927
308.814063,136,3960.729061
2055.311056,548,3961.697411
1342.688694,401,3962.433047
2106.449688,569,3963.443827
3456.482813,901,3972.226934
2328.315024,630,3973.361223
2837.790582,753,3974.712769
1736.430708,471,3983.02236
2750.144811,709,3984.267768
1293.469443,339,3984.863638
1270.69267,353,3985.487953
1856.734542,505,3993.635907
278.687399,122,3993.854442
2378.05645,626,3994.959715
1040.969131,309,3995.508457
1385.122948,377,3996.176281
1916.71245,505,4004.757749
1519.70283,410,4005.497347
2956.54886,780,4006.893361
931.636138,287,4007.409519
958.456102,293,4007.93026
1721.219913,465,4015.886227
900.338017,293,4016.409682
1495.040145,430,4017.176336
1456.541332,437,4017.964986
1556.076083,432,4018.736567
1012.803971,302,4026.417781
2801.330036,710,4027.676138
