#{"t_start": 1533066019.6490803, "env_id": "Walker2d-v2"}
r,l,t
1.328216,11,0.024401
3.181565,23,0.053331
4.482716,14,0.070049
-6.769766,8,0.079296
-3.607034,10,0.091323
-1.481366,21,0.116275
-2.472338,12,0.130341
-10.029751,11,0.143537
-4.326403,10,0.155837
-12.163887,12,0.17065
-2.010756,11,0.18456
0.562419,12,0.199936
-2.667064,34,0.24316
-4.36857,19,0.267495
-4.912941,17,0.289028
-8.977737,20,0.314312
-5.905348,26,0.346918
-3.383992,15,0.366116
-3.88554,17,0.388344
-0.482275,20,0.414355
1.334823,17,0.435598
-1.23201,9,0.4468
-3.745943,34,0.489953
-3.796432,16,0.511271
-0.392492,13,0.52791
-0.167644,12,0.542932
4.169273,20,0.569149
-6.46716,13,0.585849
-2.189061,13,0.602733
-5.51325,18,0.625816
-3.717544,8,0.63585
2.71758,12,0.650988
-8.24193,10,0.664042
-4.574863,12,0.67921
-4.004149,8,0.689953
-4.270375,14,0.707835
-2.472149,9,0.719295
0.265671,9,0.731324
-3.295253,20,0.756593
-5.768514,16,0.7769
-6.135451,11,0.791218
2.872417,12,0.806561
3.144516,15,0.825653
-5.694803,15,0.845001
-10.891177,13,0.861818
2.465964,14,0.87994
-5.790982,15,0.899293
4.29055,26,0.932342
-2.748548,10,0.94521
-4.152077,9,0.956984
-4.442861,10,0.969744
-10.628549,20,0.995161
1.747818,11,1.009226
-8.561782,11,1.023133
3.059888,29,1.059798
-12.18621,15,1.079029
5.671729,36,1.12447
-4.621402,15,1.143877
-0.911153,12,1.159135
-0.956431,10,1.171826
-1.948284,18,1.194719
0.486637,15,1.213977
-3.633256,10,1.226593
0.119671,15,1.246287
-1.823089,11,1.260316
-0.923785,13,1.276923
-1.618547,14,1.294871
-3.963545,12,1.31016
-1.896538,11,1.324252
-4.388629,10,1.337607
-4.364684,14,1.35569
-1.047594,11,1.37025
-0.875957,10,1.382926
1.529199,14,1.400788
-9.865236,14,1.418892
-2.094377,7,1.428312
-1.028413,16,1.448226
-0.337667,12,1.463493
3.611487,28,1.49859
3.983352,14,1.516094
6.259861,28,1.550904
-2.667668,8,1.561466
-8.436548,14,1.579267
-14.057692,13,1.595969
-4.082616,13,1.612635
-1.096244,12,1.628046
-5.939914,20,1.653509
-3.225883,23,1.681978
-3.01686,30,1.71857
2.655581,13,1.734859
-8.756552,10,1.747554
-2.530363,21,1.773531
-3.780632,12,1.7889
1.432486,34,1.830859
-3.543933,8,1.840992
-6.006345,11,1.854373
-1.192425,16,1.874743
-2.005222,8,1.884677
-2.943179,19,1.908666
-12.612863,24,1.938401
-2.245134,10,1.951025
9.149097,28,1.983679
-10.533535,13,1.998792
-5.049992,16,2.013933
1.191352,11,2.023415
-4.351462,13,2.034395
2.564241,19,2.05103
-0.967239,10,2.060025
-1.421943,23,2.080104
1.189183,27,2.103191
-3.986248,15,2.117244
-6.239695,16,2.130809
1.666627,10,2.139818
0.720457,19,2.160463
9.474081,31,2.193351
3.749826,36,2.23038
5.501054,30,2.261338
-0.141249,22,2.281859
-2.359159,11,2.292099
-1.440907,10,2.301228
-5.668132,14,2.314629
-6.297352,10,2.324434
0.298029,10,2.33396
-4.234405,11,2.34487
-1.330865,10,2.355085
-3.842079,10,2.365663
-8.156074,17,2.383846
-2.866508,15,2.399401
3.568598,13,2.412993
-3.844058,14,2.428544
-4.118838,10,2.43831
8.089529,18,2.457095
0.190929,11,4.89344
3.643991,20,4.919592
-7.214586,10,4.932622
-0.932169,9,4.944482
-9.909685,21,4.971764
-0.556735,14,4.99043
-0.86218,15,5.010029
-1.90245,13,5.026923
-3.255538,9,5.038979
-4.154986,13,5.056446
-1.146506,10,5.069396
-1.98165,14,5.087573
-1.610559,16,5.108272
7.628065,33,5.151362
-2.825343,12,5.166652
12.907819,25,5.19883
20.11664,37,5.247373
10.358412,47,5.308108
-3.514416,14,5.326645
4.371873,19,5.351251
3.626305,27,5.386644
-2.713156,11,5.40104
-2.640538,14,5.419633
-1.867663,8,5.430374
-7.509044,31,5.470517
-3.585355,8,5.480498
-7.182046,18,5.502456
-0.117988,9,5.51431
-5.012121,12,5.5301
1.409338,24,5.560851
0.642029,21,5.588366
16.962204,36,5.635116
-3.802642,9,5.647159
-6.840441,19,5.672263
-1.644866,13,5.689627
-0.076028,13,5.707041
-3.467699,13,5.723798
-0.414936,15,5.742888
12.490043,35,5.78757
-0.627842,13,5.804773
-2.501441,10,5.817706
-0.578801,41,5.870167
2.230811,11,5.884435
-1.771824,9,5.89603
2.66387,25,5.928208
-7.506856,14,5.946456
-6.599481,17,5.968481
-1.2855,12,5.983619
-1.420285,16,6.004416
-1.925783,9,6.016042
9.98235,33,6.05882
26.495481,43,6.113444
-1.824961,15,6.132786
-3.524166,14,6.150895
3.167539,15,6.170493
-1.348347,13,6.187246
-4.369139,13,6.204535
0.172166,14,6.222842
2.199969,13,6.23938
-3.678395,11,6.254041
3.42353,13,6.271061
-4.890954,31,6.311558
-8.549198,14,6.330412
-0.033754,10,6.343198
-3.507924,16,6.363999
4.607138,28,6.400115
-2.170778,19,6.423214
-1.81464,13,6.439138
-3.357899,14,6.456427
8.404387,31,6.484715
11.24313,25,6.508028
15.558244,30,6.534756
-2.349615,23,6.55525
0.690956,14,6.567298
5.440953,22,6.586946
-5.093425,13,6.599019
-1.880673,14,6.613432
3.086366,12,6.62502
-3.130979,31,6.655629
-5.333181,9,6.665052
-4.661996,12,6.676577
-2.549409,11,6.686623
1.212334,26,6.710787
5.024475,18,6.727905
-1.746511,17,6.744893
-2.123591,16,6.761694
-2.723623,9,6.771976
-5.916419,11,6.783549
-2.218449,11,6.795898
6.998792,24,6.822166
-1.38307,8,6.830868
-1.905384,13,6.844095
-0.642414,18,6.86344
3.836012,19,6.883404
-2.460877,9,6.892731
-2.358071,13,6.905999
-2.817939,9,6.916353
-2.849331,13,6.929559
5.599019,20,6.950893
3.807142,16,6.968357
-9.419391,16,6.985873
-1.523325,14,7.001193
-3.52884,25,7.027449
0.77962,14,7.040499
-2.768359,12,7.050957
1.762583,13,7.063807
4.296013,14,7.075993
0.469941,14,7.092251
-6.16593,20,7.112134
-0.421325,18,7.129811
-1.922787,8,7.138361
-4.097479,12,7.152065
-1.358108,13,7.165869
-2.924177,16,7.180732
-5.508475,10,7.191303
-2.280462,12,7.203903
8.362249,38,7.239672
-0.312266,9,7.247981
-6.704,10,7.258497
2.891422,15,7.274669
-4.502409,11,7.285561
-0.215111,11,9.678695
3.211142,17,9.700289
-1.046342,11,9.714715
1.756303,22,9.743454
-1.635509,14,9.761385
-2.083823,13,9.77758
-4.437141,13,9.794678
4.592001,15,9.8139
-0.777489,20,9.839474
-1.320308,15,9.858585
-3.193313,11,9.872558
4.161418,26,9.906163
-6.946674,17,9.928031
-2.003835,12,9.943508
-5.860354,8,9.9543
10.967141,30,9.992146
-0.431223,14,10.010261
-9.847474,26,10.043519
-4.781817,15,10.063235
16.791778,24,10.094584
-0.971811,8,10.105104
-1.443105,19,10.129612
16.882662,34,10.172249
-0.600873,12,10.187706
-2.889337,9,10.199494
-2.761402,7,10.208903
5.273325,19,10.233547
10.533583,24,10.263993
13.169138,42,10.316908
-1.01769,9,10.328389
-1.383906,7,10.337661
-3.636016,9,10.349705
1.504948,21,10.377011
-2.408782,13,10.393989
9.102748,18,10.417333
-4.765474,13,10.434183
-2.226002,15,10.45396
1.176981,12,10.469381
8.924445,23,10.498456
0.538376,14,10.516357
5.463563,27,10.551305
-3.111899,9,10.563004
-1.649289,13,10.579857
-3.290268,16,10.60087
-0.243759,10,10.613851
-0.902248,17,10.6357
-10.179304,13,10.652832
-2.057125,11,10.667047
-0.827586,13,10.683275
25.390027,45,10.740172
0.036921,12,10.755525
0.92222,10,10.768497
-3.090175,19,10.792021
3.808203,19,10.815819
1.047808,15,10.835267
4.192724,22,10.863727
6.05269,14,10.881279
5.078827,37,10.928933
-4.126634,10,10.942442
3.729704,15,10.961424
-3.875662,9,10.973184
16.46789,37,11.020916
-1.143254,7,11.029844
0.198093,13,11.046614
0.849856,16,11.067193
-3.531299,10,11.07964
-1.34554,11,11.093958
0.243317,17,11.116211
-2.507562,10,11.129065
3.366505,33,11.171214
-1.212554,31,11.210002
-1.993313,10,11.222414
5.097697,15,11.242043
0.428808,21,11.268157
-3.571205,17,11.289933
-8.76656,26,11.323801
10.376965,20,11.348706
29.059216,60,11.4237
10.359255,33,11.464832
-1.181123,11,11.478883
-8.422064,11,11.493085
-0.524309,10,11.506091
-3.109227,7,11.515607
-1.180681,11,11.528914
1.280255,12,11.542727
-2.324635,18,11.563709
-5.464349,23,11.590881
0.590777,20,11.615184
-1.23611,10,11.627735
-0.041439,37,11.671859
7.49807,17,11.692301
1.133892,27,11.727344
13.640436,22,11.755534
-0.990863,17,11.776988
14.174286,38,11.822879
-2.515708,18,11.845395
12.636416,30,11.883537
2.291678,14,11.901147
7.604135,37,11.946008
3.905102,21,11.971374
19.174457,41,12.020566
12.013273,31,12.054604
14.34583,26,12.08313
3.621472,14,12.098847
5.024649,27,12.127187
4.457731,16,12.145042
1.930896,14,12.159813
-1.602488,15,12.175843
13.006975,34,12.21239
1.808144,28,14.759407
12.179964,35,14.805077
-1.370547,13,14.822299
-2.978091,19,14.847029
-0.512533,35,14.89137
-0.114351,22,14.920018
-1.432236,9,14.931666
-0.971388,10,14.944801
2.695951,19,14.969215
-4.271471,12,14.984665
7.698447,24,15.016307
-4.294744,12,15.032159
-1.135455,16,15.053006
8.60253,67,15.138555
4.573099,27,15.173098
0.629576,18,15.19645
0.272605,13,15.213593
5.097786,14,15.231787
0.27947,18,15.255475
16.346662,30,15.2943
10.108759,25,15.326469
17.456828,33,15.368625
-5.945699,12,15.383996
2.401984,11,15.398496
9.750969,27,15.433182
2.662698,22,15.461549
-2.077518,9,15.473484
-0.476855,20,15.499264
3.798431,23,15.528724
3.858702,14,15.546709
8.547407,30,15.585457
-0.54462,8,15.596061
-4.833585,12,15.611882
-0.822814,11,15.625875
4.394111,23,15.656028
5.584903,32,15.697565
-3.402152,20,15.723012
1.633573,11,15.736809
-4.740484,23,15.765385
-2.538967,13,15.78153
12.497222,23,15.810848
0.400899,17,15.832302
15.546227,39,15.880659
3.185658,22,15.907846
3.367173,73,15.998457
-1.744907,7,16.007492
12.575646,37,16.053274
2.797837,12,16.068693
-0.259834,11,16.082329
-1.797701,15,16.101337
-5.83569,11,16.115365
1.540926,19,16.139264
0.227833,11,16.152761
0.434964,16,16.172836
-1.92993,13,16.189458
5.678357,26,16.22207
12.810279,48,16.281575
-1.235446,14,16.298838
0.572268,21,16.325439
11.864738,35,16.369173
17.83313,43,16.422026
10.407658,24,16.451845
-1.043352,12,16.467012
11.04943,22,16.493762
5.228466,14,16.508124
18.622992,39,16.546513
6.319143,46,16.595076
3.402002,23,16.619943
2.386462,12,16.632739
-6.088669,13,16.646566
-2.153809,10,16.6575
13.436697,22,16.680967
-2.325082,17,16.697748
-3.897865,10,16.70895
-0.892735,8,16.717388
-0.965994,16,16.734477
1.735291,17,16.751888
-2.654212,8,16.760839
4.705169,21,16.781767
7.342762,16,16.798171
1.048949,9,16.807994
0.570732,12,16.820645
0.27925,11,16.831207
11.596826,40,16.874528
3.300266,19,16.893918
-2.622757,12,16.907537
4.332566,17,16.926395
-4.577482,13,16.940162
-0.770536,14,16.954643
12.859607,42,16.999212
11.442687,38,17.036839
3.207494,18,17.056672
-1.937066,12,17.069867
3.434374,26,17.096812
-5.570072,13,17.111492
1.171293,15,17.125223
-1.507579,22,17.15022
14.050463,31,17.182437
6.550192,20,17.202159
15.144856,26,19.866212
13.108629,35,19.910891
-1.516247,10,19.92392
29.801322,38,19.972807
1.575703,14,19.990825
3.468494,14,20.008605
10.955579,47,20.066078
-2.308477,9,20.077599
-1.445172,14,20.094607
29.063781,45,20.144626
4.297118,21,20.167317
3.930873,19,20.186847
15.849325,67,20.255257
-3.155039,10,20.265803
3.540978,13,20.279986
11.755011,25,20.308153
1.029818,24,20.33251
11.3554,44,20.378387
0.03086,13,20.390019
0.181364,21,20.410046
41.471141,58,20.46326
24.897565,53,20.514854
3.774978,15,20.53093
-4.372149,9,20.540694
-2.546165,13,20.554043
2.901555,14,20.567396
-1.76681,8,20.5772
-1.289249,9,20.586905
-6.647643,16,20.602094
9.261507,50,20.647049
-1.951741,15,20.661376
16.360757,54,20.710385
1.175389,12,20.721161
6.95858,17,20.73902
-4.738079,19,20.756702
5.39973,49,20.808136
-6.593259,17,20.825809
3.078324,30,20.85685
-1.748159,9,20.86599
1.479717,12,20.87872
-7.580339,10,20.889234
6.197283,17,20.906914
11.145232,48,20.957477
1.286472,18,20.976649
-2.275237,10,20.988177
7.640172,22,21.010213
20.822302,54,21.068509
-0.314994,9,21.077951
6.804796,29,21.105954
-3.036171,11,21.116748
2.013779,19,21.137207
-2.683974,15,21.152307
-3.433839,14,21.167205
1.699615,18,21.186372
24.555351,39,21.227282
14.765353,30,21.258389
-4.756163,17,21.277631
1.151024,20,21.299484
-0.113134,11,21.312393
-1.912502,8,21.321703
-1.143994,12,21.334614
42.565051,82,21.422652
4.191862,18,21.441272
68.459741,91,21.53563
7.279036,16,21.553402
0.764908,14,21.56743
0.140314,10,21.578106
5.105195,15,21.593642
9.437487,29,21.626288
-2.206152,7,21.634024
2.245153,16,21.651158
-0.994321,12,21.663944
80.133953,113,21.780476
1.645353,13,21.795317
27.205525,58,21.857045
9.354468,20,21.878531
0.414812,11,21.890604
0.017203,10,21.901727
10.63098,34,21.937111
15.25861,33,21.972611
40.456154,74,24.699358
3.592769,15,24.717801
-3.299928,11,24.730512
-5.461119,11,24.742326
17.865303,33,24.776732
7.995073,20,24.798233
14.041484,36,24.835021
-5.766075,10,24.846244
14.61243,27,24.875498
18.523592,61,24.94064
-2.338199,9,24.950372
1.114809,13,24.965032
-4.391006,12,24.977329
-0.594971,9,24.987549
4.038511,13,25.001114
11.053862,24,25.0264
-0.732859,17,25.044407
-2.038469,24,25.069623
-1.097985,13,25.083792
34.922338,78,25.163778
14.203538,33,25.200286
-0.579796,20,25.221634
3.751501,15,25.237883
-4.401246,22,25.262486
10.967561,29,25.294707
-4.796968,18,25.313975
29.500033,48,25.365265
15.689351,33,25.402204
4.345232,21,25.424384
0.370019,10,25.43566
4.260104,24,25.461158
-1.663891,12,25.472678
-6.007548,10,25.483444
24.214643,47,25.532359
10.905971,36,25.57142
15.269536,61,25.633962
0.971858,13,25.648836
1.642155,17,25.666363
-1.554226,8,25.676174
-1.343663,15,25.692431
2.883545,11,25.704689
28.874772,39,25.746252
24.816995,51,25.79764
8.28694,20,25.81875
2.289716,12,25.831672
3.353454,20,25.853185
-6.935195,31,25.885246
10.240194,23,25.910236
8.002059,55,25.967696
70.846951,72,26.045055
2.055539,22,26.06886
-0.054989,17,26.085363
2.572401,13,26.099501
-0.986477,13,26.113762
7.739741,71,26.198934
5.837668,20,26.22406
-0.40366,12,26.23914
-6.287896,15,26.257979
13.133478,34,26.300495
1.883019,17,26.321823
15.535145,38,26.368681
-1.853832,14,26.386039
28.431722,64,26.465083
21.738374,74,26.557137
16.92406,52,26.621578
12.902418,24,26.651917
-3.001491,11,26.665677
-3.807843,21,26.692288
-1.362663,10,26.704919
6.479037,25,26.736379
44.28435,94,26.852643
6.790751,36,26.897804
5.944247,21,26.924001
-0.865415,11,26.937711
5.544113,16,29.36137
14.942067,38,29.397108
27.053334,35,29.428513
2.187481,20,29.447365
28.684867,46,29.489634
23.070424,58,29.542023
26.465372,50,29.588132
2.819444,23,29.609419
32.901102,80,29.681215
14.373413,106,29.775169
5.219036,85,29.862493
9.953425,19,29.882196
-6.359573,12,29.894125
16.073098,45,29.942131
42.862759,80,30.022256
11.073128,47,30.072826
2.12671,19,30.094208
10.426498,27,30.122817
6.690623,27,30.152688
10.015608,32,30.188677
11.908022,32,30.222274
39.081095,66,30.292939
34.057334,46,30.342261
-1.964236,16,30.360046
3.186905,22,30.383925
9.21527,24,30.406719
29.025057,46,30.457196
1.993242,16,30.473647
0.774216,16,30.491962
-0.548708,11,30.503653
-3.523023,9,30.514125
8.461305,25,30.540588
-0.275918,12,30.554142
19.590276,58,30.614568
37.064241,59,30.675298
-0.590596,14,30.689593
32.203532,65,30.758692
2.855078,15,30.773767
10.631367,30,30.805011
19.879581,34,30.839796
24.374974,53,30.894886
22.48361,61,30.959139
59.114832,73,31.036408
37.27841,76,31.116102
-1.127191,9,31.126274
11.11764,24,31.153086
-0.017862,9,31.161865
-1.035242,11,31.173973
-0.469958,10,31.184574
23.419498,66,31.250319
-1.834782,8,31.259733
14.536094,29,31.292097
5.717985,21,31.312991
3.794685,22,31.33385
3.078104,13,31.347596
17.015526,63,31.413105
1.018368,10,31.424028
16.962061,81,33.867862
37.988366,57,33.924682
27.941099,107,34.020101
21.059738,45,34.060205
27.85893,39,34.095147
24.775723,46,34.136803
2.243662,19,34.153803
8.995164,22,34.173066
11.297069,24,34.194033
26.588701,52,34.242377
12.308768,54,34.291102
4.392872,63,34.347963
8.382439,23,34.372933
16.055327,46,34.42189
11.810741,50,34.473994
34.587521,61,34.52935
16.266762,41,34.571059
4.615505,16,34.587843
21.068625,40,34.628984
36.398306,75,34.708637
-1.749056,8,34.717355
11.468195,27,34.745663
18.056237,41,34.788249
-18.102505,97,34.88988
-0.048291,15,34.90473
-4.331726,13,34.919091
31.782514,62,34.98843
29.709271,77,35.070065
22.848968,50,35.122976
32.786706,50,35.176278
31.077505,42,35.220146
30.53581,39,35.259356
2.131714,24,35.283391
56.729621,77,35.366142
53.562057,65,35.43209
-1.431987,9,35.441592
22.768743,57,35.500338
9.8137,27,35.529088
13.270263,46,35.577098
0.793818,14,35.592983
41.583255,55,35.649812
10.751812,26,35.675576
-0.011802,9,35.684119
15.816544,43,35.728226
17.253103,33,35.763794
21.228981,46,35.811683
26.336941,45,35.857995
5.677607,29,38.563687
8.045148,33,38.595108
25.251585,74,38.666037
74.087943,118,38.787776
27.965745,59,38.850703
8.609115,24,38.876034
33.999323,68,38.948008
12.097671,109,39.063264
1.362402,10,39.073677
23.667454,42,39.117844
12.209302,42,39.160806
15.107865,59,39.222269
41.780897,136,39.366861
54.98965,121,39.492336
6.785631,27,39.520477
10.53077,30,39.553042
32.873453,85,39.646327
53.84122,92,39.742834
16.856116,75,39.82036
20.208674,37,39.861585
-5.111987,14,39.876813
29.519665,53,39.932844
46.13075,67,39.999941
-0.7827,9,40.0093
24.770231,44,40.056835
-0.002026,9,40.066196
-3.158315,81,40.150873
20.760201,79,40.233907
23.1798,37,40.272598
-0.494541,13,40.286684
58.309159,82,40.372401
4.229494,23,40.399711
37.098065,85,40.481915
116.292351,127,40.605587
0.868356,14,40.618607
15.951262,38,40.658104
-1.701007,8,40.667593
54.183776,114,43.44706
32.857358,86,43.530813
62.156474,136,43.673778
3.110092,21,43.696602
27.774769,39,43.737642
79.940056,82,43.820905
3.195195,16,43.839544
40.216976,58,43.903223
26.729463,56,43.964642
-0.240977,13,43.979368
45.077643,129,44.115027
-1.151111,8,44.124357
23.380613,75,44.203731
72.154263,134,44.343315
-1.105542,14,44.359462
53.737739,124,44.493495
108.255285,151,44.646863
4.087581,16,44.663614
5.273678,16,44.680451
25.065701,37,44.719167
37.367351,59,44.78298
78.486333,133,44.933235
24.956551,41,44.984796
-4.35508,9,44.996259
31.695741,56,45.063848
35.871497,54,45.129388
179.63507,134,45.290421
1.060042,10,45.302629
-4.138484,48,45.361288
20.133626,34,45.403337
20.180951,138,45.569144
75.896734,123,48.174422
65.740482,86,48.264586
24.407886,67,48.334584
176.87525,141,48.486267
26.000985,36,48.525644
13.493179,101,48.633843
15.634213,47,48.685268
52.888809,102,48.794212
36.693324,74,48.876515
144.81752,138,49.016156
5.153065,24,49.041921
190.586271,150,49.19588
19.492244,57,49.251761
161.614894,123,49.377139
19.133784,29,49.407248
62.392404,73,49.48601
158.893715,144,49.628459
30.257536,51,49.67986
9.699536,38,49.718185
56.171677,74,49.789501
77.651553,106,49.89319
151.573413,231,50.12393
35.859539,58,52.863962
235.306314,315,53.194017
12.723596,72,53.26973
63.71825,114,53.389797
28.805025,48,53.440927
25.494861,169,53.614714
146.090295,164,53.78637
15.602605,28,53.816054
23.019645,27,53.844671
12.150766,98,53.945484
37.306654,119,54.066378
30.953481,111,54.180919
8.673499,68,54.251936
284.312792,170,54.418965
237.524819,155,54.561664
48.859512,74,54.631145
154.567775,143,54.768176
80.55005,184,57.592823
24.725442,47,57.639445
67.31825,101,57.741441
3.483182,18,57.760736
-0.853556,9,57.769282
7.610527,110,57.88352
13.207135,31,57.916651
18.252655,28,57.94476
23.290085,38,57.98614
110.261648,85,58.077701
26.948787,128,58.210751
35.226715,64,58.277272
46.098922,133,58.419345
4.836045,16,58.43598
27.347217,37,58.474329
57.736448,147,58.619589
3.666579,16,58.634309
170.190034,101,58.728151
4.904126,15,58.744125
183.329749,158,58.907248
8.258547,29,58.938056
30.631556,57,58.996258
49.583535,65,59.055348
8.503995,28,59.080765
45.853019,58,59.132625
24.22459,76,59.199838
79.150154,98,59.287107
78.970605,107,59.381463
25.421383,37,59.415065
94.921427,91,59.495962
79.306447,86,59.571744
5.822804,33,62.15887
143.332309,126,62.312901
125.362924,165,62.509383
143.675579,201,62.71906
61.300737,176,62.898276
74.004178,166,63.07097
67.236373,92,63.16651
23.880845,125,63.298828
19.615543,32,63.332341
120.545424,232,63.5524
92.927073,169,63.701743
81.886266,89,63.781766
50.084378,123,63.891801
129.756532,194,64.064241
201.934453,123,64.173532
49.669028,71,66.53426
33.196158,121,66.684467
56.001449,190,66.908717
-0.534891,13,66.923666
20.765815,60,66.985864
-0.556858,19,67.005343
263.019508,182,67.186277
28.352857,78,67.267376
15.791712,32,67.301843
99.246696,182,67.486768
147.124055,128,67.622248
268.046009,152,67.779282
98.285023,182,67.968442
97.19545,144,68.116825
30.48604,118,68.239095
75.629362,146,68.389262
245.656512,163,68.558646
165.564259,231,71.299519
-4.192885,15,71.315738
363.208558,270,71.567153
148.960932,146,71.697301
95.364847,170,71.844903
40.613396,130,71.961562
55.773212,155,72.098731
57.07214,141,72.223474
37.598456,147,72.35345
29.321898,183,72.534935
12.919389,69,72.605432
77.845622,143,72.75255
145.273582,109,72.865019
260.765599,199,73.069818
85.400331,189,75.684192
94.407064,188,75.8752
190.627334,133,76.001241
162.108692,279,76.242024
25.562787,73,76.298228
126.214617,157,76.417869
5.821851,17,76.431133
116.108137,204,76.587594
304.168681,198,76.747062
77.167147,147,76.870094
287.353183,177,77.052882
46.795825,74,77.129691
27.583667,84,77.216076
70.645083,169,79.793197
274.915659,156,79.952656
82.28487,133,80.091734
56.488703,59,80.152471
190.678529,141,80.296259
306.708127,174,80.473811
397.981594,270,80.748517
35.733693,100,80.852594
219.247497,168,81.043253
274.40293,187,81.270755
120.851079,94,81.3857
100.415496,194,81.623861
65.927346,96,81.74146
220.181465,296,84.567144
10.067424,28,84.602105
160.009043,171,84.816112
314.886295,185,85.046662
238.541309,150,85.234946
100.869726,92,85.349901
278.467301,188,85.580609
65.495372,212,85.845093
33.829096,215,86.112951
216.565535,121,86.26129
352.043168,217,86.484313
338.532397,240,86.712754
42.238848,68,86.782377
189.177809,103,86.887627
53.948008,116,89.344183
102.365245,217,89.556704
69.786692,100,89.655929
61.892415,194,89.854689
328.229972,206,90.066727
75.924939,92,90.174916
207.698154,142,90.350007
26.462623,134,90.513715
93.214424,223,90.781256
126.185095,115,90.899601
204.477781,147,91.04191
150.260314,195,91.24479
45.086797,170,91.425618
86.324428,192,94.144417
246.264883,160,94.344536
34.639442,61,94.420272
140.338676,140,94.594311
34.318873,62,94.672332
136.338632,141,94.845111
28.83216,36,94.889213
133.974522,106,95.019036
146.225397,247,95.241838
67.761657,146,95.386574
101.984731,99,95.484639
34.752431,162,95.651484
85.36065,129,95.780674
35.641241,90,95.872372
33.295936,114,95.982202
181.239212,151,96.130962
100.502279,271,98.847007
314.043648,402,99.202956
19.26965,102,99.292884
212.950173,123,99.401902
243.422694,133,99.518477
330.173805,310,99.82292
174.117167,136,99.965133
227.514571,120,100.089628
163.458482,264,100.362232
116.457653,147,100.513834
4.880911,27,100.543422
40.873317,104,102.948724
135.482777,240,103.190482
170.561158,370,103.643999
316.390302,216,103.903531
110.025911,164,104.102528
107.331599,109,104.233237
288.880557,210,104.475426
51.816031,117,104.596159
333.932212,270,104.874925
166.033122,222,105.087886
107.809686,212,107.714507
272.556635,355,108.077682
133.582839,225,108.308081
81.762087,246,108.560237
291.341134,230,108.793844
202.012253,334,109.13819
-4.190252,122,109.284199
280.416051,185,109.503919
138.232974,135,109.667521
259.811034,202,112.408819
176.569224,114,112.531651
116.013068,117,112.649281
285.630081,177,112.826132
207.261372,103,112.931982
41.055268,164,113.091488
295.665453,163,113.252562
242.254492,145,113.403031
457.58658,324,113.7408
269.152133,168,113.918921
15.402918,24,113.943783
99.954651,203,114.151759
175.725027,101,114.25504
226.801116,159,116.840167
391.979283,240,117.10383
252.040017,182,117.291519
312.576851,220,117.544211
240.43678,128,117.676379
412.348321,249,117.935196
200.852689,110,118.051243
230.179525,157,118.218242
94.315204,90,118.309119
102.93803,155,118.46982
336.312722,239,118.72593
290.476893,182,118.90442
427.822639,303,121.786241
361.067844,203,121.993786
211.24879,132,122.13017
435.242364,267,122.41407
273.369526,163,122.584183
188.313251,113,122.701697
250.282229,205,122.913906
329.223349,207,123.128606
268.998751,181,123.320762
175.021073,111,123.457501
396.483237,248,126.062593
211.580451,145,126.204597
246.143448,147,126.360053
215.713333,128,126.498106
304.791681,399,126.998168
39.638117,120,127.126187
36.822526,96,127.223206
86.479932,269,127.499281
284.335626,155,127.660322
17.512124,43,127.705422
186.890518,104,127.813135
221.0116,119,127.953064
111.210067,249,128.275494
49.792609,190,130.668514
409.557066,296,130.939115
228.189782,127,131.069333
231.646691,190,131.265346
257.149673,154,131.412454
399.42299,274,131.68136
290.772007,161,131.848667
278.279712,140,131.992953
334.933873,220,132.22089
301.876664,203,132.434015
138.184139,77,132.515783
99.310766,205,135.259085
297.110731,471,135.785193
272.121379,155,135.949525
412.425114,286,136.255479
182.624223,288,136.543785
345.32959,229,136.783578
295.415271,191,137.00747
238.448634,136,137.150226
286.690732,170,140.102245
358.376756,255,140.363727
188.921548,117,140.483766
395.632132,292,140.795812
291.264752,360,141.210262
247.878616,152,141.393784
252.489989,161,141.589781
348.709146,215,141.832947
244.026364,178,142.019145
337.470023,216,142.242776
295.510852,198,145.001649
253.010453,137,145.141751
408.878555,255,145.405895
499.686858,372,145.790745
319.738564,187,145.987693
314.996501,190,146.187826
403.158487,255,146.453706
381.733812,231,146.707585
372.643514,253,146.977008
125.892072,220,149.905026
236.782728,126,150.0397
112.229439,271,150.32516
291.362724,157,150.488373
203.874066,141,150.638808
311.266711,191,150.836797
40.535848,96,150.93347
301.580093,167,151.106814
310.777195,188,151.305981
522.953702,435,151.769372
176.58976,109,154.621131
242.044961,144,154.773797
321.026372,193,154.968261
251.555981,168,155.143347
386.167282,233,155.388202
43.830248,53,155.443933
367.9784,237,155.686834
254.953016,160,155.853946
334.365618,206,156.06162
339.92882,202,156.273396
41.959878,162,156.446056
326.983979,217,156.715466
62.611752,201,159.543078
309.651638,195,159.746921
202.975968,116,159.870816
78.411274,222,160.108288
87.760651,205,160.313587
228.384625,147,160.492836
132.716639,254,160.803161
396.556679,249,161.109912
183.24933,100,161.236049
360.514051,234,161.524856
251.962789,142,161.700088
237.287772,124,164.330244
263.421627,144,164.506463
345.270449,270,164.787365
307.10884,253,165.049567
254.881019,142,165.196775
236.286693,133,165.332367
252.828403,146,165.483323
324.036316,230,165.770781
339.561728,216,166.043074
244.456451,134,166.211406
363.521155,237,166.508839
45.026111,225,169.200613
413.847587,266,169.495623
358.727642,221,169.76487
68.813738,198,169.991061
245.727183,133,170.128629
40.387742,151,170.288111
275.604823,160,170.456195
232.748089,123,170.576502
259.560193,216,170.749307
326.119096,200,170.955144
279.351815,155,171.114604
301.643056,187,173.681911
267.646551,151,173.865194
447.36292,326,174.231907
283.552709,192,174.42312
242.46897,146,174.564159
110.953721,238,174.812117
246.394614,136,174.9457
409.443142,307,175.193196
414.332969,282,175.410054
568.253333,402,178.278166
343.815889,215,178.505919
243.392714,134,178.637772
148.902917,251,178.891384
246.232142,147,179.039205
302.681044,172,179.218176
225.01506,144,179.359601
284.49416,389,179.734234
340.736946,194,179.884401
318.153583,187,182.498787
138.465624,316,182.837191
257.315475,183,183.029139
478.995155,434,183.528398
60.286295,234,183.814567
78.624966,172,184.025223
359.026297,199,184.233567
25.122286,108,184.33524
399.210676,296,184.636503
362.110658,256,187.430224
332.012271,229,187.671847
248.412957,148,187.83026
304.68186,170,188.008469
225.293397,138,188.154113
294.483542,194,188.35765
300.677223,160,188.516513
319.137766,250,188.754245
373.198115,218,188.947255
201.759242,128,189.045713
311.985818,186,189.189365
72.697827,204,191.922918
336.889552,213,192.14413
305.005005,204,192.357558
447.024301,307,192.679675
275.544398,148,192.829142
400.007822,232,193.067762
370.682996,230,193.280958
299.761493,218,193.474608
443.172972,314,193.716596
304.332542,163,196.349722
26.241394,154,196.516655
227.201917,150,196.674088
312.123116,180,196.862337
256.170729,138,197.003822
314.925639,170,197.171759
463.225609,329,197.498447
105.201041,197,197.688955
242.604034,143,197.81673
280.404039,152,197.95174
153.504485,86,198.02055
318.948156,222,200.400714
258.785532,133,200.540229
288.357047,168,200.716825
197.252043,116,200.835479
322.552985,206,201.052249
221.652113,124,201.182524
372.479695,222,201.418312
355.744231,251,201.673427
226.088297,126,201.80108
293.518094,178,201.977001
311.461154,192,202.161188
411.016695,256,202.434332
474.387314,315,205.380538
443.041173,306,205.700857
373.654923,219,205.932396
293.683201,160,206.096388
322.140259,223,206.312328
283.577318,171,206.472557
171.748599,309,206.784054
415.104682,334,207.056657
307.239508,216,209.800587
402.739879,254,210.063653
364.34491,230,210.306906
340.638379,197,210.499693
220.201381,112,210.626871
244.187286,118,210.749524
289.825426,156,210.905455
357.940969,209,211.125971
216.898572,121,211.253625
60.038243,206,211.468143
501.58598,379,214.2695
344.624526,196,214.47476
278.363871,170,214.654645
285.989979,149,214.811088
301.299772,180,215.004372
258.632411,135,215.134089
303.199059,160,215.298031
443.849023,287,215.587483
240.758321,121,215.704423
407.314993,221,215.934403
331.819628,188,216.101456
207.717796,114,216.189511
255.532576,154,218.923027
307.584144,197,219.130924
266.333046,131,219.268951
151.845124,272,219.579045
451.841308,275,219.913731
231.939318,140,220.0844
265.856951,138,220.25605
350.669024,151,220.442553
457.594263,277,220.695945
340.675162,223,220.894366
339.177683,215,223.536586
361.431213,178,223.720486
393.355726,244,223.96832
334.040842,211,224.175431
349.5421,201,224.365295
345.191649,174,224.541424
368.325196,211,224.756401
334.183691,159,224.920854
378.663282,239,225.167696
300.780827,152,225.323501
376.245793,203,228.017099
198.453402,116,228.143883
421.655035,293,228.463257
411.595968,247,228.771801
335.883432,175,228.991837
259.708544,146,229.173978
350.500166,203,229.385052
395.361451,233,229.583115
421.216081,263,229.81619
229.441834,132,229.918181
437.004368,244,232.278664
525.76865,312,232.615012
271.181101,140,232.758036
351.157816,202,232.971824
372.543703,203,233.178885
13.54278,26,233.205621
315.571443,208,233.393744
362.750291,198,233.57077
45.134131,205,233.731861
263.693463,134,233.835278
338.671436,189,233.988404
354.148973,264,236.631854
239.092601,143,236.771684
370.206629,219,236.968501
403.462121,273,237.218804
318.293386,174,237.397633
114.249502,171,237.569849
434.354637,250,237.823344
42.227211,153,237.981069
307.822984,157,238.142052
229.68373,123,238.268074
225.690387,114,238.384944
346.564051,173,238.56254
278.748903,193,241.118654
255.3042,142,241.259182
315.835977,167,241.413285
307.476301,169,241.578556
354.678587,168,241.750567
262.82007,142,241.898807
95.093392,212,242.122531
367.21092,240,242.372102
411.719347,239,242.616778
301.805815,159,242.781311
374.206002,183,242.970522
374.833503,195,245.663021
344.505753,186,245.849603
381.902849,195,246.049403
552.521842,368,246.428993
436.945746,286,246.704691
335.052551,146,246.853599
326.156189,194,247.055034
334.078294,181,247.241836
14.067929,110,247.353896
273.02139,163,247.512243
285.228969,155,250.104494
324.899228,190,250.281561
252.251033,135,250.405269
187.803175,97,250.505628
410.298055,264,250.767787
404.332883,218,250.965307
459.565476,261,251.227842
445.238188,321,251.514017
369.76827,209,251.699946
285.696348,167,251.855024
347.465747,184,254.433832
371.365292,215,254.6263
377.962747,173,254.78088
440.390358,261,255.017706
386.950584,211,255.241481
363.153114,159,255.402343
321.380408,186,255.610528
247.751084,123,255.75447
280.67141,130,255.869704
407.522559,258,256.100308
301.268619,186,256.267892
368.303692,158,258.838975
436.384655,276,259.084018
295.237348,150,259.216512
516.398639,345,259.53029
364.709836,192,259.727245
393.090688,269,260.000797
246.947159,140,260.143892
460.432998,314,260.473412
326.584258,167,260.645511
265.117604,144,263.223705
383.139058,155,263.361258
311.394771,157,263.499921
78.706943,167,263.649242
513.504823,325,263.938491
278.787276,150,264.071994
290.336755,151,264.218337
420.244395,284,264.490099
345.574528,175,264.688715
421.847251,214,264.908908
189.18567,97,265.012649
392.422504,215,267.65963
407.645674,206,267.873908
343.766388,176,268.05694
333.259037,163,268.220504
343.577716,194,268.394696
408.422888,228,268.598366
192.100581,106,268.692661
347.983755,192,268.890995
335.409202,180,269.078182
296.642972,156,269.232187
364.58469,218,269.486006
321.7339,231,272.139039
339.529536,170,272.296026
440.745543,256,272.525207
445.267964,259,272.757245
378.191889,239,272.972319
342.175953,182,273.134629
380.946711,220,273.330939
457.120161,253,273.5568
464.385968,304,273.911186
285.845791,133,276.557155
309.208213,149,276.725888
438.22519,242,276.942364
-2.216171,142,277.069373
472.632434,339,277.383774
110.166107,289,277.641822
316.623366,157,277.787307
356.72418,195,277.971966
229.185096,112,278.0867
350.582132,240,278.326807
337.09157,146,278.475314
409.300321,291,281.175701
398.034897,225,281.40904
377.458387,258,281.676695
420.5155,246,281.931688
486.11297,319,282.262568
417.518334,221,282.491234
261.027098,141,282.630922
39.96311,246,282.891895
310.676726,151,285.595394
451.470755,247,285.885458
300.539825,169,286.057712
319.582092,166,286.205246
320.597803,182,286.366289
309.36451,155,286.504793
325.991832,211,286.693647
369.748074,193,286.865857
526.753572,356,287.216209
124.451888,209,287.437435
35.451375,146,289.90235
408.846077,228,290.15951
522.779223,363,290.604518
148.62601,88,290.682466
301.061863,155,290.841412
456.001802,259,291.087782
348.456297,182,291.272078
374.351237,230,291.488193
316.756507,146,291.638076
286.748285,174,291.820709
295.95205,152,291.972236
366.200785,160,294.541471
448.727873,237,294.840085
314.488513,160,295.016282
470.375833,257,295.282676
44.32182,192,295.465595
112.642066,260,295.737108
454.866942,252,296.002656
355.062139,195,296.203742
349.065195,182,296.396676
463.981343,304,299.14608
440.653382,250,299.462347
313.941434,143,299.640285
375.964491,228,299.927638
395.634274,221,300.144551
349.975059,172,300.317479
286.378018,144,300.461576
334.740734,150,300.610382
756.875541,608,301.213272
366.64486,162,303.925018
385.962224,212,304.09577
297.297642,156,304.215899
268.521421,139,304.353513
351.754979,162,304.514919
438.28532,170,304.688246
371.230838,193,304.889546
273.847492,129,305.018911
294.436115,171,305.184605
398.733825,203,305.384886
379.014242,189,305.580229
258.088643,128,305.712638
441.88473,275,308.526965
406.476037,233,308.736882
376.720261,190,308.8878
335.494399,155,309.045644
398.322037,192,309.247709
420.113692,224,309.470359
348.904925,195,309.664714
486.840245,283,309.955478
337.97019,164,310.129687
354.686895,171,310.308274
379.804362,198,312.988092
263.595018,135,313.155802
626.914018,348,313.583884
470.816188,326,313.909773
476.868381,278,314.198021
322.280503,146,314.349591
390.881816,193,314.542689
313.589404,172,314.718279
255.378932,139,314.864025
398.143847,184,317.48074
362.861418,189,317.696055
408.914323,226,317.928985
682.820003,524,318.462076
384.24599,211,318.676238
244.223787,133,318.806082
312.472075,158,318.972012
414.495712,251,319.235428
343.844259,146,319.389017
355.528949,198,322.146788
276.074393,147,322.292111
322.199567,166,322.436522
369.483636,196,322.592172
379.484912,207,322.775399
363.829665,170,322.950636
434.159678,238,323.197484
402.570749,245,323.45681
323.1006,163,323.626604
437.900671,248,323.884736
227.826339,111,323.998686
388.836358,219,326.745967
330.475648,157,326.908213
461.581115,236,327.152859
427.629831,238,327.402242
108.797183,197,327.606946
37.560217,166,327.758427
377.930816,197,327.952422
378.22071,166,328.103324
450.552069,222,328.332547
471.286474,276,328.626764
411.526737,186,331.379329
388.023517,211,331.639012
409.794305,161,331.821454
452.712876,214,332.037314
284.326269,160,332.199082
380.649273,183,332.381755
452.591834,242,332.6268
362.626026,227,332.860308
470.030801,229,333.109275
520.204934,237,333.361127
411.858672,223,336.20488
449.253678,270,336.540599
603.512252,341,336.953903
289.996656,129,337.110865
471.080676,232,337.364531
314.894907,164,337.536758
531.874891,380,337.939525
309.739719,196,338.142308
306.151705,153,338.297683
519.783163,222,340.994297
466.295428,239,341.210753
240.149852,132,341.328903
220.543698,112,341.428224
405.540462,171,341.600168
378.828316,218,341.819349
361.602776,160,341.986273
259.644736,122,342.109203
436.384979,221,342.339001
460.842888,185,342.536766
430.687738,274,342.816409
368.716499,184,345.607036
366.726531,196,345.853149
348.958511,167,346.057564
445.410005,200,346.260262
344.566058,169,346.433737
307.680616,150,346.590084
377.742343,220,346.820449
341.425921,167,346.994085
489.972774,271,347.283416
532.30628,287,347.579576
439.379489,217,350.248328
407.751647,184,350.478891
409.939733,177,350.696089
363.397466,155,350.885988
476.707753,254,351.158484
446.082573,265,351.478463
502.630922,238,351.770814
295.717152,182,351.99596
408.851211,196,352.23809
452.399713,206,352.488911
404.249606,234,355.383874
442.232315,230,355.631299
425.568013,263,355.911593
468.203235,224,356.146644
368.179067,182,356.343268
415.387326,204,356.549918
395.222679,225,356.781765
380.737326,182,356.972862
307.949188,140,357.099177
499.927787,294,359.583421
374.456358,178,359.761257
314.761238,151,359.91103
445.143519,196,360.101722
426.024369,195,360.301202
391.559824,178,360.489601
379.094802,161,360.649654
365.631082,167,360.820562
368.968431,182,360.998113
401.218268,213,361.202466
616.363393,365,361.575058
442.510381,262,364.41278
591.865637,441,364.87003
403.088927,199,365.077137
585.285853,223,365.309667
391.170229,203,365.539135
354.045035,194,365.780816
443.283482,221,366.060477
325.252763,149,366.24722
754.362729,281,369.049354
390.201847,157,369.209657
469.550085,255,369.469106
476.319506,181,369.654185
278.662703,147,369.808453
452.798989,229,370.043679
505.70698,219,370.269716
468.691847,216,370.507868
505.880489,229,370.720928
376.776817,186,370.888287
635.617972,245,373.595232
336.991127,165,373.752397
476.972061,213,373.961805
371.298997,204,374.17114
563.468921,230,374.407879
428.695179,187,374.584872
493.696737,210,374.794219
384.967442,210,375.008427
318.775592,143,375.156887
487.117922,247,375.415675
372.896083,192,378.109843
540.180899,301,378.422625
507.795992,204,378.61315
384.997612,163,378.780797
317.970286,152,378.935184
353.219635,154,379.089931
473.839622,181,379.278897
258.676834,127,379.408837
682.360297,302,379.694026
505.387607,215,379.909579
464.187149,202,382.458347
417.692462,171,382.629344
517.10496,256,382.870461
458.516787,186,383.060691
210.526157,113,383.180271
387.183013,201,383.380292
426.131788,197,383.575704
416.910244,221,383.806859
341.442104,174,384.008436
518.227238,198,384.247894
313.444348,141,384.40219
404.073701,196,386.903137
387.348979,167,387.069195
489.296767,198,387.267415
503.592873,198,387.451824
422.451331,215,387.674436
462.59156,196,387.872257
854.905325,431,388.299809
489.98691,243,388.562005
486.113336,235,388.809234
84.237656,200,391.531981
485.467626,274,391.807806
570.651128,224,392.031864
754.614784,295,392.322704
301.28581,143,392.472438
325.815323,196,392.675981
436.056943,193,392.86646
599.709697,291,393.174391
347.3861,145,393.325008
255.463963,104,393.432652
367.434484,178,396.080323
384.801472,164,396.285253
429.927159,221,396.514729
536.104523,230,396.749423
327.978983,152,396.901844
462.271962,216,397.097168
374.681876,236,397.312063
372.120203,188,397.498572
523.086534,207,397.684403
392.96507,153,397.825235
555.140873,307,400.505373
608.753369,333,400.842777
552.74861,222,401.06542
422.611743,176,401.242509
431.740072,208,401.463502
459.360341,173,401.615863
550.477759,311,401.894032
208.850995,113,401.991978
12.905696,116,402.084537
519.663168,205,402.242421
309.790133,149,404.78148
304.783834,154,404.929828
488.932744,175,405.105787
437.903474,248,405.351137
441.876755,183,405.533729
523.977163,244,405.780188
354.602339,154,405.933879
505.547642,217,406.150085
359.311167,161,406.299561
371.992175,190,406.466903
549.337474,203,406.645456
533.927515,211,409.135454
370.107468,160,409.320465
623.132277,247,409.623276
649.655491,219,409.855973
461.606774,214,410.074808
578.559132,252,410.332861
502.504844,207,410.538986
457.394043,246,410.787776
500.049744,172,410.959539
610.757825,211,413.669318
766.555054,339,414.089281
428.746988,201,414.339859
373.966707,163,414.541394
552.155506,219,414.790147
540.015018,229,415.021653
599.633869,223,415.255001
607.053162,313,415.568083
494.002773,205,415.782284
318.251224,167,418.41772
420.152576,217,418.646046
336.840618,163,418.81336
559.216525,343,419.166598
461.417757,211,419.364592
327.069125,174,419.544961
479.326077,197,419.732685
500.254233,191,419.931595
529.860341,247,420.153263
409.405745,201,420.332853
393.941039,214,422.968053
443.035322,212,423.186205
414.76535,169,423.353497
634.138649,234,423.587654
611.636396,314,423.904778
743.194055,285,424.201213
302.209336,142,424.338816
355.277542,178,424.517525
654.937899,251,424.758828
472.917666,169,427.345776
585.934558,248,427.616566
356.587453,189,427.813048
362.089153,183,428.001312
439.50292,168,428.171613
461.924806,213,428.38589
365.380671,183,428.569391
598.803826,274,428.834101
607.328341,216,429.037398
595.246473,288,429.261215
577.993109,224,431.950663
503.569928,206,432.160853
497.238508,199,432.366178
502.286888,216,432.589149
453.574382,204,432.796167
410.467597,176,432.974815
587.592917,227,433.205447
103.271078,323,433.543156
496.480631,199,433.737284
391.469793,166,436.223831
463.806814,258,436.497951
742.732096,394,436.911148
391.056809,191,437.108489
543.187561,308,437.424793
698.397384,291,437.720873
487.976919,177,437.95223
563.94803,198,438.214858
682.972609,264,441.394342
365.821977,184,441.607486
499.919956,204,441.841734
604.261572,229,442.07525
318.792814,160,442.241755
825.96439,321,442.611578
542.794629,216,442.845803
450.485231,219,443.110655
515.602587,247,443.439638
583.546298,278,446.333766
768.782208,290,446.658666
530.340891,259,446.927435
694.566636,255,447.182296
473.203093,203,447.3836
369.34958,142,447.530556
259.046684,131,447.654486
792.087265,412,448.145378
626.572194,224,448.37416
687.007457,282,451.122921
567.775431,213,451.336618
719.568412,261,451.621219
693.719331,256,451.936621
312.619987,157,452.134655
380.309491,198,452.378814
652.452293,323,452.726464
664.286615,281,453.017139
556.778826,225,455.617242
564.639073,197,455.818475
660.496778,233,456.053634
696.138418,261,456.300845
353.883432,180,456.471862
712.469103,298,456.757017
658.785267,274,457.032507
679.741621,280,457.341801
500.202113,198,457.546866
639.464403,244,460.142348
764.825506,270,460.393356
394.90289,209,460.609009
826.883915,303,460.88728
460.272535,233,461.092556
357.907468,174,461.246594
726.864173,349,461.604822
847.322101,352,464.367237
567.587048,217,464.588377
787.377225,380,464.976151
851.301233,350,465.335482
640.518591,235,465.577685
723.823333,265,465.846621
665.176593,276,466.128346
745.348161,301,468.75775
339.812081,126,468.889462
643.467232,269,469.160498
843.654747,318,469.440871
662.506004,315,469.736337
209.013785,140,469.879804
608.625252,238,470.126102
708.230763,293,470.423425
374.705864,175,470.59381
652.223207,260,473.306358
926.716398,347,473.673769
615.408051,266,473.908165
375.579982,170,474.057844
1475.878419,591,474.602953
528.823811,221,474.80039
620.469947,260,475.029939
537.878484,244,477.692789
1264.716476,507,478.213714
435.974426,172,478.391273
377.760322,161,478.556858
687.510251,265,478.82461
530.681497,208,479.033077
650.670075,296,479.325197
490.69662,217,479.528101
652.087062,242,482.194195
641.850151,227,482.471963
487.174216,168,482.673635
523.199277,220,482.90735
675.401043,287,483.206611
558.776376,228,483.441908
546.261609,255,483.703878
522.482493,200,483.903882
728.408662,251,486.618629
554.942289,217,486.813642
704.169735,226,487.047957
314.29256,243,487.281167
689.266873,258,487.510017
399.196102,210,487.697752
647.006122,236,487.907395
668.815879,252,488.150195
758.261973,309,488.462063
720.064261,247,491.202014
855.137577,425,491.633879
791.080075,381,491.97215
312.074434,458,492.37654
768.377877,286,492.654217
642.163025,229,492.889803
767.589535,268,495.562138
633.444829,224,495.795826
568.317964,222,496.027143
483.891589,190,496.225049
830.248753,285,496.513359
481.266964,201,496.726914
564.440995,229,496.96543
692.572858,257,497.221172
484.396416,203,497.420817
594.911954,208,499.967495
629.948255,222,500.168735
886.988828,306,500.439711
670.573524,285,500.685118
731.651595,240,500.896779
549.10725,224,501.094815
490.066444,192,501.263161
604.808913,233,501.470018
597.806067,224,504.044995
600.22397,211,504.231772
993.126068,421,504.569253
681.043657,244,504.75754
602.006274,217,504.924366
496.185134,190,505.06915
495.848145,220,505.238033
795.893081,259,505.436399
539.082384,227,505.610055
562.979663,243,508.260312
446.906381,170,508.434387
783.049519,324,508.766368
559.515183,219,508.993031
761.249893,260,509.269265
490.101034,214,509.538287
739.685239,239,509.837629
636.770691,235,510.125088
687.190748,221,512.853306
682.70884,260,513.105498
539.700319,200,513.285439
252.216978,128,513.396642
494.266116,214,513.562276
702.767805,339,513.824283
414.2836,169,513.954889
527.828486,255,514.227679
575.645651,228,514.507076
515.511003,194,514.743454
569.347823,193,517.384388
706.276297,237,517.626151
689.464462,258,517.896988
530.223227,214,518.166791
555.980747,221,518.443228
228.318956,114,518.584499
801.845023,308,518.972359
659.066673,218,519.244318
601.601185,255,519.50903
724.411253,283,522.311608
853.825992,284,522.578824
569.228752,231,522.781779
731.006201,295,523.043272
366.570865,273,523.285359
381.900174,147,523.415639
562.454664,203,523.595131
621.511236,264,523.829434
797.664883,305,526.457366
565.194133,226,526.689833
524.21399,202,526.89689
523.41983,264,527.1681
618.793653,241,527.416529
810.765299,278,527.700156
823.841594,299,528.007257
859.961266,335,528.34592
551.62309,204,530.979827
545.316418,221,531.258626
458.823388,185,531.461285
674.67473,315,531.744556
533.998589,204,531.957822
714.322709,250,532.21213
738.511389,270,532.536343
616.52834,223,532.809928
504.948341,268,535.523069
650.632449,237,535.818631
634.315233,237,536.104498
625.871403,220,536.359855
684.555801,253,536.616216
627.924609,256,536.87795
640.903569,240,537.127314
594.894646,227,537.359166
654.188509,263,537.625458
1125.116499,459,540.491766
673.976544,277,540.82801
497.983606,173,541.033391
673.501082,283,541.291692
691.87924,352,541.625553
976.073324,356,541.996241
642.669626,246,544.820681
570.103842,191,545.057596
1223.069066,468,545.547235
629.528818,214,545.768897
630.013692,250,546.031233
838.8303,328,546.376116
553.779056,220,546.606808
716.094564,309,546.936001
625.017104,247,549.814417
663.676956,231,550.044922
407.520019,176,550.229965
539.326951,212,550.461619
626.450238,277,550.755725
609.806499,202,550.962758
712.448642,278,551.25481
563.21982,229,551.500689
505.164055,254,554.440746
274.819723,110,554.553759
385.493979,190,554.751869
515.877327,202,554.959843
756.020686,308,555.282887
609.060954,243,555.545284
704.809454,251,555.809858
510.804207,229,556.05644
664.469647,274,556.343979
665.690248,257,559.209972
618.544601,227,559.446476
482.194656,228,559.687267
566.409468,200,559.899606
695.317287,250,560.16692
803.867964,282,560.460988
505.167594,216,560.681721
588.585956,196,560.92242
1189.377382,406,563.767927
633.261768,231,564.05153
422.839473,216,564.27574
419.252197,151,564.426347
310.20137,152,564.585507
383.948808,176,564.769937
516.990564,186,564.962203
753.861918,279,565.253831
619.189748,253,565.508241
722.043483,253,565.755985
303.886417,156,568.509356
776.400675,282,568.805261
1171.768384,494,569.349286
568.584789,220,569.611385
766.215025,272,569.872323
640.324676,237,570.104911
458.139884,180,570.270057
782.468976,253,570.514066
707.423835,249,573.382649
409.819839,175,573.569195
661.348176,222,573.806024
665.696123,255,574.116167
1056.944063,354,574.528466
670.764474,243,574.829725
618.376252,220,575.101338
1039.957491,343,575.440271
470.945581,195,578.14471
747.256578,290,578.448187
341.165841,153,578.606622
209.37047,107,578.717822
851.747617,300,579.084441
754.801235,262,579.36679
551.727209,204,579.549401
497.682433,194,579.730176
735.192141,276,579.946562
1009.235051,355,582.582973
793.260624,284,582.878445
638.834812,222,583.123701
704.816832,247,583.37286
546.818839,222,583.599378
493.059079,175,583.813371
713.851494,287,584.100851
679.666377,261,584.329438
525.442101,191,586.981339
449.3791,219,587.208069
686.171166,246,587.461437
605.972463,235,587.702327
811.958378,293,588.000525
709.099833,239,588.232437
639.214772,230,588.434321
490.486853,214,588.623233
727.210412,254,588.850794
706.350452,275,591.51718
719.359138,223,591.738315
698.964537,271,592.015582
370.176864,146,592.152694
813.916404,286,592.405579
496.54821,190,592.578996
829.090479,280,592.864424
539.232151,222,593.077176
873.740687,275,595.741163
810.211136,340,596.138265
821.723389,268,596.413044
859.083759,285,596.685038
612.917212,244,596.934639
455.855305,208,597.147913
603.157917,223,597.371217
667.321799,241,597.616247
603.778397,209,600.255867
643.136018,241,600.536946
686.526901,271,600.778413
614.577668,242,600.994836
788.058519,280,601.264579
648.420706,198,601.46261
571.214964,193,601.661457
501.685843,176,601.8347
760.941309,258,602.095625
832.456419,318,604.869398
577.006172,236,605.165225
666.11536,254,605.484381
642.128363,261,605.810973
747.017177,244,606.102287
748.2325,263,606.372294
791.787924,275,606.6555
789.264601,268,606.930895
936.45499,302,609.67307
760.432812,288,610.028731
808.203305,277,610.368446
757.74354,249,610.676445
783.84908,276,611.004201
674.473145,242,611.251873
920.294169,300,611.554132
934.138189,356,614.338745
652.446488,246,614.642071
653.064524,229,614.925086
792.693445,273,615.262119
827.12032,267,615.582629
731.969927,297,615.907037
680.711138,261,616.181499
392.049182,194,616.389329
835.273835,290,619.232362
651.223431,241,619.53286
96.940783,59,619.606265
302.223514,116,619.749267
393.664953,145,619.924961
677.758337,245,620.21842
582.462803,222,620.483362
448.057303,201,620.694827
706.485145,228,620.930118
763.214609,273,621.203051
674.325048,219,623.969568
404.092662,180,624.190725
664.273155,244,624.486666
746.604069,250,624.788032
478.209511,190,625.016879
366.87887,160,625.182697
836.837004,281,625.481837
768.236223,242,625.733775
818.889926,266,626.010461
659.294508,221,628.855842
332.1988,143,629.030555
611.144931,214,629.246239
754.072367,264,629.505173
725.706213,262,629.778251
685.967068,240,630.028432
714.69496,264,630.30124
868.753382,318,630.632322
665.829235,234,630.873921
586.483123,224,633.801898
702.041827,240,634.06463
130.407309,67,634.135515
790.511655,238,634.382485
604.163107,205,634.594755
919.250893,339,634.943627
748.799919,291,635.239618
199.332151,101,635.342408
478.652642,160,635.49871
675.933638,237,635.74066
594.536443,207,637.917015
902.904364,294,638.214967
720.437267,246,638.474779
500.386994,205,638.69044
696.040717,245,638.942353
454.505609,275,639.228125
573.175544,222,639.459342
742.158403,289,639.759058
925.677811,318,642.783471
461.990637,175,642.967497
790.225872,287,643.268547
881.023881,302,643.581046
466.35657,202,643.786722
758.102438,260,644.056805
384.408351,139,644.203887
779.18585,248,644.452884
798.44734,270,647.491009
677.546221,270,647.771269
850.654979,363,648.154638
1023.243629,309,648.478865
738.584217,258,648.749111
574.782466,207,648.964032
704.173689,227,649.193466
813.498189,268,649.525045
622.587348,218,652.418859
635.769769,219,652.639301
1119.045078,432,653.090228
637.514587,238,653.33426
809.844011,269,653.611006
760.36969,269,653.875805
754.47362,267,654.08338
435.844354,172,654.216068
661.773259,225,656.91995
750.812081,237,657.201014
1005.229221,344,657.627822
281.079341,121,657.777442
1027.274159,321,658.168602
678.232501,224,658.384757
548.204544,234,658.576241
615.484791,224,658.749554
560.670442,181,661.41615
881.879176,364,661.798433
738.581353,235,662.046582
798.373331,291,662.352115
664.716832,228,662.581362
681.899937,232,662.817724
1851.420396,731,666.042238
637.950954,239,666.287482
601.237087,199,666.493087
724.489078,250,666.748332
693.069675,259,667.009324
638.838372,204,667.217962
458.369549,185,667.398063
500.343758,187,667.583727
897.187188,299,667.861593
759.355683,277,670.300629
785.459619,262,670.573604
711.645067,235,670.820649
628.445301,211,671.029004
1067.026665,350,671.372003
749.839399,254,671.634454
641.644539,216,671.853856
769.813596,228,672.078815
691.33115,217,674.815917
318.666082,143,674.9632
1147.254123,397,675.379584
726.35156,229,675.621145
860.378485,289,675.913172
577.497873,214,676.131958
486.1272,190,676.321416
575.18475,213,676.536282
694.027835,223,676.760302
703.182442,217,679.56912
747.662138,259,679.83889
747.733664,236,680.083729
650.279462,235,680.328922
672.509745,246,680.586733
678.644938,214,680.795323
1037.393161,328,681.119863
645.369537,217,681.332085
753.870353,278,684.048039
562.606197,201,684.252293
581.6988,215,684.480996
658.148668,221,684.707372
902.338084,315,685.02879
613.738704,203,685.232138
712.248576,250,685.469099
864.125735,294,685.756786
739.048899,289,686.056519
888.701101,272,688.939954
861.351583,283,689.235153
641.132453,215,689.491012
707.40581,240,689.785076
516.101374,214,690.050861
376.912927,140,690.223145
1005.152487,295,690.583949
1153.472972,378,691.049618
740.623527,234,693.85539
852.478373,291,694.166062
598.827425,206,694.376936
838.944013,288,694.675303
711.328783,254,694.937174
939.881622,303,695.229065
646.009241,241,695.453882
746.922493,253,698.170521
867.595339,296,698.483026
707.784661,260,698.754534
633.725464,214,698.972508
937.93313,298,699.277503
721.557915,226,699.486713
592.957335,187,699.666699
415.855328,169,699.835478
976.018532,304,700.158486
461.463322,186,702.879977
743.521673,236,703.128195
984.144078,331,703.464452
539.639397,191,703.660146
722.9935,242,703.877542
1012.394333,309,704.148347
979.264817,305,704.449988
1061.075578,383,707.304404
779.576696,229,707.545076
528.447395,196,707.739241
970.90516,303,708.037143
722.064119,262,708.305032
664.696295,224,708.534999
656.335224,202,708.74386
746.118428,249,708.994114
876.342138,279,709.301352
615.858193,199,712.028127
350.453693,135,712.17019
133.983276,69,712.235799
524.967592,190,712.419085
909.228133,285,712.685524
582.049534,181,712.849847
907.092223,298,713.117474
744.584494,232,713.32579
614.203959,221,713.53913
657.958916,259,713.78512
746.691785,228,716.514355
315.306951,132,716.647908
791.579359,270,716.91054
503.765271,166,717.077477
378.188317,149,717.225434
392.920861,144,717.35207
547.246982,207,717.534479
849.327141,318,717.817139
1297.811223,444,718.230311
652.878913,215,720.909009
827.73191,260,721.207422
828.357311,291,721.567106
679.588404,206,721.823651
625.501828,207,722.079201
703.569687,222,722.329065
428.008127,146,722.479944
945.321386,295,722.784306
695.42534,239,725.549913
271.436662,112,725.686235
769.869819,245,725.926381
1010.966719,331,726.212259
803.700947,268,726.417389
665.483074,249,726.608715
897.00562,265,726.844679
657.513316,277,727.093241
694.723407,274,727.368723
643.353929,264,730.055894
1113.500207,347,730.40096
605.401438,243,730.640536
787.737696,254,730.879841
1071.61142,312,731.155159
998.023786,328,731.447088
642.570433,245,731.691497
747.837755,246,734.308945
716.264295,246,734.56255
824.216081,258,734.853795
850.22225,280,735.189268
748.703526,247,735.48708
772.081431,233,735.707973
792.78155,318,735.991171
567.561257,287,736.270358
663.956761,238,738.898551
718.715102,254,739.124539
93.416181,57,739.174939
377.439577,149,739.305919
570.596152,208,739.490318
825.795358,291,739.716091
848.233114,291,739.970433
467.818915,166,740.141351
1027.726557,370,740.51991
680.134748,240,743.197861
654.718095,202,743.375417
777.563793,268,743.612802
701.981456,248,743.831455
667.937632,230,744.032058
867.814059,294,744.324263
474.496491,195,744.521735
926.709872,360,744.891425
785.455473,262,747.507983
726.280535,242,747.754195
813.593636,281,748.016237
682.069084,209,748.203377
685.998034,264,748.461187
1085.608725,345,748.80811
890.381615,300,749.114074
985.296986,318,751.869641
829.453035,263,752.132882
948.421205,280,752.380062
1099.732127,404,752.75031
736.066643,276,753.029301
630.218051,222,753.263354
1025.405096,297,753.557726
698.263968,213,756.122443
650.80169,220,756.397563
1265.576343,374,756.860327
659.931543,224,757.137919
780.675527,253,757.452254
764.959471,239,757.708211
1266.73549,420,758.143441
576.340149,205,758.346968
703.98065,306,761.253245
631.055185,238,761.541301
496.493633,174,761.726572
1231.374477,386,762.12642
932.684262,305,762.44483
788.34913,251,762.703108
474.829663,189,762.909347
1026.037103,325,765.700546
1203.859595,392,766.068451
852.898788,299,766.335968
599.857149,224,766.556344
1009.010031,322,766.888537
1504.879525,514,767.42192
832.166418,288,770.29098
1014.257935,336,770.588377
325.132824,142,770.714622
1291.751939,422,771.140868
705.880878,252,771.404236
601.323037,219,771.631343
685.384856,244,771.891575
714.798396,218,772.117491
733.578281,252,775.068548
549.990499,217,775.275299
1106.386581,371,775.632077
580.13764,197,775.83795
946.625033,319,776.171171
354.438164,144,776.320431
871.231236,292,776.628368
984.12854,284,776.915186
823.08662,270,779.84776
429.653,172,780.028929
889.376039,370,780.413943
804.187375,248,780.667243
656.524598,221,780.880765
700.386939,215,781.09217
682.526838,222,781.320907
439.230241,155,781.47983
851.056171,273,781.738774
951.484735,309,784.674774
844.360762,279,784.968709
887.046672,263,785.231441
1045.877563,320,785.534028
786.424042,231,785.782535
863.717431,269,786.072954
580.149174,220,786.318812
772.928156,241,789.05062
645.634963,249,789.308565
849.604562,304,789.627576
537.397801,212,789.851571
632.281589,202,790.078114
595.981034,200,790.326038
565.656128,192,790.563743
645.158565,230,790.84721
464.602212,164,791.050011
931.781789,273,793.944825
786.906,263,794.216338
903.663811,295,794.524798
1033.444812,316,794.834064
899.805542,298,795.098516
1077.719825,325,795.400293
694.089381,238,795.638704
373.286534,155,795.774902
726.397385,266,798.361203
959.153158,302,798.678732
946.336681,299,798.988565
1013.699109,320,799.298583
678.170321,223,799.496399
939.308939,310,799.771764
334.53264,134,799.890804
771.92054,260,800.161848
846.571087,276,802.970033
944.029016,304,803.28856
1077.423004,324,803.629169
894.525981,285,803.923089
1061.995165,325,804.255814
804.448565,258,804.505518
973.825466,304,804.792257
792.816844,259,807.527883
1068.702834,358,807.902563
888.005297,282,808.188163
717.439042,255,808.414238
613.752245,194,808.584408
1067.852606,354,808.909373
842.648654,280,809.173138
735.59995,247,811.860595
803.977272,245,812.097812
815.848117,294,812.396895
514.351586,189,812.587906
625.713887,229,812.821891
789.389278,256,813.083407
389.456644,142,813.228385
718.915897,227,813.451308
848.506553,259,813.714377
700.72796,234,816.489153
359.881245,134,816.623745
382.224366,144,816.768418
788.394228,279,817.050833
705.559364,249,817.305228
715.056822,229,817.538022
783.995903,282,817.825136
758.283213,228,818.05474
787.734154,262,818.315438
824.330455,266,821.029428
839.075828,259,821.344291
819.217848,284,821.687551
1042.648862,335,822.096898
1021.441331,331,822.421527
753.464195,235,822.653671
799.307498,257,822.911752
804.400168,241,825.418068
697.932729,212,825.61082
923.393058,290,825.927097
1279.681342,359,826.372557
407.291031,155,826.566251
1068.583411,317,826.884709
886.525176,276,827.127518
790.004887,267,827.376809
929.913061,298,830.171795
596.425967,224,830.451253
771.224863,228,830.650783
821.066197,268,830.889857
1101.972143,331,831.198708
856.647255,286,831.453293
675.685686,249,831.693005
423.502198,170,831.855188
992.462909,294,834.650438
618.411346,222,834.930083
587.298299,223,835.208215
863.762015,302,835.582176
976.988837,312,835.879416
988.188097,335,836.227025
704.240079,255,836.488938
1362.043687,400,839.43944
744.722442,252,839.743788
853.503226,289,840.038718
926.53497,275,840.319123
506.016547,167,840.487681
439.646202,152,840.649633
810.379914,239,840.90019
723.909493,223,841.127535
770.637875,263,844.00691
667.784831,207,844.261671
1048.318402,342,844.676349
808.760547,268,844.985575
667.002636,235,845.230728
897.463701,283,845.518454
914.886133,296,845.829834
943.065638,300,846.142711
712.247745,240,848.942602
948.723511,283,849.218936
892.341022,257,849.483626
864.762481,294,849.781899
1130.752723,380,850.170735
714.527299,241,850.425165
671.405824,251,850.683928
845.68682,263,853.660656
893.756381,317,853.996368
699.394301,280,854.295979
751.237333,245,854.547226
828.94098,276,854.836236
708.955958,252,855.092132
797.061272,252,855.35553
895.911902,296,855.663225
714.351305,239,858.101252
992.031778,305,858.418199
737.78778,249,858.681292
887.289371,282,858.971012
893.664681,294,859.273568
1056.304364,350,859.638683
617.736815,237,859.886022
709.115314,225,862.760592
767.180021,263,863.040865
954.564213,277,863.332552
791.474422,238,863.582871
812.529091,261,863.853749
765.85322,246,864.102504
771.837118,254,864.361324
735.86602,224,864.582097
724.593357,252,867.434738
916.202388,287,867.740166
834.791028,283,868.043643
450.287882,166,868.217061
941.516087,293,868.521956
1136.006548,335,868.874433
528.195782,173,869.048151
1113.043529,407,869.467909
796.358787,268,871.987643
797.197035,259,872.259792
689.689742,227,872.494176
1036.487589,323,872.8296
1064.905483,346,873.180699
1258.829759,379,873.569371
889.892033,309,873.890871
755.112001,258,876.765104
764.030259,258,877.033448
1007.827702,309,877.382506
884.305141,286,877.736343
996.73378,297,878.063817
833.218937,266,878.29223
1199.279758,376,878.625802
624.496731,207,881.252517
1080.646175,334,881.600381
1101.58444,352,881.973915
698.332373,255,882.227814
640.618695,204,882.4333
1006.954472,338,882.77229
1146.365362,341,883.072419
596.077183,191,885.687231
972.389181,286,885.986308
821.44579,255,886.241091
706.432778,218,886.458226
552.700632,194,886.660403
1259.153342,368,887.030069
695.551924,237,887.272888
1163.978784,329,890.198532
960.826207,285,890.491455
1105.704302,312,890.803055
787.866222,276,891.093029
985.973059,295,891.390246
920.585368,271,891.634861
587.029294,199,891.814691
822.908413,247,892.037652
347.830721,130,892.155365
616.028202,196,894.538145
1193.090215,355,894.897735
838.879776,284,895.19146
710.009609,215,895.41712
1223.506608,383,895.821639
1109.97164,316,896.141352
133.704142,75,896.209718
477.83643,163,896.35304
894.639235,286,898.999669
663.681386,213,899.261131
1496.873455,475,899.849351
1051.327399,317,900.240103
1320.186935,369,900.599683
858.44521,267,900.836546
433.006302,161,901.000005
897.564647,272,903.754297
1136.510749,344,904.104847
642.655083,230,904.314951
991.561662,329,904.606946
827.896724,256,904.869669
1425.227862,398,905.332639
673.162296,233,905.624639
1103.331953,328,908.422203
908.324638,276,908.744129
773.041914,248,909.051674
688.259197,214,909.316364
732.425076,231,909.596409
1270.480081,380,910.061854
892.1108,265,910.388556
458.2003,169,912.991147
979.272576,302,913.300821
1082.738125,317,913.626999
1160.549026,327,913.950902
769.874556,231,914.167816
863.098761,292,914.459376
430.161102,154,914.617618
797.310343,249,914.875597
820.110242,246,917.520131
902.597197,295,917.814721
831.525754,265,918.087082
1080.706379,326,918.415573
735.088096,220,918.607018
422.878356,200,918.810578
745.822649,244,919.041866
672.340074,245,919.262588
901.785864,275,922.000077
1114.315379,347,922.308008
1005.869075,333,922.605347
1068.763069,354,922.921182
836.039702,243,923.136885
1133.624366,336,923.46611
980.738036,323,926.330519
754.79003,236,926.621031
1739.66848,510,927.099584
848.49976,273,927.340159
907.164907,288,927.611744
845.808487,282,927.897943
443.39227,161,928.061165
362.025099,141,928.19303
1016.966901,337,931.074887
965.540613,323,931.477779
1334.332968,392,931.96248
1005.531632,308,932.33253
906.008692,297,932.636242
818.243431,289,932.942418
671.940922,213,933.168442
1194.707643,347,936.115973
1096.5849,332,936.453857
851.434229,282,936.709464
989.503249,289,936.999311
443.493697,151,937.154538
1048.361103,328,937.498836
989.016563,320,937.83685
850.061615,286,940.419882
1396.314541,414,940.811512
815.23145,287,941.0663
1332.417974,378,941.404124
1040.789782,327,941.721626
989.406963,294,942.030575
626.530751,221,944.822789
849.219337,273,945.060382
1140.353499,348,945.401906
975.970438,304,945.700835
1202.79793,358,946.049813
1023.024361,299,946.36205
1287.534139,385,949.417629
1042.012925,299,949.781863
1171.370101,352,950.108633
870.523225,291,950.386014
675.440287,273,950.668786
1063.557642,318,951.006951
1081.850168,311,951.3358
1007.852798,324,954.388911
559.040279,177,954.572376
828.742306,239,954.818727
930.838483,302,955.133943
636.434997,244,955.388075
572.772451,257,955.66816
1004.171149,293,955.98299
887.783348,258,956.257336
1330.539279,392,959.181508
1019.308424,316,959.505984
1231.889126,369,959.889285
758.582024,225,960.121459
939.46203,299,960.441294
886.580737,292,960.749818
1154.985864,350,963.700906
697.395235,247,963.956613
705.345795,256,964.218292
1196.912241,376,964.605737
1013.597748,306,964.917802
658.733394,202,965.126868
1072.608719,341,965.475061
1153.739627,357,968.453351
1090.453832,339,968.808143
985.465769,305,969.125799
774.706631,278,969.427243
1036.309235,311,969.776277
1230.571095,370,970.143186
880.95749,296,970.406176
1132.734148,328,973.330989
853.386449,272,973.618292
361.070829,133,973.756223
1054.409586,299,974.050477
1122.861818,369,974.378631
1050.931749,306,974.643695
855.98656,288,974.896959
1244.156485,367,977.803267
1145.822484,342,978.163404
1493.854346,450,978.662641
1088.498593,314,978.964108
770.614083,233,979.185173
1096.134493,350,979.610462
976.791244,302,982.450724
1148.068201,341,982.807932
869.073757,269,983.040215
883.447698,303,983.308831
97.216861,60,983.362778
1194.450033,361,983.681051
1865.450096,561,986.742596
1146.93328,328,987.081973
153.851574,82,987.165972
915.254917,262,987.436066
1162.31151,381,987.830608
851.965415,266,988.099567
1171.815175,334,988.394588
943.198722,287,988.653853
992.732218,312,991.44907
1095.80974,342,991.795798
1013.437649,294,992.093869
794.34409,281,992.382662
1552.160394,459,992.821101
1337.483156,370,993.147155
1704.615028,491,996.022553
901.039501,281,996.272341
744.377307,249,996.493759
1059.179575,332,996.814684
1688.741563,471,997.295142
707.316755,220,997.493659
883.641134,283,1000.251653
727.01528,279,1000.596224
388.127777,140,1000.742137
848.847119,251,1001.000293
1022.435533,303,1001.313339
845.833077,269,1001.591681
1283.41919,380,1001.983116
1334.107496,401,1004.862779
1253.412986,374,1005.328796
1316.977195,379,1005.745667
1011.140274,312,1006.068416
1007.102375,296,1006.375193
894.960977,299,1006.683177
1085.19963,318,1009.259448
1322.021046,395,1009.737684
882.39338,266,1010.044103
791.060238,238,1010.288653
919.206657,283,1010.579018
919.985319,279,1010.865109
1052.307655,318,1011.196601
721.04883,220,1013.989895
882.151274,287,1014.325579
1161.496799,372,1014.639655
890.752664,285,1014.930449
1086.2224,340,1015.273704
1016.683795,293,1015.575639
814.505995,243,1015.826529
1227.049715,377,1018.812906
1316.418728,361,1019.235257
419.685368,150,1019.380915
1109.976273,347,1019.739416
1286.238262,364,1020.118615
482.832092,169,1020.293325
1260.132288,400,1023.278054
769.008895,244,1023.580536
786.791878,239,1023.875226
917.487506,282,1024.219405
799.819512,242,1024.513498
1008.656296,295,1024.823731
570.620228,212,1025.038429
730.044396,249,1025.292425
609.661481,233,1025.525942
650.198545,212,1028.257662
980.037054,310,1028.578208
1527.238256,450,1029.024783
1083.355983,305,1029.332672
901.53661,291,1029.630438
751.992615,232,1029.902684
1228.003437,346,1032.526544
1104.318241,348,1032.872911
990.105415,349,1033.229262
1224.290177,354,1033.589032
827.923577,276,1033.873158
983.114205,284,1034.196363
1426.927422,470,1037.347506
997.5142,312,1037.656348
1220.21309,369,1038.032317
996.767742,335,1038.376497
1539.065916,464,1038.841984
1424.267085,433,1039.280794
1078.409909,337,1042.124983
1443.296604,417,1042.549388
775.226329,249,1042.796777
829.738003,249,1043.047383
1255.504651,372,1043.421715
1279.607718,360,1043.781353
1262.786877,368,1046.412508
877.40852,280,1046.668154
1284.501001,402,1047.046884
1347.350089,394,1047.440811
1107.166832,326,1047.773996
1726.774556,527,1050.81553
937.928562,305,1051.18714
1151.73834,335,1051.519513
1342.874104,395,1051.925645
1076.172742,330,1052.254427
1577.747842,458,1052.700898
1319.368486,401,1055.595659
833.773176,248,1055.900995
1125.632447,353,1056.323388
1520.051404,437,1056.743963
1529.517312,437,1057.171143
1034.698337,299,1059.750068
1161.117263,334,1060.12028
1674.957485,469,1060.583269
639.335981,206,1060.790691
1099.408634,323,1061.117757
1492.584706,445,1061.559519
1707.423055,544,1064.471163
1378.328183,406,1064.886158
922.126576,291,1065.182064
1183.003573,356,1065.534962
1300.671617,387,1065.910127
1414.040711,425,1068.621742
813.142626,257,1068.889535
1521.539651,473,1069.302309
1241.395383,353,1069.572986
1527.298676,430,1069.934701
1132.299119,380,1070.3239
1142.353425,335,1073.084138
1058.74502,311,1073.395195
1284.719424,359,1073.711691
430.508019,154,1073.846755
1189.937207,376,1074.179029
1080.236869,311,1074.464806
549.97054,187,1074.657787
1801.591432,507,1077.680024
1789.989272,526,1078.219468
604.488117,195,1078.419875
737.163789,231,1078.658692
836.455045,244,1078.904937
1714.109188,488,1081.842325
693.55085,224,1082.071201
429.429257,155,1082.230123
1009.714039,285,1082.520287
1091.055401,302,1082.819008
678.647254,210,1083.013734
673.426499,211,1083.221393
504.822563,176,1083.396151
917.923245,297,1083.707727
688.405342,215,1086.510859
734.344124,237,1086.805727
856.152053,278,1087.144405
1574.902264,449,1087.689542
1256.207293,377,1088.145653
1042.854713,309,1088.465276
1210.907617,353,1091.381167
1138.462816,354,1091.737527
1669.084674,485,1092.232241
1398.027378,459,1092.695424
964.534279,317,1093.023397
1188.613073,333,1093.367817
655.449964,206,1096.170578
1238.534808,348,1096.528731
1510.244785,469,1097.017462
1001.563375,325,1097.352285
1095.322343,321,1097.684162
1772.592296,518,1100.884075
1008.203083,294,1101.187915
983.902321,327,1101.522861
1085.902642,372,1101.904215
1334.007483,369,1102.287723
1671.888507,471,1102.75638
744.726677,230,1105.322468
1220.687762,366,1105.766902
1175.549529,325,1106.119022
1027.435845,294,1106.441374
1028.168153,303,1106.74414
1115.83092,387,1107.136901
730.060955,232,1107.376514
1522.888683,449,1110.397711
966.150041,291,1110.698649
1068.441251,354,1111.056892
726.087728,231,1111.270637
1380.856965,376,1111.642848
1125.578878,323,1111.995535
1374.267438,390,1114.989831
1270.510838,391,1115.386847
1703.734727,504,1115.892359
956.830649,280,1116.226374
748.118371,218,1116.493394
723.127024,227,1116.768303
1770.103556,530,1119.830407
965.029908,279,1120.148221
1014.705579,322,1120.547908
1374.922635,401,1121.041516
1308.373305,386,1121.516869
1230.276461,352,1124.352208
1025.406618,324,1124.651356
919.538939,300,1124.942909
1306.696205,355,1125.341515
415.668838,149,1125.526845
1372.165625,427,1126.06012
986.487961,276,1126.401754
1390.389054,389,1129.262668
1350.297907,365,1129.673865
681.395215,216,1129.837443
1540.648687,432,1130.165191
1104.46404,318,1130.406163
814.464759,243,1130.590574
778.786773,273,1133.210775
1403.978345,387,1133.574856
949.054333,319,1133.858208
829.110507,316,1134.137974
1477.794541,434,1134.521697
1414.712645,419,1134.858705
981.920388,287,1137.514151
991.935846,293,1137.801819
736.411208,223,1138.029311
653.915146,209,1138.244131
1522.877497,431,1138.683877
1084.547937,308,1138.998513
1107.357395,323,1139.307201
888.858682,266,1142.021258
994.292723,283,1142.292643
1092.681034,343,1142.644319
311.770977,123,1142.770992
1025.93071,312,1143.126215
833.572365,279,1143.465395
974.474562,291,1143.746857
1069.908007,316,1146.419264
1381.977339,377,1146.832464
398.338534,159,1146.988742
844.705296,247,1147.208757
1339.598727,405,1147.595031
1050.91252,295,1147.897151
764.734586,239,1148.14291
800.525596,238,1150.840992
1015.655033,287,1151.125785
1181.779855,336,1151.450162
676.105748,223,1151.656906
723.750743,221,1151.881584
1060.828679,319,1152.202609
1134.853892,332,1152.498539
762.991094,262,1152.727923
789.039213,251,1155.331745
1190.481176,342,1155.684615
1262.544956,345,1156.04439
884.496835,289,1156.342792
1360.728743,381,1156.73187
999.356102,286,1157.018635
1238.8385,368,1159.911666
1405.096781,379,1160.299222
814.975292,241,1160.556873
788.639366,249,1160.809343
727.887924,218,1161.03107
828.714247,255,1161.291507
1570.93348,447,1161.738323
955.888835,270,1164.425586
1079.275507,326,1164.742147
1148.2557,319,1165.060144
738.558932,228,1165.338928
1376.13639,381,1165.802692
1092.418797,338,1166.150342
1469.769765,423,1169.095608
1046.809324,297,1169.467891
1415.776591,411,1169.961186
600.455931,207,1170.165405
760.426022,228,1170.3829
702.252936,208,1170.592555
1019.062812,309,1170.895301
667.008806,206,1171.107571
1354.542112,404,1174.004214
1501.039772,408,1174.420434
664.606743,205,1174.617548
601.227204,188,1174.791615
1183.566914,341,1175.137195
1643.564371,450,1175.587055
674.602564,215,1178.120038
1448.962428,416,1178.484043
1461.804607,409,1178.847015
344.717337,138,1178.968456
967.958396,289,1179.242551
1436.361621,393,1179.638162
1022.529398,292,1182.42884
1286.17075,352,1182.792282
659.535949,209,1183.008405
1560.067,429,1183.445493
1517.234964,421,1183.870076
998.256772,282,1184.158543
465.81412,158,1184.323901
1105.083104,345,1187.105816
756.968231,251,1187.38332
1465.102476,399,1187.767957
1300.497311,377,1188.097861
1808.746598,502,1188.597912
744.522141,230,1188.830476
1543.472053,419,1191.563333
1475.651678,418,1191.88213
1788.832742,491,1192.27542
1099.385345,349,1192.582517
1166.589491,321,1192.863862
1814.620325,539,1195.893258
1321.412257,392,1196.369342
2314.537362,638,1197.103563
790.507866,237,1197.342689
1475.031432,404,1200.130194
556.200852,179,1200.289454
1073.789388,314,1200.527507
1532.348221,421,1200.846987
690.675119,231,1201.023767
1136.713348,333,1201.277124
1088.734244,320,1201.530768
950.235189,284,1204.175998
1432.005194,445,1204.617424
1888.977283,552,1205.282043
2413.865348,665,1206.10339
1261.764527,369,1208.941675
1724.612378,519,1209.49001
1085.209227,323,1209.766535
1732.086507,496,1210.161932
760.712126,258,1210.391486
2246.930922,636,1213.416997
2097.3922,578,1213.94358
2760.05277,741,1214.54831
1007.521457,311,1214.785398
950.656011,330,1217.480198
520.940892,178,1217.66964
629.987456,218,1217.897773
1533.01101,432,1218.309755
899.690135,269,1218.548726
1179.387211,341,1218.822181
1551.613657,451,1219.165667
1771.048518,494,1222.000097
1104.974622,316,1222.31667
1950.637387,544,1222.791494
1302.867184,372,1223.109171
1789.510487,486,1226.078161
971.635697,291,1226.387566
1783.644465,520,1226.906678
749.419032,238,1227.15695
817.183197,272,1227.418356
1438.166701,429,1227.794995
1964.411626,534,1230.652767
1193.646976,343,1230.987009
2336.383472,648,1231.646195
1028.444191,305,1231.957788
1035.245899,295,1232.257347
1188.907744,346,1235.021186
1154.597771,322,1235.303162
1297.401834,370,1235.594333
1159.897057,351,1235.861834
1119.34042,334,1236.116832
982.244122,276,1236.326273
1550.734783,428,1239.186974
996.917708,303,1239.44912
1693.630827,474,1239.903063
1892.830916,538,1240.413161
2006.475312,547,1243.217326
817.664027,248,1243.474165
1404.240904,437,1244.008672
1120.837719,325,1244.298852
1374.920616,395,1244.672266
520.357456,169,1244.821877
1406.886219,411,1247.477708
1453.620129,462,1248.042107
2329.538637,664,1248.783353
988.316212,294,1249.041422
943.833333,323,1249.328427
1374.026435,402,1252.31097
2004.5551,566,1252.895349
2841.127845,797,1253.628411
1652.735314,459,1254.007946
1678.238724,461,1257.011751
416.880406,147,1257.161352
1989.976299,548,1257.734306
2012.123082,533,1258.301934
1052.0727,300,1258.66502
1103.313589,333,1261.418949
1298.467965,367,1261.79867
1123.539531,332,1262.148151
450.997359,165,1262.319042
736.08913,221,1262.54044
1301.674804,375,1262.951582
752.232027,227,1263.227639
1048.364114,317,1266.070148
713.159849,220,1266.300434
949.108563,274,1266.581603
1095.010163,311,1266.888294
1006.869222,296,1267.151202
2108.782057,574,1267.653891
901.639505,252,1270.427383
3315.670286,896,1271.330995
1143.261805,333,1271.709683
499.805053,172,1271.936027
2355.573125,674,1275.383124
1620.599516,465,1275.884161
1944.137879,537,1276.394706
1501.078591,446,1276.841779
971.684374,283,1277.149967
1491.14079,404,1280.02212
794.580334,258,1280.269945
1573.606163,453,1280.720626
768.401188,230,1280.962268
1122.733441,346,1281.291048
2256.118513,623,1284.109941
2033.889463,574,1284.700988
307.624719,132,1284.831865
1832.29229,530,1285.373414
963.678938,280,1285.671569
915.798559,298,1285.969813
606.380612,191,1286.147837
2598.411977,723,1289.362879
2129.534208,566,1289.935967
1853.872228,509,1290.442656
1004.422727,286,1290.707886
962.277344,276,1293.46159
2033.97881,564,1294.038745
