#{"t_start": 1532976617.833423, "env_id": "Walker2d-v2"}
r,l,t
4.159518,17,0.029241
3.107882,24,0.060324
-2.75732,9,0.071653
1.34811,14,0.087894
-9.133131,14,0.105547
-3.397027,23,0.133305
0.029497,10,0.146291
-5.866899,9,0.157759
3.355848,21,0.183764
-2.71539,9,0.195415
-1.631833,14,0.212365
-4.42981,20,0.236966
-0.079718,12,0.252734
1.714685,12,0.266796
-0.731734,13,0.283625
-1.995623,11,0.297206
-12.56482,18,0.319377
-8.826845,10,0.33134
-9.149962,21,0.356564
-5.05994,10,0.368909
-7.1787,10,0.388316
-1.201857,9,0.399914
-4.077145,21,0.426547
0.693762,17,0.447498
-2.262891,10,0.459668
0.50455,13,0.476021
-10.13412,17,0.501246
-4.850881,22,0.528607
-13.244479,20,0.553599
-2.422107,9,0.565114
-2.29534,15,0.582872
-12.25759,16,0.607521
-10.046293,17,0.629198
-3.874928,13,0.646087
-5.764725,20,0.670792
-2.930903,8,0.681414
-0.963247,11,0.697919
0.648317,20,0.726782
-5.970665,22,0.75514
-9.519735,11,0.7704
-4.273982,9,0.781987
-0.007086,11,0.798539
0.64588,12,0.815808
-4.028206,7,0.826128
-11.069275,16,0.846485
-8.85244,15,0.864779
-6.00223,17,0.885471
-1.921004,11,0.899653
-7.065143,22,0.92695
-7.261377,23,0.955683
-1.534272,12,0.971403
-5.408,8,0.981573
-2.792844,8,0.991603
-2.772985,15,1.010889
-6.766485,22,1.040217
-6.449088,7,1.050035
-5.872193,8,1.060303
-3.097314,7,1.069127
-5.247434,10,1.082699
0.441302,13,1.099745
-5.654729,10,1.117076
-4.132227,9,1.133338
-12.296839,19,1.157948
-0.697281,10,1.170547
-3.428662,9,1.182662
-3.216888,7,1.19233
4.571343,18,1.222142
-7.972704,10,1.236097
-2.260694,20,1.261386
-7.286715,21,1.289008
-4.212586,22,1.324004
-11.727716,21,1.35073
-3.09066,9,1.36286
-9.805301,17,1.384302
-3.569528,11,1.399336
-10.313592,21,1.429375
-3.470974,9,1.444909
-3.209358,8,1.455839
2.557495,22,1.484669
-6.567769,19,1.509765
-3.691374,9,1.522136
-0.889064,18,1.554173
-3.399383,12,1.571506
-6.23806,19,1.596183
-6.012227,21,1.622769
-13.162481,17,1.646473
-3.553008,12,1.662905
-4.549537,8,1.673818
-10.524826,18,1.697445
-0.9203,8,1.708687
-12.972674,11,1.723132
-12.800358,16,1.744695
-6.609016,21,1.772332
-12.936907,17,1.794862
-6.606722,13,1.812744
-10.028185,17,1.84197
-9.419109,14,1.862212
-12.68333,18,1.885657
-3.338079,10,1.900346
-4.3506,8,1.9099
-4.686245,11,1.924294
-3.04379,9,1.940523
-2.332782,9,1.957688
2.875749,27,1.995372
2.469014,13,2.013756
-5.436038,16,2.04194
-11.505503,15,2.067441
-5.832208,9,2.079518
-4.056745,9,2.09213
-6.206784,12,2.107827
-2.568011,9,2.120411
-8.338382,9,2.132016
-6.723409,19,2.165414
-7.960099,16,2.186341
-3.496641,7,2.195799
-4.16019,10,2.207103
-14.483343,13,2.224761
-0.390541,12,2.240904
-1.744551,9,2.252924
-2.158616,14,2.271974
-10.694353,20,2.297921
-3.555612,7,2.307621
-3.907376,9,2.320093
-10.55574,16,2.341978
5.057634,19,2.370925
-4.472517,15,2.390444
-14.325166,17,2.413296
-10.938728,23,2.443769
-4.36452,8,2.456432
14.715355,25,2.490607
-0.280954,24,2.520324
-2.931076,9,2.531084
-1.820677,19,2.554787
-5.379876,9,2.565509
-5.141094,9,2.576808
-7.760822,14,2.594649
-2.220472,13,2.610325
-6.521772,7,2.619503
-12.347042,10,2.631446
-6.298154,9,2.642765
-15.603396,18,2.665453
-7.147658,22,2.692819
-11.227511,18,2.714393
-5.507388,21,2.739308
-1.733747,21,5.920414
-5.898276,10,5.933747
-0.051224,11,5.94814
-4.522168,15,5.967904
-2.987595,11,5.982583
-7.295309,7,5.99239
-9.225378,17,6.015827
-2.976568,8,6.02708
-3.920468,24,6.058461
-5.517894,18,6.081472
-5.221328,19,6.107034
0.163393,12,6.122997
-7.237797,15,6.142769
-1.888256,22,6.171361
-3.48936,18,6.196141
-5.622631,14,6.215259
-9.486954,18,6.238991
-3.163627,10,6.254165
1.026355,17,6.28023
-6.639909,31,6.327623
-3.509901,9,6.345119
-4.831644,8,6.356508
-3.48118,17,6.388003
-12.150277,13,6.411852
-1.009529,25,6.455094
-0.307854,13,6.477218
-5.383522,24,6.51602
-5.297611,13,6.540814
-2.598018,18,6.572331
-2.890476,15,6.600064
-4.296668,8,6.614264
-10.169503,18,6.644736
-11.877345,15,6.670104
-10.969362,16,6.696597
-3.727475,13,6.718836
5.008477,17,6.751401
-9.097005,16,6.781445
-0.634475,10,6.799512
-1.94269,13,6.824994
-2.853598,10,6.844161
1.483853,12,6.864526
-0.893658,9,6.88226
-7.470958,13,6.906368
-4.46131,15,6.928509
-10.014152,22,6.959049
-1.733644,11,6.97418
-11.404547,13,6.992442
-0.870466,10,7.00613
-0.718459,10,7.018788
-2.004919,18,7.043288
-3.281842,11,7.056911
-3.124015,10,7.070079
-3.894998,15,7.090592
-3.933887,8,7.100942
-3.712609,13,7.116335
-5.535365,15,7.136796
-6.244691,12,7.153104
-6.135331,19,7.178688
1.048432,27,7.214884
-3.150856,12,7.229945
-2.607863,17,7.251146
1.184976,16,7.273002
-8.995981,16,7.29487
-4.679391,7,7.307254
-3.673819,10,7.32163
-10.849855,23,7.352861
-3.032928,16,7.374693
-5.795296,17,7.398156
-6.783501,12,7.415571
0.624857,14,7.435232
-2.007711,15,7.455894
-7.352666,12,7.473785
2.144255,16,7.497101
7.374152,29,7.536865
-1.366516,13,7.554487
-4.965155,20,7.581933
-10.183588,15,7.603593
1.247439,18,7.628034
-4.109355,10,7.64199
7.01788,17,7.665327
2.007978,15,7.686991
-6.965411,16,7.708951
-12.167179,15,7.729986
-6.461711,16,7.753862
-6.39951,12,7.772134
-1.648778,13,7.791561
-3.798761,8,7.805797
-7.284039,14,7.831609
-7.425536,13,7.852896
-1.342081,11,7.869996
-3.630136,31,7.921734
1.366195,13,7.943638
1.126647,18,7.971286
-2.358099,11,7.986098
-5.829906,7,7.995507
-10.11208,18,8.024873
3.037748,29,8.06874
-5.076113,23,8.104178
-8.541535,18,8.134916
-6.337914,7,8.148056
-2.206958,20,8.183931
2.096823,17,8.211255
4.538733,17,8.23867
2.631363,15,8.260271
3.088962,15,8.278838
-1.67939,9,8.290492
0.292255,14,8.308414
-2.838126,15,8.326804
-8.856205,20,8.350179
-2.30738,10,8.362113
-6.612293,9,8.373036
3.093154,13,8.388345
-7.588808,12,8.402312
-4.068552,7,8.410876
-0.048079,12,8.424876
-5.425448,15,8.442817
-2.599258,11,8.455447
-6.248731,15,8.479824
-8.857095,19,8.503933
-6.416025,8,8.514427
-8.777186,18,8.53763
-0.970412,30,8.574472
-6.643667,20,8.60258
-9.917193,21,8.630058
-4.339042,7,8.639791
-10.634581,19,8.664228
-3.07417,9,8.679101
-2.686669,20,8.705942
-1.447144,9,8.71753
-5.037935,8,8.72805
-9.082119,18,8.751308
-0.239265,9,8.763587
5.488024,27,8.798274
-3.764549,7,8.807487
-4.366184,8,8.818143
-3.595485,23,8.847615
-2.447074,10,8.860742
-10.267636,9,8.872703
-1.260672,10,8.886641
-2.741878,10,12.116323
-1.695657,8,12.130219
0.83911,20,12.162604
-3.421954,30,12.210922
-3.845555,6,12.221841
2.76661,27,12.262389
-0.110315,30,12.308678
-11.243838,19,12.337227
3.739038,36,12.390423
-4.238232,15,12.412247
-1.933839,9,12.425929
4.102887,21,12.456514
-0.898318,10,12.471527
-12.922942,12,12.489324
-6.823016,21,12.51862
-10.097566,19,12.550144
-2.123543,8,12.562496
1.066721,11,12.57891
-0.406993,10,12.593957
-1.714914,24,12.629738
4.170243,33,12.678589
1.84039,13,12.697462
-6.121411,8,12.70987
-9.925274,18,12.739157
-3.784533,25,12.776096
-5.808477,22,12.808938
-2.282002,10,12.824792
-0.726239,22,12.858417
-4.054271,10,12.872685
3.023966,16,12.89619
-0.243763,9,12.909674
-5.977939,12,12.92723
-7.429373,18,12.955014
-0.326608,14,12.974666
-5.978654,8,12.988246
9.457362,26,13.027369
-0.493838,24,13.066302
-2.923504,9,13.079583
-0.702012,13,13.098594
-2.42899,11,13.114143
5.81861,14,13.134097
-6.36136,10,13.148701
-1.333664,16,13.17422
-4.485141,11,13.190379
11.201951,20,13.219226
-11.873186,14,13.238837
-6.143233,10,13.254358
-5.897675,11,13.271279
-8.320994,13,13.289596
-1.659904,9,13.30298
-7.672937,29,13.344636
-4.901305,8,13.357878
-1.539941,8,13.369768
-7.484046,14,13.390103
11.814091,32,13.43613
-0.327458,26,13.477229
-1.546409,40,13.533648
-1.145182,10,13.548111
-3.370018,18,13.576767
-11.233919,19,13.603582
-4.512511,11,13.619892
-0.949215,12,13.636292
-6.881942,12,13.652984
-2.951487,9,13.666274
6.821394,21,13.69717
-5.486414,12,13.714047
-6.827387,19,13.74046
1.107063,16,13.761771
-2.514878,8,13.773268
-3.165211,10,13.789428
3.661449,18,13.814789
1.43534,14,13.834505
11.081004,24,13.867927
5.667214,17,13.893957
-2.77614,10,13.908458
-4.559032,13,13.927257
2.85814,25,13.960678
-5.714433,15,13.981543
-1.275503,14,14.003089
-7.251496,23,14.034953
-6.502256,9,14.047754
0.086027,15,14.06935
0.2211,10,14.083764
-3.9258,14,14.104406
-3.724957,11,14.121372
-10.324288,11,14.138047
-4.686193,11,14.154208
3.495668,21,14.184029
-0.606234,25,14.221635
-6.655563,21,14.252209
-5.972939,7,14.262242
1.213768,13,14.280886
-0.059022,12,14.298254
-0.444659,12,14.317382
2.195012,20,14.346223
8.613432,29,14.387216
6.204435,28,14.432844
2.206376,13,14.453334
-8.446988,8,14.465479
3.342418,31,14.510101
-0.275568,11,14.53019
-2.73784,8,14.543631
1.359176,23,14.57818
-6.033462,26,14.616807
-0.360783,13,14.638463
-3.526191,9,14.652352
-2.847126,9,14.665705
9.347459,41,14.727464
-2.290243,11,14.744389
-5.506514,22,14.77633
10.751537,34,14.826219
-4.753333,13,14.847044
-9.790989,13,14.867275
1.285576,20,14.896939
0.669573,11,14.913163
-1.224975,16,14.936477
-10.053498,19,14.966209
-0.486689,10,14.981402
5.96183,24,15.015931
-6.998524,19,15.044212
-3.013763,11,15.065308
-6.938481,21,15.096698
2.329216,21,15.126939
-6.876547,17,15.152295
15.513894,45,18.4193
-2.117783,21,18.448349
4.082259,17,18.471848
-1.815278,27,18.508974
10.928276,28,18.547906
-1.264192,10,18.562131
-0.628983,18,18.586763
-3.767589,8,18.598166
-1.764332,27,18.634768
-0.957096,12,18.65153
-6.899085,9,18.664463
-1.013734,15,18.685764
-0.479485,11,18.702216
-1.197745,11,18.717908
-5.36634,12,18.735799
-3.978781,11,18.751616
14.221276,23,18.784299
1.748861,14,18.804261
0.82095,24,18.838029
-1.419825,10,18.853053
0.832893,27,18.891382
3.126209,15,18.912766
-2.630102,12,18.930367
-5.749078,19,18.957054
-4.08968,11,18.97337
-2.413556,10,18.987589
-6.111619,19,19.014744
7.832134,22,19.047143
-1.216499,14,19.06845
3.171876,23,19.103015
11.985206,25,19.140537
-6.655329,13,19.164212
-3.028974,7,19.175175
5.12622,19,19.204219
2.265099,13,19.223612
-6.507395,9,19.236709
-1.621685,16,19.263144
-2.215924,9,19.276282
0.684913,11,19.292312
6.78389,30,19.333975
-5.715145,31,19.376208
-0.306706,11,19.39188
19.686085,41,19.448698
-5.14264,20,19.477185
-2.52915,8,19.48874
-3.966891,9,19.502014
-4.718158,12,19.519591
-7.362231,21,19.548876
-3.420407,12,19.566747
12.386743,30,19.609355
10.499374,27,19.647608
7.317264,21,19.677815
-3.505297,7,19.688252
7.034598,26,19.725318
-0.84859,12,19.742803
3.403967,19,19.770584
1.017635,12,19.787904
7.930607,27,19.826286
0.249866,43,19.888574
-2.06766,9,19.901955
10.838263,28,19.943472
-1.187631,11,19.959763
0.536371,18,19.98729
-0.246447,28,20.032147
-0.945132,9,20.045842
4.886493,28,20.087278
-1.566895,10,20.102794
3.330488,15,20.125548
-4.379481,21,20.156923
-1.556225,17,20.182422
3.904094,15,20.205262
-0.372868,9,20.219151
9.640101,44,20.28491
-0.634427,11,20.301943
-0.148512,14,20.322975
4.024555,14,20.343871
-11.627287,18,20.371256
4.460632,20,20.401151
-5.664628,19,20.42962
-0.966539,10,20.44502
-0.953812,12,20.463167
-2.033015,11,20.479852
-3.503431,11,20.49724
-4.251013,10,20.512664
-5.518583,23,20.546182
0.376412,14,20.566667
-5.797028,21,20.598473
1.12055,31,20.644445
-2.799816,11,20.661188
-1.911563,10,20.676936
0.854445,25,20.714558
2.068376,13,20.734199
-6.403567,19,20.762952
11.500389,18,20.78785
2.908777,24,20.821289
-6.858557,25,20.856987
-2.159991,10,20.871202
-0.564334,13,20.889414
-7.31801,9,20.901738
-6.405755,21,20.932957
-8.014115,22,20.963447
3.35717,37,21.017696
-7.045273,29,21.05862
-10.963517,17,21.081954
-9.642147,19,21.107656
-4.638185,21,21.136251
-5.580684,12,21.152617
1.003406,13,21.170702
-1.171129,10,21.184868
-1.47292,10,21.19855
1.55721,29,21.238526
2.78538,15,21.258343
-12.392007,19,21.28369
-2.281383,21,21.311388
19.913787,37,24.55173
4.405068,26,24.58837
8.359454,20,24.627047
7.579822,18,24.652875
0.116912,10,24.667833
1.646949,19,24.695758
0.163325,10,24.713413
-9.045352,22,24.749204
0.226538,17,24.772904
12.439546,23,24.805838
36.882464,51,24.876755
-5.214213,14,24.895342
10.649323,26,24.935614
-3.665238,23,24.966529
-1.204099,16,24.988496
-3.433122,9,25.000858
9.116937,22,25.030399
-1.749325,8,25.041552
2.341876,11,25.057519
-3.26633,9,25.070324
6.48702,28,25.108723
2.217776,15,25.129361
7.489545,26,25.165094
-6.661317,24,25.197631
-1.669289,13,25.215647
5.33578,17,25.239336
3.986081,26,25.275338
-1.197106,12,25.291996
4.809168,27,25.328967
7.663849,18,25.353829
18.091601,49,25.420948
4.184036,14,25.440481
-8.241641,15,25.461857
14.875672,44,25.524384
6.775506,20,25.552198
-4.792441,18,25.578149
0.060016,11,25.594077
8.748383,26,25.630172
3.752339,29,25.670663
21.985836,46,25.735004
13.462575,22,25.765028
0.976455,18,25.789824
18.23391,43,25.851016
-10.069732,20,25.879213
11.104439,29,25.920007
13.663637,41,25.975937
-5.914907,7,25.986743
8.899706,35,26.036744
-5.419595,7,26.0477
10.992695,30,26.090049
7.168005,16,26.112782
7.895129,23,26.145191
-0.9073,13,26.163282
-2.564892,10,26.176613
10.198114,21,26.205768
13.148214,35,26.253552
7.144366,16,26.276124
-4.635989,25,26.31141
4.117404,24,26.345858
-2.081955,9,26.358483
2.596449,16,26.380734
7.690571,25,26.414965
18.352784,54,26.490248
-5.287528,7,26.500165
13.005471,23,26.531809
-4.144138,21,26.55949
1.701817,17,26.582238
0.386891,13,26.599669
-3.451363,9,26.611542
6.104336,19,26.636772
6.085631,20,26.663007
-3.011723,9,26.675368
8.206561,21,26.70312
5.590409,19,26.729021
1.231327,18,26.752951
-5.131865,19,26.777928
-6.042517,11,26.791995
2.869255,14,26.813875
-4.190546,15,26.832772
-5.92452,19,26.857168
-1.118879,10,26.8705
8.35072,18,26.894434
-4.600432,10,26.908109
-2.484927,10,26.921522
-0.467035,11,26.936082
13.636175,23,26.966184
3.064514,15,26.985782
13.798984,32,27.02753
-0.251177,11,27.041854
-2.367008,11,27.057687
-6.027367,25,27.090233
1.619081,16,27.11112
4.979298,21,27.138629
-3.459398,10,27.151546
0.391798,25,27.183636
0.345008,10,27.196728
12.89378,24,27.227785
24.907733,41,27.281196
22.014719,38,27.330826
-1.046678,10,27.344198
-4.366506,14,30.543888
7.010099,33,30.59503
10.461519,28,30.633698
-1.152209,12,30.650478
-1.064355,11,30.66624
2.002091,10,30.680424
-0.357591,19,30.706998
3.711502,33,30.750416
9.76755,28,30.792679
11.061134,29,30.833338
-3.722061,8,30.84463
-10.593445,13,30.862593
-3.026537,8,30.874468
7.811994,26,30.911617
3.938238,19,30.939284
10.517168,25,30.975182
7.212955,29,31.016667
5.931381,26,31.055606
-1.997233,26,31.092194
33.122526,44,31.155091
-1.247715,25,31.190983
9.368086,35,31.240803
0.527845,10,31.255404
12.986909,23,31.288597
17.524522,34,31.336268
1.105539,29,31.377608
8.402039,25,31.413461
4.612893,33,31.460535
-0.610308,11,31.476332
10.63945,43,31.537508
6.340989,17,31.56181
-2.769067,21,31.592352
0.298392,25,31.628303
7.361012,21,31.65842
20.661886,33,31.705696
0.0921,12,31.722971
26.374323,40,31.780252
-1.084915,11,31.79715
-3.184192,23,31.834102
1.977159,20,31.862846
-3.429395,18,31.888521
-1.080456,25,31.924182
1.807728,13,31.942722
0.366157,12,31.959953
11.268683,35,32.008849
1.820537,14,32.028195
27.642362,57,32.103392
5.016229,14,32.122407
0.345085,12,32.13868
17.467278,26,32.173437
1.072712,15,32.193767
-0.722346,16,32.216116
11.678932,20,32.242618
7.653251,28,32.280293
17.319625,31,32.322056
10.867194,32,32.364546
-2.263583,12,32.381079
0.61986,17,32.403624
152.890561,131,32.578721
-0.216779,12,32.59515
4.571964,18,32.620414
10.658978,43,32.684361
-4.165174,9,32.696919
-2.830208,8,32.708676
0.784024,19,32.735613
-4.840726,8,32.746887
-2.177883,15,32.767172
3.574667,25,32.801419
14.266684,25,32.838361
10.636919,35,32.887095
8.895177,28,32.928795
28.571252,53,33.004186
4.646598,27,33.042298
2.082604,14,33.061664
9.712624,50,33.127759
14.836261,34,33.173244
4.025927,14,33.193486
32.065841,69,33.285541
12.234044,31,33.326732
3.940615,20,33.353734
0.469223,13,33.371186
35.073248,82,36.880187
10.036208,27,36.920213
-0.460164,22,36.952283
-5.445033,15,36.974686
10.002968,24,37.008511
11.452245,20,37.038098
9.468622,40,37.09679
11.342166,19,37.124548
11.270799,23,37.158495
-3.243725,18,37.184674
-1.904586,23,37.21847
11.853048,25,37.258947
2.704387,17,37.284592
15.578284,34,37.334226
16.579826,30,37.377706
-10.551478,13,37.397033
15.6232,22,37.429644
12.350536,42,37.494603
1.6777,26,37.533262
2.103367,32,37.579697
2.396464,16,37.603645
38.909872,73,37.700773
14.433013,29,37.739052
18.830757,38,37.790168
18.180219,40,37.844423
10.080516,68,37.93658
5.897333,36,37.984966
29.910646,44,38.043657
3.218052,14,38.062651
3.821113,13,38.080515
8.075875,20,38.107041
-3.700795,30,38.147325
15.075966,32,38.190341
4.250382,15,38.210272
3.331313,18,38.23448
87.988878,89,38.356896
73.495861,99,38.499046
8.796462,26,38.535437
-2.548048,12,38.552485
14.347928,43,38.615056
1.018133,13,38.634397
55.085333,93,38.77265
-5.632681,22,38.804679
1.281616,39,38.86332
17.430485,29,38.905061
-1.624274,11,38.920959
8.12036,105,39.076645
12.305487,26,39.112462
7.919173,18,39.137015
8.603624,17,39.160669
6.06191,18,39.18585
51.357778,62,39.274497
37.772633,69,39.375019
0.353329,25,39.410096
-4.056026,9,39.422608
6.279414,23,39.453461
2.644176,17,39.479015
4.177971,34,39.52704
0.176244,19,39.55366
8.483748,22,39.585682
-1.871583,16,39.60857
-2.845564,16,39.630994
8.376782,24,39.664667
-0.20843,68,43.035558
10.898979,35,43.08716
6.86415,23,43.119346
2.918471,12,43.13562
-4.602438,13,43.153468
9.833021,24,43.18609
-9.214227,19,43.211528
24.725589,41,43.267921
10.65573,24,43.302198
-0.782799,19,43.329215
44.518911,81,43.442541
-3.273742,9,43.456197
0.583554,34,43.504832
-1.176153,10,43.518956
-0.283635,18,43.54525
8.434834,25,43.58184
14.904098,57,43.661993
3.227086,26,43.699112
0.748484,24,43.73324
3.038429,13,43.752191
5.562144,24,43.785391
8.182596,59,43.867357
205.182704,124,44.042038
49.640271,173,44.283174
7.502531,18,44.309316
-1.844403,9,44.322125
26.336791,51,44.393775
13.719092,31,44.435645
10.873985,21,44.464844
11.443652,33,44.508971
31.459676,53,44.578117
20.425856,64,44.663817
26.101813,92,44.782579
4.023251,21,44.809603
34.539549,55,44.883262
-0.116619,13,44.900363
9.033319,26,44.934837
-6.133786,57,45.009502
0.892701,25,45.042504
31.070888,55,45.115793
25.504442,51,45.184064
4.493532,32,45.227136
-1.179027,17,45.250448
2.758461,14,45.272381
15.532805,69,45.366531
10.143008,45,45.427799
2.679938,14,45.447036
32.555416,68,45.541211
11.720404,25,45.575503
14.654379,43,45.637835
1.090161,13,45.657093
12.808218,40,45.714779
15.142473,29,45.75621
12.163739,29,45.79901
13.286115,35,48.992336
42.970954,59,49.086699
12.942981,27,49.125741
2.190293,35,49.182156
21.20572,50,49.253149
12.713105,62,49.346616
20.377174,68,49.450214
52.012923,94,49.585842
26.380794,66,49.686635
23.913147,79,49.793052
130.834186,125,49.966525
21.608183,36,50.0159
83.513174,118,50.169914
5.895164,30,50.208868
14.959102,62,50.29306
31.628725,51,50.361773
34.427751,55,50.438019
313.364908,238,50.761096
24.501649,48,50.826936
7.376375,21,50.856883
-6.644659,23,50.889397
20.57476,77,51.000363
31.31077,56,51.080592
17.969045,54,51.159222
34.325322,45,51.223305
9.33135,22,51.255337
64.188054,98,51.390702
-6.636267,42,51.449289
-3.904159,20,51.477523
9.77392,28,51.520046
1.333567,25,51.555119
9.217431,103,51.697211
130.156253,131,54.979187
-0.486871,21,55.008304
8.926345,27,55.05653
58.305091,118,55.221927
9.974592,42,55.278347
20.316868,34,55.32413
11.726882,27,55.359592
62.773771,93,55.482478
60.598846,107,55.628815
22.211094,58,55.711101
88.428523,109,55.861427
0.356117,38,55.911769
20.205087,40,55.969052
17.974875,44,56.02887
-2.500237,18,56.057016
9.072343,26,56.096732
75.814149,114,56.268861
13.466325,35,56.319719
3.969227,31,56.372786
-0.246476,39,56.427857
53.520698,63,56.52542
18.145332,51,56.610147
12.823359,44,56.676651
19.355994,54,56.756991
6.859165,20,56.788635
12.931621,36,56.84178
10.625283,82,56.959693
41.845141,63,57.049076
201.85415,157,57.271641
12.193176,48,57.340322
27.941899,83,57.457907
-3.737682,9,57.471509
10.644016,28,57.511136
61.40897,88,57.628268
-0.717311,24,57.65921
32.684036,78,57.767038
29.543427,53,57.843254
29.429993,52,60.962098
246.742647,181,61.197671
9.22279,24,61.226035
12.728671,21,61.253271
81.000359,99,61.377213
18.618062,50,61.441473
26.500938,41,61.495202
26.540206,61,61.57391
26.158323,38,61.622337
14.753789,31,61.661804
15.332943,29,61.701628
71.175368,65,61.793125
9.651712,23,61.826195
56.166385,98,61.973617
8.421588,21,62.007575
2.258726,21,62.038277
2.91645,21,62.075775
24.289862,47,62.163689
53.084067,75,62.287503
41.558704,63,62.395468
391.091173,216,62.722613
39.369527,63,62.80686
17.288864,41,62.856441
53.093388,67,62.928789
23.875621,61,62.996569
28.39187,58,63.062464
116.117652,115,63.190309
11.701502,43,63.243911
20.359054,35,63.282532
38.938086,86,63.376981
214.107371,126,63.517424
109.533807,82,63.615681
60.781775,87,66.797732
100.046959,117,66.945846
211.964412,112,67.10104
25.544325,76,67.211145
1.031369,46,67.27625
91.009765,84,67.394037
124.099706,116,67.557995
78.579924,163,67.791798
14.764456,45,67.855151
35.278005,55,67.932447
37.007128,63,68.019426
31.222427,51,68.089928
20.809993,38,68.140227
0.767696,19,68.165123
-2.148146,11,68.179454
-0.869559,14,68.197547
9.960913,33,68.240817
67.757112,127,68.404081
30.857056,47,68.465517
53.386216,84,68.574942
5.401039,20,68.601728
32.113129,63,68.683796
17.184119,39,68.736071
0.947942,21,68.76501
115.987447,113,68.921894
18.580455,39,68.976602
5.843303,20,69.004809
20.926698,30,69.046363
39.25148,132,69.230803
34.258277,53,69.302266
16.387454,45,69.362551
93.651288,145,72.770221
11.927201,31,72.826135
41.515193,42,72.886389
16.988301,35,72.937016
49.306886,102,73.08496
12.472564,34,73.134614
71.05418,74,73.241932
17.233246,62,73.331867
5.422535,16,73.35457
35.589812,52,73.435357
106.222966,99,73.576571
3.573851,53,73.647101
55.553266,73,73.745038
76.708403,121,73.908773
1.020895,11,73.924088
296.02143,169,74.154529
29.60382,75,74.259792
42.479333,52,74.333995
36.659209,88,74.45651
72.890144,82,74.577049
28.097828,69,74.67686
78.799097,111,74.833427
14.326804,36,74.882988
19.195203,37,74.934479
62.135086,94,75.063807
41.994966,131,75.253159
80.299242,129,75.437221
26.539323,53,75.513356
52.104523,72,75.616737
358.602745,193,79.098879
9.416936,18,79.122648
81.772691,100,79.252591
84.366899,151,79.448133
30.855111,80,79.551283
178.641687,224,79.846625
11.252285,38,79.897038
55.278932,121,80.058397
20.522526,51,80.12722
24.180973,43,80.186282
253.97016,189,80.438545
53.239794,71,80.535312
133.319631,92,80.66219
54.112435,89,80.785487
76.383084,82,80.897588
44.356559,56,80.976591
87.285464,126,81.150872
135.224037,271,81.524355
340.494729,211,84.973469
168.541371,167,85.201229
48.857418,140,85.400337
81.41849,115,85.56427
212.897089,142,85.759622
48.427318,108,85.902603
15.709484,56,85.977809
129.181831,134,86.156299
31.208746,79,86.263768
21.57693,28,86.302268
7.473228,17,86.325394
49.206796,80,86.433
79.043219,102,86.576372
306.799951,165,86.80937
16.284895,98,86.94543
241.933375,136,87.131985
156.027817,145,87.320917
207.139081,131,87.497368
34.346478,78,90.835812
259.377581,191,91.106173
219.935297,131,91.276337
307.820165,216,91.55598
222.044439,156,91.765574
27.67189,48,91.831604
163.456785,96,91.964806
235.681116,132,92.150305
42.458528,75,92.25504
10.626797,34,92.304379
280.990892,152,92.513904
27.237892,43,92.573509
3.925328,20,92.600449
351.004971,188,92.859477
209.608584,102,92.997584
39.679286,51,93.06931
85.59867,143,93.269897
246.768008,145,93.474856
20.561324,48,93.541112
-0.053585,117,96.894148
459.046221,261,97.25359
352.825844,219,97.55332
73.549805,100,97.69759
76.529777,164,97.923633
338.883178,204,98.213205
227.113786,133,98.396853
13.039412,27,98.435661
55.435559,140,98.633275
400.44257,467,99.277833
152.964994,89,99.390867
32.416976,62,99.471164
154.04991,101,99.602892
292.790591,237,103.159548
8.611006,31,103.203274
86.152791,132,103.379189
161.123802,197,103.644814
118.300032,112,103.807968
206.961889,107,103.964108
96.79668,127,104.149524
131.681127,159,104.366989
67.001364,96,104.489017
315.677957,232,104.785363
91.325398,95,104.907235
184.258701,102,105.038505
212.997697,116,105.187381
44.908871,85,105.302676
145.97142,287,108.877299
16.538221,68,108.978559
40.713817,198,109.258172
338.138462,173,109.500914
63.28334,86,109.622112
202.516067,98,109.759657
66.149976,127,109.937964
77.829851,110,110.084755
58.290453,213,110.358224
163.364275,171,110.583021
96.584042,161,110.799357
55.828689,166,111.029374
118.421569,92,111.157279
9.406139,25,111.193165
409.570645,306,111.607627
33.025265,91,114.942448
362.8549,221,115.248795
56.980184,66,115.335792
52.070054,91,115.452579
47.306163,119,115.606273
132.755166,155,115.809314
91.884719,105,115.950911
205.934035,120,116.115575
139.489053,111,116.2701
63.054969,142,116.471166
296.252443,153,116.688322
45.95061,86,116.813064
72.089155,169,117.052303
204.039592,102,117.194271
44.17594,73,117.296702
254.957484,256,120.762841
222.977526,121,120.927819
77.767667,122,121.085359
147.95345,254,121.428941
34.71785,75,121.534838
405.450173,260,121.900312
393.048905,217,122.200805
185.862475,137,122.395974
143.788929,145,122.603068
193.939118,158,122.821607
81.373107,129,123.006591
25.822286,139,123.203496
24.470777,33,123.250304
53.212474,112,123.400239
207.89111,152,126.832736
201.268212,125,127.008488
363.698016,206,127.293328
267.60993,139,127.476321
271.793819,169,127.703432
73.226399,144,127.899389
179.216737,90,128.022707
368.359247,168,128.265198
245.132315,156,128.483981
379.443058,165,128.714975
317.265675,239,129.033934
206.166986,139,129.219692
63.617565,151,129.421526
269.200422,188,132.809836
253.325362,326,133.254531
8.248533,28,133.292854
383.232983,321,133.738534
273.866119,162,133.960165
496.184711,291,134.346878
501.386428,377,134.85404
363.503494,187,135.115314
86.518672,123,135.291507
477.513244,362,138.980489
347.843979,215,139.275723
219.534636,120,139.439862
204.873703,284,139.827008
152.328759,277,140.21078
261.283156,140,140.405478
357.612605,197,140.684805
296.903847,163,140.91886
94.745712,280,141.292173
320.911557,197,141.549273
462.310266,271,145.116708
76.896543,139,145.296196
379.611474,169,145.514832
315.362528,193,145.813263
157.337169,239,146.151059
231.394609,199,146.421593
95.63671,209,146.699717
132.652597,165,146.91237
272.826836,196,147.176375
27.540725,116,147.335279
308.700361,190,150.803843
13.041191,38,150.856172
221.461218,119,151.02461
352.292259,183,151.289965
201.901389,119,151.460095
214.648771,264,151.831787
393.823134,304,152.249914
126.485437,191,152.503315
202.907625,114,152.65837
343.89541,250,153.003409
75.613865,123,153.169498
318.078612,203,153.450276
94.540634,189,156.93666
125.523316,190,157.199629
360.010851,181,157.456647
105.341619,207,157.740116
154.743119,297,158.130146
247.459458,379,158.633925
282.496745,132,158.811525
196.691915,123,158.982242
203.139664,119,159.151428
247.052024,142,159.355044
112.903135,193,159.636493
377.786746,233,163.193861
34.009791,63,163.281907
211.4379,144,163.480407
8.850281,20,163.508214
312.306949,277,163.879814
232.278546,143,164.07268
297.337143,169,164.304185
47.662116,70,164.4018
42.754593,138,164.596246
56.665795,142,164.800505
304.569788,212,165.098534
261.714023,135,165.287637
416.292321,259,165.64848
188.545821,140,169.191102
398.607241,326,169.676993
159.23019,274,170.091725
339.947196,206,170.388336
359.833334,229,170.719696
369.209006,233,171.062756
31.298375,137,171.259454
180.401608,106,171.408339
283.541147,146,171.604939
199.22042,108,171.745691
7.909953,21,171.773379
317.725592,222,175.23705
229.520711,124,175.416974
312.607433,137,175.603646
357.011648,282,175.99648
461.874177,314,176.440506
47.652578,150,176.65886
336.613082,283,177.036539
254.158113,112,177.180102
64.706743,139,177.361066
105.317452,155,177.569399
362.867845,254,177.922615
333.36883,193,181.293249
275.356347,172,181.507568
290.531755,146,181.707547
370.298037,287,182.099141
262.554455,140,182.294324
411.454028,183,182.525183
297.828547,173,182.74668
104.090743,215,183.034796
257.179744,174,183.268996
374.029408,166,183.491895
102.214468,220,183.787508
174.218122,357,187.485907
216.698657,110,187.635005
300.028122,161,187.855794
412.933672,234,188.184086
207.261948,108,188.335479
206.950646,115,188.497554
524.791575,314,188.926226
319.159767,191,189.171425
-9.274039,211,189.44551
451.801692,327,193.118902
367.254922,180,193.377521
362.805493,197,193.655447
244.654989,117,193.832894
279.192929,191,194.10134
257.302902,160,194.321897
625.108168,526,195.018434
630.243873,368,195.538219
190.110474,351,199.224239
522.030028,372,199.639259
72.155505,118,199.781317
359.248279,165,199.977624
324.359318,192,200.219832
336.457244,161,200.436346
353.771956,179,200.68897
698.682295,515,201.444581
239.713814,130,201.626202
282.774984,163,204.960501
367.042799,192,205.212617
297.551808,485,205.846082
355.463099,151,206.042639
415.308867,222,206.352149
216.582025,321,206.789255
415.298699,216,207.069151
64.149304,89,207.18553
239.954127,129,207.353426
464.002874,239,210.812909
82.775873,203,211.095462
294.588632,147,211.299875
320.989366,215,211.604888
500.165092,264,211.977798
448.387618,236,212.293284
297.623117,185,212.549875
49.986721,138,212.753388
21.404761,116,212.924528
339.572257,205,213.210365
356.956104,174,213.454505
30.678899,121,213.629832
225.340666,119,217.025402
240.927873,125,217.208333
264.741038,125,217.374287
281.326115,189,217.625863
9.56141,111,217.779295
510.282817,243,218.138114
148.036921,223,218.458709
309.897389,248,218.804716
96.130927,153,219.025184
255.846669,127,219.212406
151.170107,87,219.339505
441.241481,229,219.662159
346.574983,191,223.169042
496.239605,271,223.555607
319.071128,165,223.787
28.956935,145,223.987698
255.283989,141,224.182917
64.712671,145,224.388294
490.953494,326,224.854879
137.491991,116,225.021019
2.350257,29,225.063363
357.666335,224,225.366448
481.490811,249,225.694562
360.259455,219,229.147717
419.065565,250,229.481925
262.553872,164,229.708294
353.204098,386,230.245145
106.438819,180,230.484485
429.98172,188,230.738629
424.97819,268,231.098142
49.354544,203,231.378616
380.846697,175,231.62381
54.719465,130,231.810157
119.703901,212,235.234422
323.638017,168,235.463442
42.314155,70,235.556678
284.240922,169,235.782042
137.157852,86,235.899482
398.558581,279,236.288208
84.876597,191,236.562075
370.599656,235,236.896532
377.495054,211,237.193524
86.438731,180,237.444377
382.049704,242,237.771174
321.129172,190,241.126726
259.787823,136,241.319156
462.567044,307,241.75554
328.946418,157,241.975929
315.898003,164,242.20326
209.899462,114,242.360769
570.88896,252,242.711
616.79404,302,243.128492
347.941674,186,243.37535
19.99231,117,243.529039
536.529451,268,246.953019
604.462319,279,247.338548
340.48322,150,247.551531
436.555528,199,247.828983
713.201084,350,248.328237
348.058751,178,248.563484
103.79698,191,248.8145
111.670217,141,249.003323
233.796566,147,249.203743
556.416689,233,249.535311
463.316739,268,253.053396
584.892386,316,253.496173
264.239262,137,253.68985
606.557406,444,254.28289
341.514554,222,254.577967
218.003987,319,255.036461
685.486989,338,255.494955
409.069826,187,258.908191
349.837225,216,259.206174
353.304063,167,259.420989
386.244734,175,259.645561
492.054172,247,259.981353
396.728043,232,260.296238
424.301275,211,260.580346
205.611294,138,260.761795
455.75824,238,261.084426
400.952616,199,261.363151
385.798399,207,264.914726
416.12929,214,265.213454
218.332986,200,265.494483
275.112369,180,265.742761
549.500967,281,266.124563
333.321952,163,266.346831
234.547033,117,266.509856
369.290965,360,267.010211
303.336987,159,267.226891
700.822745,642,271.155249
479.167811,244,271.479784
344.784568,154,271.687577
859.566905,353,272.191131
490.9895,391,272.734867
853.913162,522,276.655215
477.163365,217,276.971866
236.374506,125,277.156272
373.378822,187,277.415163
446.128214,243,277.736114
410.469411,213,278.025902
108.997263,194,278.304385
576.894945,307,278.736177
261.533699,146,278.932213
409.49313,180,279.180353
350.48971,199,279.462796
73.55926,146,282.679005
368.064649,190,282.935784
327.262608,172,283.15751
281.772957,162,283.366399
319.017023,179,283.597884
311.892388,185,283.84729
66.923403,151,284.048618
425.256108,251,284.386005
570.809507,365,284.892103
326.390034,168,285.131099
343.596459,186,288.546843
794.438152,458,289.151978
331.224237,188,289.415652
325.903629,198,289.683706
65.610258,126,289.853113
180.643895,297,290.265077
292.913036,144,290.465458
366.538486,232,290.789508
327.383049,193,291.068387
248.164038,121,291.22966
23.68824,135,294.665348
302.199238,181,294.931319
664.33623,335,295.388644
527.730221,290,295.797292
732.70755,383,296.353335
447.324116,191,296.628236
351.558095,170,296.858276
25.742055,37,296.908666
471.698695,311,297.328994
235.046175,319,301.034728
352.230358,167,301.3594
307.213357,153,301.633524
387.708987,230,301.949875
557.74535,266,302.295923
334.336029,171,302.508617
893.420721,580,303.308846
332.492364,163,303.527583
157.994026,306,307.338649
272.40074,153,307.536521
629.007961,259,307.813973
323.49867,186,308.008799
452.267356,210,308.233348
372.02288,174,308.426037
1004.16295,583,309.148497
321.229145,173,309.380788
477.496156,250,312.982881
457.395827,265,313.33008
438.681462,247,313.660831
477.434894,310,314.095127
470.289895,259,314.450182
393.35905,400,315.024649
379.855128,258,315.393562
18.83822,79,315.510216
139.321757,426,319.36691
635.349923,284,319.759367
590.486297,381,320.287498
71.546716,168,320.52861
307.598761,145,320.730704
459.375382,201,321.005849
540.615918,280,321.365833
254.994618,218,324.850389
579.689956,335,325.304832
672.040477,496,325.957562
313.206718,160,326.170389
568.23083,236,326.488506
352.228499,169,326.722265
201.217023,108,326.876142
194.322282,118,327.046951
47.573366,129,327.232869
294.262083,159,327.461609
386.003273,197,330.828782
685.560135,387,331.362991
231.543245,173,331.59805
652.540541,289,331.988099
535.256744,268,332.365955
472.139454,221,332.676286
254.566692,138,332.867689
449.927874,241,333.181369
645.412047,282,336.73562
316.103121,243,337.074028
633.826973,405,337.640957
232.894076,355,338.135763
272.749133,144,338.326684
324.903766,212,338.601725
394.037024,245,338.932097
628.296753,301,339.362494
160.40916,96,342.828316
804.025612,489,343.500552
444.552179,247,343.833105
457.4412,280,344.221658
515.462565,236,344.565312
135.867443,201,344.858416
264.077362,149,345.0715
587.191675,363,345.584175
611.341764,331,349.30937
29.200258,152,349.516724
55.317259,144,349.712996
303.886775,146,349.916734
661.457195,252,350.268843
513.582334,307,350.693459
537.67621,296,351.087107
332.913366,176,351.3161
310.499281,170,351.544745
376.728399,192,355.04077
290.027733,153,355.257779
324.095655,147,355.481319
370.561939,217,355.818813
399.720619,194,356.113693
571.491183,248,356.391065
305.555379,166,356.568145
948.650798,502,357.153972
133.048947,249,357.469821
467.731529,278,361.081703
723.503251,337,361.463807
588.587643,223,361.69695
638.332154,256,361.984261
529.249671,260,362.303355
297.493921,163,362.53308
405.262098,238,362.863771
334.344509,184,363.122505
252.22495,145,363.324688
1153.702518,667,367.488702
412.262077,243,367.793579
806.621009,339,368.232128
1308.572556,735,369.230305
496.242815,261,372.868874
484.943615,255,373.22295
585.729299,305,373.6283
410.515146,188,373.880152
518.158081,220,374.18436
445.517598,205,374.468308
492.207794,236,374.793671
127.786553,175,375.055774
286.796429,208,375.364919
274.512168,123,375.556101
615.993644,290,379.33908
310.603543,163,379.567375
249.913766,134,379.755767
270.408284,135,379.94073
507.941199,239,380.261958
520.556121,222,380.573877
87.806066,150,380.786981
374.442055,177,381.033888
304.72116,188,381.301323
351.459047,161,381.523701
623.284204,349,385.057759
324.639869,200,385.273663
442.326488,218,385.537607
799.902676,360,385.984423
245.45804,148,386.18089
156.33937,255,386.556252
336.689962,162,386.790686
363.786207,202,387.088717
715.198023,328,387.443657
384.077059,180,390.830166
873.935018,322,391.275233
631.323762,413,391.850304
700.786875,350,392.339658
292.032083,132,392.510889
582.290815,434,393.084006
547.290433,261,393.44694
427.872607,206,396.988853
1371.147257,837,398.141624
410.835902,224,398.442998
628.993826,375,398.969574
872.59186,532,402.958172
445.718781,265,403.331344
521.184385,212,403.621721
780.614661,441,404.255006
579.817419,233,404.60999
458.808125,258,404.971732
446.222093,202,405.255405
227.888588,304,405.667816
816.193671,374,409.329165
256.976818,134,409.510587
1335.084416,754,410.548174
318.675436,177,410.78577
319.430659,150,410.981373
405.174031,219,411.268325
290.941563,176,411.499475
645.891319,311,415.084376
714.757741,363,415.587061
671.528241,306,416.000111
224.302705,124,416.171114
53.901173,143,416.374702
525.789819,243,416.706491
638.181716,275,417.050431
71.006643,145,417.237094
864.091864,491,421.117241
348.996759,167,421.339083
319.977366,171,421.582462
631.272388,258,421.953894
497.244889,219,422.250635
236.011195,135,422.439823
269.412392,143,422.645733
442.748209,228,422.963489
605.628105,317,423.403517
555.854938,258,426.97554
465.386704,188,427.238738
572.174814,264,427.593239
683.617285,380,428.122877
307.696574,157,428.346279
539.745351,226,428.665145
151.163564,255,429.026297
288.40843,162,429.241152
211.19739,333,432.927344
756.632615,337,433.386865
566.24915,290,433.795846
1082.826691,529,434.533365
921.844021,433,435.11028
756.132324,284,435.491439
628.292584,360,439.131904
258.056498,134,439.317899
531.195288,228,439.641584
339.04779,179,439.89211
886.362704,375,440.405083
772.707052,326,440.839198
751.909032,349,441.312815
832.956669,297,445.04817
404.727107,247,445.394064
630.618256,364,445.888142
415.80237,168,446.104259
922.646996,367,446.585957
49.906122,134,446.773585
415.19564,199,447.059679
565.971441,239,447.380859
163.354046,282,450.978473
466.039413,233,451.30315
585.899401,328,451.730919
379.559852,212,452.016998
560.603536,224,452.334247
1235.457414,612,453.18009
408.217007,208,453.47531
1067.411253,569,457.515604
490.219845,197,457.783003
545.573329,227,458.084347
875.690012,365,458.586178
585.870091,471,459.260019
974.40192,451,462.984754
863.076768,400,463.461215
1356.96188,689,464.349672
554.572568,245,464.653748
800.112583,347,465.090685
651.290504,286,465.530762
933.374404,476,469.403191
901.368523,437,469.992041
813.367053,397,470.547264
1179.817801,658,471.474667
625.394694,325,475.136285
339.598923,207,475.416113
745.13593,413,475.995649
615.125324,282,476.391799
411.448872,285,476.798359
998.89454,408,477.36096
765.097849,405,481.216891
720.081692,373,481.734017
949.57371,698,482.703262
601.835324,366,483.191045
888.19118,420,483.773305
568.057702,246,487.32784
891.55675,355,487.795295
893.796306,366,488.289705
678.901074,347,488.767386
715.583522,344,489.247507
413.980811,265,489.598416
263.751794,136,489.770168
881.737514,369,493.528422
301.04252,165,493.762011
1025.303798,461,494.379141
585.223895,298,494.810793
373.803325,174,495.060733
1169.795179,529,495.777365
555.175655,218,499.453034
529.795694,230,499.74934
692.537021,300,500.200127
582.123968,279,500.632025
468.178127,247,500.929146
234.425378,352,501.399395
668.160611,338,501.874671
372.743282,200,505.483292
780.713236,742,506.480821
427.424339,197,506.751707
336.701902,171,506.992746
39.204463,168,507.236883
656.885094,308,507.671561
616.316862,336,508.147512
553.446856,295,511.614917
659.742822,443,512.196893
756.243939,357,512.670448
450.748916,210,512.956962
292.139862,198,513.226372
1152.344742,498,513.903469
404.387489,174,517.628804
554.775449,248,518.026281
1120.078948,722,519.047343
389.668884,200,519.343244
839.111106,411,519.933754
997.167981,410,520.527795
402.070981,243,524.582209
475.590665,217,524.892066
526.219601,215,525.200551
493.662361,240,525.548187
781.514991,308,526.029491
756.663209,350,526.567756
53.051851,139,526.772336
530.567465,229,527.104171
692.090574,275,530.789883
697.574887,283,531.191139
517.480765,226,531.579172
584.492583,215,531.912108
863.274112,357,532.362117
1090.747716,560,533.154204
352.534261,166,533.366802
468.073622,284,537.49743
160.089702,273,537.824956
496.504605,239,538.118225
211.347413,137,538.300129
372.657915,185,538.549202
479.45482,207,538.832843
593.136868,261,539.246977
450.20301,227,539.584135
198.25643,337,540.073249
937.56791,393,543.836789
426.105341,208,544.133781
571.399517,215,544.434995
575.414476,267,544.801399
246.27128,132,544.986201
935.702906,380,545.5055
361.552715,196,545.760576
561.080403,244,546.077291
1167.882478,482,549.998131
818.916303,307,550.430612
654.245568,308,550.868051
584.217298,265,551.226231
1275.164468,509,551.924479
949.708548,460,555.848497
472.310172,230,556.163956
1571.689073,823,557.291655
563.966773,275,557.67877
506.633035,242,558.001483
702.501751,278,561.981381
382.95569,185,562.266408
463.108369,249,562.615909
86.238928,244,562.96269
336.720667,168,563.201994
463.506828,225,563.49824
336.825663,179,563.731335
436.520053,220,564.016338
620.724921,317,564.439799
653.181151,303,568.335356
949.036478,380,568.896531
877.78005,310,569.32631
864.811209,323,569.790988
324.656881,176,570.051889
724.260471,325,570.502069
554.236238,224,570.819025
922.485125,423,574.802642
765.773851,311,575.226081
531.850799,212,575.527803
120.86902,104,575.672677
624.746051,306,576.098717
411.490652,393,576.670023
140.83774,95,576.806818
309.277591,183,577.068732
690.341568,287,580.801659
1017.84754,381,581.318573
703.1566,291,581.709169
29.930403,98,581.844883
625.867502,269,582.219583
891.948593,366,582.726352
645.704931,245,583.053007
800.541675,351,586.826443
189.308493,306,587.286397
968.633598,372,587.816934
355.912986,174,588.067981
552.195598,235,588.402554
604.240946,241,588.732167
513.523876,201,589.008245
808.795955,366,589.513197
1513.951541,757,593.991971
618.008881,250,594.324629
465.377169,198,594.589119
750.165689,339,595.066318
1153.136848,542,595.881405
673.46516,332,599.942263
923.623445,360,600.46224
692.025199,282,600.855616
662.422682,268,601.206951
611.156865,248,601.566894
547.938423,289,602.036266
921.138947,378,605.717282
840.582551,349,606.232202
383.855321,198,606.525437
315.809191,174,606.794252
336.348961,141,606.986726
697.651505,295,607.395894
602.415502,262,607.773821
469.219971,256,608.130666
710.109162,285,608.541705
884.277394,390,612.384185
620.055003,283,612.758293
831.938527,351,613.243479
621.261243,276,613.614171
368.437168,202,613.888331
539.305048,213,614.190777
412.951687,191,614.467169
1225.460072,466,618.133996
556.943246,270,618.429696
578.364815,213,618.689215
586.080162,239,618.991031
1330.105908,526,619.712229
593.934306,239,620.042471
208.618565,407,623.885591
713.472843,302,624.3234
508.402317,205,624.610164
577.086749,204,624.91473
617.481186,260,625.300039
557.848356,227,625.722692
825.748895,374,626.257612
686.119463,350,626.727604
1319.460228,717,631.225679
713.494997,280,631.541218
703.053426,364,631.948534
1039.955206,455,632.511321
458.134393,193,632.766208
866.952836,352,636.430941
589.403066,208,636.712077
429.512025,176,636.947207
544.945567,217,637.242279
342.489156,135,637.428729
722.922876,291,637.823355
746.044194,475,638.502074
388.333385,206,638.786861
648.132481,287,642.378896
536.762739,255,642.71531
622.259543,268,643.0729
441.3624,217,643.365908
46.653773,96,643.498219
506.460148,219,643.804552
710.03472,394,644.332022
743.696313,301,644.732972
1075.25507,377,648.743604
1186.293815,481,649.474777
452.319578,213,649.787269
772.836175,290,650.183867
1163.127039,529,650.937017
603.227599,234,654.754206
877.152957,290,655.193289
413.359449,176,655.435586
627.96444,251,655.783152
650.418404,239,656.128228
1045.982527,411,656.704044
871.614135,365,657.211044
507.63055,245,657.562896
549.555409,215,661.169698
674.701701,286,661.58056
873.484519,381,662.116288
845.314548,338,662.561442
576.800982,242,662.890821
608.946261,244,663.232586
625.454617,232,663.550407
712.607943,315,667.349402
1200.15743,407,667.919336
1038.65311,416,668.437104
600.723042,256,668.770457
793.70268,288,669.149821
597.221273,264,669.506899
655.996831,319,673.244202
706.624503,399,673.811618
446.35135,172,674.081357
945.979908,447,674.73137
756.864081,338,675.228044
623.97685,287,675.647714
732.241873,276,676.022653
1161.578489,450,680.128834
264.923832,211,680.430509
487.61263,246,680.791728
806.92562,294,681.225123
1340.458348,635,682.10875
629.600224,285,682.535257
1095.323384,476,687.228371
653.408376,340,687.718257
844.307784,293,688.170877
582.921024,231,688.505486
572.156156,228,688.85701
358.156383,152,689.081673
857.324324,408,693.366592
787.759944,317,693.817248
536.599382,215,694.110646
1105.231091,400,694.67152
762.314293,358,695.184446
854.490011,286,695.59502
1225.550475,432,699.542933
666.181506,248,699.914524
412.387948,152,700.130989
940.245131,456,700.795426
715.940273,235,701.138726
362.056736,172,701.386323
396.999686,171,701.628515
661.473389,269,701.984341
671.586077,258,702.368934
34.561207,117,706.0011
440.054561,207,706.295348
628.0037,287,706.706827
711.069585,263,707.089079
603.117479,256,707.436388
1365.987088,488,708.132997
545.299283,188,708.41006
633.824786,242,708.734746
542.666298,203,712.7005
485.241978,189,712.955089
478.148751,215,713.253583
548.380205,279,713.656204
775.59865,362,714.167011
729.940888,333,714.609557
1122.70899,421,715.186441
711.835968,301,719.30272
848.94216,346,719.811516
595.853826,219,720.102138
644.781202,256,720.451557
533.304143,212,720.752322
719.663332,294,721.174942
594.253473,420,721.767773
712.817405,371,725.96863
922.276404,336,726.424058
620.642472,221,726.736704
590.375684,264,727.099024
476.360389,231,727.444027
321.076575,148,727.669875
561.571104,293,728.002851
695.435248,245,728.267691
1030.738396,456,732.672623
777.324752,343,733.142264
386.170915,169,733.373963
231.096909,195,733.634135
404.236216,219,733.924497
601.27104,255,734.281389
265.069122,168,734.537864
1416.69374,501,738.639826
596.845922,231,738.947183
965.145653,379,739.45321
864.256113,348,739.967905
1029.503058,463,740.64641
916.702927,560,744.660729
702.591707,249,745.010795
210.760122,115,745.17721
736.572188,262,745.539139
661.767268,234,745.861066
416.178783,191,746.12534
938.175552,318,746.559143
604.701995,281,746.936024
497.678038,215,747.229423
1231.773787,491,750.939941
467.109254,204,751.214787
624.8044,219,751.505057
543.257095,215,751.803926
269.284797,178,752.052301
835.693567,412,752.608433
582.344122,241,752.953249
533.137189,265,756.314049
1036.185454,386,756.868184
630.454381,315,757.321172
864.600864,415,757.91566
1382.018644,544,758.662271
671.331271,295,762.348781
460.177416,173,762.59315
517.399131,260,762.981561
670.981606,249,763.350782
1341.917127,509,763.931345
702.351044,240,764.220644
466.997446,194,764.462312
349.395658,133,764.641324
826.324603,384,768.317581
803.716225,273,768.696311
1115.578462,547,769.426859
470.467506,195,769.688563
504.437618,201,769.970876
571.907569,222,770.290009
695.306194,290,770.700424
668.288383,248,774.676078
912.558596,342,775.14044
705.660103,265,775.509105
914.319895,363,776.021826
701.130745,259,776.386905
585.581879,294,776.792043
343.949712,153,777.01174
651.336241,237,777.337919
638.425183,283,781.120286
877.804403,311,781.566834
60.781028,85,781.698858
593.642521,233,782.043389
957.152943,456,782.552091
1206.729452,442,783.061191
408.620676,185,783.301834
340.953392,168,787.004253
333.577055,172,787.247708
527.134579,209,787.54432
540.609011,218,787.841639
810.4325,329,788.277022
615.136709,235,788.599722
582.674895,273,788.998178
462.852471,206,789.30189
367.871889,159,789.526679
442.792152,180,789.782344
1492.002304,654,794.642199
810.164684,291,795.064701
861.338583,304,795.514909
787.595069,293,795.946002
816.514727,300,796.35381
783.539868,341,800.577487
571.680573,226,800.890738
492.562732,199,801.159682
425.562875,198,801.425723
194.902204,312,801.860682
473.887738,202,802.155168
472.297787,191,802.428515
953.589258,396,803.057221
641.998561,281,806.928429
617.407001,250,807.291674
803.338342,358,807.782731
1002.794125,376,808.310731
898.148097,346,808.772813
619.222284,240,809.104096
494.163962,258,809.515815
396.861501,173,813.195037
665.24353,238,813.517238
651.731008,289,813.906539
698.762503,255,814.24648
738.655768,300,814.655836
484.652903,219,814.970678
864.444992,354,815.472017
660.346022,229,815.794073
612.780028,243,819.602317
844.402956,314,820.037289
609.496541,212,820.351903
53.844739,70,820.457644
346.713444,153,820.678595
688.348449,290,821.08854
844.935916,323,821.532395
269.760967,177,821.779812
918.340811,349,822.262345
645.524,297,826.366932
232.024074,132,826.570627
536.434683,212,826.831838
462.459172,205,827.053261
716.279528,287,827.369029
749.048764,293,827.727119
41.957063,120,827.882101
840.259953,385,828.421028
861.115311,343,832.306708
710.684701,297,832.639615
943.351304,338,833.056848
1007.107565,408,833.590308
490.207835,180,833.834378
37.336367,129,834.040766
620.474682,246,834.457329
307.143429,156,834.7058
496.34266,202,837.928054
965.331563,347,838.339168
601.47913,225,838.639774
599.378743,256,838.980887
1099.313854,372,839.578851
358.241897,178,839.850468
561.698274,213,840.175184
-1.13394,8,840.184734
278.351039,135,840.341986
878.464738,328,844.104352
752.073527,294,844.534314
613.384285,245,844.878507
677.863442,274,845.27179
651.264318,262,845.616688
1102.201738,464,846.283078
760.311064,347,846.770617
907.09893,324,850.707297
14.129929,111,850.857106
735.412962,262,851.201831
909.133709,340,851.655795
439.549097,224,851.960852
630.61172,235,852.283142
397.436176,175,852.525774
601.746609,236,852.855344
1047.920861,373,856.714395
966.747243,395,857.260045
747.349761,251,857.61963
257.07788,154,857.848658
502.377256,203,858.134556
613.676399,252,858.503242
571.30741,206,858.799997
930.011097,363,859.30938
620.164934,249,863.012553
669.552009,253,863.379701
580.061481,246,863.719216
549.21109,228,864.03749
760.0576,287,864.440191
668.95621,290,864.824832
537.039359,217,865.108524
768.863223,290,865.501929
798.626173,298,869.393242
499.914743,213,869.686813
236.250747,125,869.858732
110.507908,202,870.12694
368.576545,158,870.339155
788.113049,330,870.779789
558.158784,262,871.154797
227.953966,118,871.338521
943.298494,376,871.862668
319.287595,144,875.822215
590.677582,240,876.146575
616.844031,243,876.477796
739.651443,273,876.850545
525.757708,218,877.157485
892.533254,340,877.618442
588.701113,222,877.90957
482.743256,186,878.15744
999.220478,371,882.060742
288.567104,149,882.271903
950.98261,346,882.752221
571.93794,227,883.053777
641.573722,242,883.373376
719.750057,319,883.818786
1472.571429,627,888.207377
812.214688,306,888.61268
883.379928,304,889.010894
1070.800437,382,889.545861
518.176021,200,889.815925
666.395602,305,890.240702
678.191847,218,890.545624
788.218816,339,894.243771
606.850351,215,894.540853
772.079147,389,895.092161
543.975189,248,895.429895
644.054132,249,895.771365
641.19002,240,896.109689
366.729249,156,896.327047
773.081362,307,896.747692
786.185217,322,900.617576
887.06375,338,901.100703
1582.000362,621,901.962312
698.119421,293,902.363769
547.678601,224,902.673494
836.387369,363,903.189366
762.094,313,907.152486
465.441461,180,907.400581
626.189892,248,907.737958
921.258904,327,908.186452
641.063684,295,908.604105
591.963781,241,908.950504
883.493849,325,909.408129
545.032993,202,909.678215
54.2516,76,913.023574
619.192559,240,913.351012
627.092441,255,913.699349
886.23301,345,914.202834
831.77829,368,914.718735
503.067045,198,914.990698
812.516502,296,915.379392
476.170571,206,915.660956
918.844305,350,919.361936
309.844609,137,919.556673
326.774083,152,919.766986
253.740268,122,919.941453
800.687044,410,920.504622
970.966567,345,920.967171
577.203915,254,921.311851
540.565257,239,921.623816
525.442579,238,925.181826
582.408175,270,925.565145
449.399131,171,925.805011
452.784402,185,926.068577
543.177689,208,926.349095
610.131873,207,926.637625
629.33806,261,926.987182
621.778928,281,927.366671
1862.036585,703,931.575849
842.928072,339,932.022089
704.998891,272,932.388752
502.625833,232,932.709302
417.460078,184,932.964406
809.449271,324,933.4254
569.046577,251,933.777916
654.973938,293,937.421899
1165.432617,422,937.980062
637.521333,265,938.340304
847.192474,309,938.791383
283.58517,140,939.012097
855.472745,313,939.444822
641.831312,244,939.728585
512.46651,197,943.122129
443.825758,187,943.368511
570.11202,231,943.678693
559.759904,240,944.014413
601.475838,245,944.341269
616.494613,229,944.645537
458.058917,195,944.90853
353.91932,187,945.172176
625.471996,238,945.532503
389.010696,179,945.779177
350.359379,140,949.111176
414.288888,178,949.352455
643.172572,292,949.733353
375.151587,208,950.008467
666.529981,271,950.3772
709.085173,287,950.782957
433.19019,203,951.060411
753.973426,276,951.428434
538.93224,280,955.00474
850.160885,327,955.44623
967.969958,336,955.90706
773.845242,277,956.300041
802.894977,305,956.729242
978.953996,347,957.185963
735.94284,298,957.569354
357.262006,183,961.040289
697.541917,269,961.438604
692.577911,249,961.782976
687.058658,299,962.194818
612.713478,248,962.531682
466.613625,196,962.797852
690.998448,275,963.158307
607.981293,225,963.464313
796.878301,334,967.175995
388.614769,172,967.422159
848.594039,329,967.879301
728.192977,302,968.28046
680.005903,250,968.612632
471.104722,220,968.914999
632.073227,284,969.326844
736.162462,275,969.706254
955.807359,380,973.458379
1268.21642,462,974.037426
477.96968,201,974.295481
504.924444,276,974.73696
1714.07842,800,975.801612
1006.307823,387,979.287965
643.054495,263,979.609702
827.280982,365,980.095462
839.514934,312,980.556166
655.549845,274,980.920439
570.245153,218,981.153151
700.923499,285,984.546874
525.327009,217,984.829995
184.343816,89,984.946979
800.958483,290,985.347379
707.990398,313,985.77302
466.294081,200,986.048982
715.357192,285,986.431288
469.214658,196,986.700019
667.582498,264,987.045998
1165.866569,417,990.845928
727.289253,304,991.24809
623.801836,251,991.562232
534.230098,206,991.868335
722.540127,268,992.260794
604.265917,328,992.686069
1076.731189,380,993.210889
678.377937,273,996.816581
1158.403301,393,997.373826
1841.060326,695,998.363258
593.334151,253,998.718155
660.497459,253,999.061054
741.90481,289,1002.732048
757.557733,294,1003.157179
448.065963,180,1003.406778
874.799024,312,1003.843617
385.745747,169,1004.076804
266.278242,167,1004.303884
532.430328,221,1004.592363
870.379226,423,1005.161394
811.396378,310,1008.725379
1316.95675,583,1009.522012
551.081146,273,1009.897237
772.968361,286,1010.283914
1201.268508,390,1010.826426
744.105345,266,1011.196894
265.227707,127,1011.369043
856.673266,281,1014.877
958.319436,328,1015.325358
525.191497,206,1015.602593
423.971393,174,1015.839981
728.110456,292,1016.277437
879.208551,388,1016.820135
940.937728,334,1017.288417
588.018522,227,1020.756757
934.386467,350,1021.259248
718.099564,356,1021.768866
1075.192006,365,1022.284824
1275.295851,458,1022.916842
923.582316,518,1026.961589
501.65212,195,1027.231417
599.268698,235,1027.556314
725.927005,275,1027.933535
1419.358784,476,1028.559324
538.837945,226,1028.866822
593.95518,253,1029.229118
720.889234,291,1032.790449
817.80836,311,1033.220268
563.368429,226,1033.52217
819.746135,317,1033.958982
1028.703999,438,1034.600476
1111.438975,416,1035.204525
610.327477,250,1035.559527
442.513274,185,1039.083745
637.694021,286,1039.491693
630.346014,239,1039.849893
417.266386,178,1040.106025
689.42779,321,1040.543713
939.554251,336,1041.00017
693.436971,259,1041.364954
823.504046,301,1041.794252
202.421858,119,1045.102689
433.202436,216,1045.363242
353.746946,150,1045.536992
412.352238,161,1045.715553
950.176635,369,1046.100947
852.085957,294,1046.447417
588.380298,254,1046.776669
455.278249,218,1047.070718
565.467636,260,1047.448864
585.840304,245,1051.110251
383.690381,222,1051.402876
735.689943,258,1051.744117
625.799417,246,1052.079476
857.036902,662,1053.01021
533.670154,225,1053.326592
837.480385,322,1057.319266
1518.864868,616,1058.187139
591.419626,224,1058.493096
584.418889,234,1058.812745
492.328183,209,1059.091829
541.422304,223,1059.385602
871.623997,313,1059.801801
972.100661,351,1063.644508
781.02438,416,1064.236231
558.273169,192,1064.492183
707.90039,333,1064.950142
641.321646,244,1065.272334
1092.102117,442,1065.891869
733.666024,274,1069.285276
661.85103,293,1069.672763
0.521001,9,1069.685096
543.922207,218,1070.002284
580.829657,258,1070.362773
394.635089,177,1070.569823
801.645902,337,1070.992777
1.31459,10,1071.005499
1303.290838,497,1071.751342
692.342777,275,1075.181508
628.969904,263,1075.539916
831.515486,327,1075.956853
432.018758,172,1076.179821
618.593905,269,1076.544771
1082.620264,410,1077.1163
648.273328,297,1077.530523
93.973041,196,1077.807777
789.647859,337,1081.802393
899.318927,387,1082.351861
1406.581699,482,1083.150638
554.844183,213,1083.419106
545.518933,245,1083.728402
434.69995,204,1084.001166
881.879984,286,1087.833413
418.926423,200,1088.117734
531.331865,262,1088.461819
826.626769,294,1088.861735
624.274355,231,1089.192136
1504.768453,628,1090.057585
364.32626,208,1090.344617
876.900521,359,1094.076004
752.079403,282,1094.480776
679.326046,304,1094.906033
468.433909,182,1095.160828
1226.53638,438,1095.764169
319.13621,153,1095.973666
522.240784,199,1096.231054
663.469158,252,1096.5716
694.355232,235,1100.1442
795.270866,267,1100.487553
379.936566,208,1100.765982
585.449768,233,1101.127656
833.041947,318,1101.558906
527.116082,281,1101.89965
614.18804,240,1102.20739
703.73783,260,1102.617816
612.943524,238,1106.248333
423.576034,200,1106.543739
686.449701,240,1106.859685
941.076452,323,1107.265537
1138.347847,396,1107.807996
649.253791,241,1108.141081
1091.946305,534,1112.014794
1323.588144,427,1112.554015
619.160236,305,1113.007991
207.63909,146,1113.229806
890.955426,437,1113.823467
868.542363,320,1114.16399
390.8648,180,1114.356906
665.985701,228,1117.838031
509.028583,233,1118.150253
656.641256,227,1118.505125
791.515609,314,1119.000041
666.90057,262,1119.311687
853.430358,282,1119.611521
885.28469,315,1119.976702
166.657381,181,1120.208249
297.28575,152,1123.65493
820.679684,306,1124.098131
383.993034,182,1124.351885
614.598937,254,1124.696767
735.149234,276,1125.059194
207.363752,246,1125.400099
530.094588,199,1125.682563
1216.70491,551,1126.455257
878.800993,328,1130.071913
614.303685,283,1130.422733
740.997865,274,1130.773513
681.666799,250,1131.155289
554.593161,208,1131.451869
534.113758,202,1131.695426
1132.98757,396,1132.215581
539.52688,248,1135.819141
481.883013,248,1136.157459
1231.74974,383,1136.621409
845.721094,300,1137.002404
465.494583,226,1137.31774
981.703161,326,1137.771006
949.559839,340,1138.258292
570.828647,262,1141.841266
1004.071733,436,1142.453342
461.421869,237,1142.776033
1067.08917,354,1143.271874
826.163211,359,1143.771928
689.79867,249,1144.097904
731.48356,267,1147.697048
694.069076,260,1148.108077
340.77744,157,1148.312134
408.132704,187,1148.561085
968.003184,326,1149.010624
628.646539,248,1149.369819
403.347885,180,1149.588742
802.864494,305,1149.984539
698.668034,290,1150.443664
563.689504,293,1154.134185
186.097877,105,1154.275573
1405.880178,564,1155.06542
848.071585,275,1155.444669
686.347102,254,1155.806761
793.672319,382,1156.343536
1.448104,10,1156.358289
635.286309,242,1159.932315
928.542093,351,1160.407746
1300.655164,448,1161.031256
638.850236,253,1161.38892
999.316222,437,1161.970064
1056.292291,363,1162.450103
1723.310469,594,1166.71517
546.571541,218,1167.019975
889.273338,346,1167.484396
927.706332,382,1168.012384
1112.901038,387,1168.568005
926.149294,300,1168.989698
685.37529,299,1172.609301
950.465501,345,1173.063236
1366.387679,457,1173.677749
628.938757,194,1173.942227
1976.517579,769,1178.178463
2061.34813,916,1179.427003
737.346639,295,1179.826856
676.72755,262,1180.195514
519.940688,202,1180.488294
1473.651523,517,1184.343007
599.68897,252,1184.616977
719.461088,264,1184.92729
643.000306,271,1185.262413
647.127388,268,1185.60348
892.386361,317,1186.044844
421.957337,146,1186.259328
627.962277,252,1186.610261
1033.753347,366,1190.261477
488.385097,175,1190.504385
1379.364814,477,1191.150543
1137.164393,427,1191.751714
735.730422,245,1192.089183
1584.861193,568,1196.019978
629.752694,259,1196.371548
546.742905,200,1196.654873
624.123155,248,1197.009157
1255.367417,497,1197.715612
140.838523,78,1197.825365
1190.493567,408,1198.385168
601.491542,252,1198.736933
899.919702,314,1202.423026
596.074488,232,1202.763497
780.882731,329,1203.223262
1147.015168,380,1203.734909
677.098569,267,1204.099285
529.736327,213,1204.387604
559.697287,263,1204.746114
755.487364,294,1208.186856
587.123309,226,1208.501068
505.846519,197,1208.773792
812.018269,304,1209.197689
354.319265,168,1209.431369
894.582809,426,1210.008427
975.765927,372,1210.54149
826.92689,330,1214.190903
973.402916,338,1214.647976
1203.873946,612,1215.468236
790.362068,339,1215.948632
-2.051654,10,1215.963472
608.350218,242,1216.306393
238.001497,144,1216.502982
854.274868,388,1220.206531
1096.21442,378,1220.674348
961.902892,372,1221.224298
897.481807,313,1221.64529
963.182344,344,1222.082304
2520.379387,883,1226.515028
648.200217,232,1226.829198
779.618961,283,1227.198925
579.672765,225,1227.504112
679.153594,302,1227.939885
1035.466359,400,1228.49621
1341.536476,437,1232.2747
2248.80147,1000,1233.665272
977.40698,346,1234.14936
1054.867543,377,1234.662929
1322.49057,517,1238.499781
991.347236,389,1239.081738
597.054897,272,1239.450207
933.648075,334,1239.804334
895.438406,314,1240.137
568.893501,222,1240.401171
701.806956,259,1243.880958
640.151507,256,1244.234241
583.559985,249,1244.579923
735.276494,321,1245.003221
699.519211,277,1245.359425
717.342224,268,1245.721473
1439.987026,500,1249.570603
747.04431,280,1249.964339
952.913527,341,1250.430257
839.713304,309,1250.843364
945.550374,354,1251.335126
820.203796,307,1251.760254
594.655114,237,1252.092372
1337.491934,449,1255.961443
400.575863,167,1256.175191
648.504685,218,1256.463912
1138.717397,374,1256.985159
709.899869,283,1257.37254
655.077606,241,1257.705263
652.590093,265,1258.071524
1354.454357,479,1261.875344
792.191754,279,1262.270204
795.226171,281,1262.666031
1181.29429,376,1263.194859
461.125056,181,1263.447354
1454.256694,500,1264.103718
1497.849112,498,1267.999654
798.58117,310,1268.416497
1222.41198,423,1269.00653
692.045738,267,1269.377791
911.578885,325,1269.818294
1019.750527,427,1273.683512
1025.146928,421,1274.253638
870.136264,334,1274.718029
992.773453,399,1275.274045
1173.812566,456,1275.890281
578.340343,233,1276.195118
1082.845513,387,1279.924185
642.638392,247,1280.267042
302.963279,122,1280.434508
800.537487,323,1280.880366
480.24994,199,1281.153352
547.562862,203,1281.418586
332.753097,189,1281.677349
1037.434492,358,1282.184501
1580.663692,552,1286.072349
985.885113,382,1286.589824
1779.178259,665,1287.477563
2267.584444,771,1291.57506
1382.037097,443,1292.157886
695.480095,287,1292.55203
1459.590196,476,1293.222835
891.123685,305,1293.651386
996.982947,322,1294.110847
908.516152,352,1297.794754
775.053977,312,1298.234237
1351.896788,440,1298.842507
829.951529,302,1299.261008
696.476077,287,1299.655877
524.604962,192,1299.913353
464.775429,193,1300.160563
496.025941,229,1303.763057
975.985807,322,1304.203147
1040.052769,383,1304.734576
760.334533,268,1305.106528
1198.36221,397,1305.62766
1486.266157,545,1309.603847
821.254069,314,1310.043497
907.978497,327,1310.50526
909.668805,330,1310.93812
661.758745,282,1311.310796
1801.070811,620,1312.177859
800.13833,305,1315.833376
791.608224,319,1316.270417
1289.712391,485,1316.934555
650.260537,264,1317.293477
789.429582,319,1317.722679
114.829504,66,1317.812401
818.109114,325,1318.270066
795.74397,310,1321.91725
738.471645,276,1322.352963
1146.566265,414,1322.902296
628.890877,248,1323.205759
376.410756,177,1323.441021
1017.63051,360,1323.988383
1417.115275,498,1327.846338
1863.80172,580,1328.606912
732.675307,287,1329.012257
1007.394294,341,1329.481977
1480.959076,508,1330.179867
1038.016004,381,1333.85591
1088.870122,400,1334.485542
799.903515,303,1334.880335
896.539246,342,1335.347937
1596.424328,515,1336.0542
697.365948,266,1336.397731
232.278358,139,1339.810806
675.742003,313,1340.234722
949.50957,409,1340.767416
605.348874,237,1341.081589
974.217966,354,1341.560097
605.679467,253,1341.909558
1227.617019,436,1345.663474
951.591859,346,1346.12959
1172.423292,408,1346.689288
985.987354,346,1347.153302
1115.09972,442,1347.779092
698.22094,295,1348.191753
809.180272,296,1351.774194
716.972364,307,1352.190598
734.670647,283,1352.547503
1025.100374,351,1353.059606
961.700116,318,1353.54918
1116.781932,372,1353.999688
1245.061718,379,1357.686039
738.035571,274,1358.058591
853.614828,363,1358.566398
602.755347,223,1358.879523
595.116852,230,1359.192674
552.048385,244,1359.513277
821.888395,290,1359.903509
811.952944,293,1360.318853
1011.597171,341,1363.959408
588.851078,228,1364.28334
1021.419872,381,1364.797511
1278.590379,473,1365.438615
840.446712,261,1365.794582
717.297823,280,1366.162922
423.7477,173,1369.577051
1065.187089,381,1370.042498
843.465904,312,1370.455503
100.834562,57,1370.548985
885.397234,333,1371.073684
534.037735,209,1371.323683
1480.464992,428,1371.852123
781.617945,299,1375.357476
553.114523,234,1375.679099
1058.534077,406,1376.259697
590.930498,245,1376.602288
615.15966,246,1376.93117
838.90071,317,1377.361634
1246.71511,437,1377.964132
1283.341557,424,1381.835932
646.99821,253,1382.17616
1493.74823,465,1382.788546
1380.538503,477,1383.448376
800.291262,329,1383.899784
1017.126723,453,1387.669082
1368.115949,522,1388.376772
1108.026159,423,1388.959722
1241.041802,493,1389.657417
1145.355619,402,1393.426935
1062.571008,424,1394.000976
399.680563,136,1394.181523
1010.085916,375,1394.69048
493.620984,206,1394.978813
288.650163,134,1395.166918
1737.11191,542,1395.895625
628.437215,249,1399.408083
946.12694,339,1399.852671
1017.172002,360,1400.358492
1192.619809,409,1400.978796
1375.600807,465,1401.569519
1104.479305,370,1402.11336
1277.348808,427,1405.820461
649.534766,340,1406.313567
1250.105187,400,1406.845766
377.618149,167,1407.099623
1195.338259,405,1407.624363
444.052448,152,1407.81781
1209.966189,449,1411.47679
2361.427553,728,1412.509492
1004.806277,381,1413.051236
853.66874,286,1413.453011
712.23699,253,1413.797596
919.323361,315,1417.293598
1954.988188,658,1418.192567
1238.965315,421,1418.762576
886.179115,317,1419.103683
408.58335,170,1419.281819
862.911923,306,1419.640118
676.658855,233,1423.025863
1165.356757,409,1423.589381
1273.489602,391,1424.138088
766.084101,265,1424.494763
801.369565,321,1424.911741
870.117176,387,1425.45043
1125.38056,474,1429.391776
1080.084585,349,1429.866018
984.035066,305,1430.26557
856.427753,306,1430.689976
800.636065,329,1431.158391
849.327259,317,1431.599572
652.468781,279,1435.140698
532.017993,212,1435.392308
1756.956839,518,1436.099037
1193.737356,376,1436.591394
335.482597,169,1436.81776
947.805608,352,1437.3332
1189.423379,406,1441.021537
1378.185275,429,1441.583097
1989.459097,627,1442.431175
729.790259,269,1442.804901
998.85881,330,1443.263499
2443.280852,902,1447.948775
900.474327,346,1448.450028
2851.585416,1000,1453.124099
1212.343476,391,1453.662144
598.052092,264,1454.05134
2734.915152,961,1455.226503
869.289606,334,1455.625265
1197.937506,420,1459.398865
733.174261,288,1459.80493
414.080525,164,1460.03965
2107.367661,673,1460.970514
809.579531,300,1461.400369
1058.493884,441,1465.137753
1673.72621,497,1465.809069
461.485504,196,1466.077626
823.0551,281,1466.462649
647.831701,247,1466.797246
856.11372,300,1467.194736
912.369224,308,1467.591073
1151.687177,383,1471.356627
302.407009,124,1471.536103
896.392149,300,1471.970794
808.509787,294,1472.400155
579.684615,200,1472.668868
677.435277,230,1472.975861
746.690532,242,1473.30695
1195.133606,381,1477.101091
1177.144393,421,1477.700898
1182.196716,393,1478.235859
967.062287,326,1478.682992
1000.41602,347,1479.157088
570.306963,195,1479.427647
1313.24008,425,1483.330108
1452.906945,434,1483.887279
763.278376,262,1484.185547
1292.008333,452,1484.705294
1015.536663,319,1485.131878
1180.678451,424,1485.753959
1062.923147,343,1489.447909
540.743898,203,1489.720823
1196.188128,380,1490.23041
1159.678688,410,1490.818521
387.539655,167,1491.047689
646.803107,241,1491.381498
798.781829,288,1491.780156
597.910194,211,1495.232312
1080.628264,340,1495.680938
1064.863074,328,1496.140044
766.689413,264,1496.508314
1005.921792,392,1497.053393
762.17014,261,1497.423388
708.252306,267,1497.78342
1195.687805,389,1501.645634
1037.521162,339,1502.126168
669.673434,246,1502.501116
1878.179191,646,1503.263794
803.981956,278,1503.55844
1198.673907,384,1507.158141
2199.752505,650,1508.089798
796.637719,268,1508.41465
946.570558,325,1508.842319
2186.909427,698,1513.058263
690.755358,270,1513.430191
1123.461562,365,1513.918429
829.703357,378,1514.449522
2402.694081,778,1515.518855
1498.827311,473,1519.296092
1675.176042,596,1520.117037
991.253025,328,1520.57545
415.553813,171,1520.814197
853.257346,308,1521.240262
658.773785,229,1521.537179
912.963957,353,1525.207317
1068.800811,342,1525.679158
1838.977298,587,1526.487903
821.508456,289,1526.865292
1054.078852,338,1527.302567
196.169821,92,1527.426795
779.730053,246,1530.676186
422.950643,172,1530.907649
408.991895,156,1531.130529
1016.476888,360,1531.632719
1285.413747,391,1532.1753
1046.507554,347,1532.634563
955.876458,314,1533.059511
1967.962818,638,1537.183926
675.186806,261,1537.549172
957.533737,326,1538.005628
1499.813024,493,1538.665168
640.864423,216,1538.953164
1193.059494,372,1542.642169
2368.353402,748,1543.6601
2003.690618,649,1544.51441
1139.059869,365,1545.005604
2464.154311,693,1548.996133
736.520255,266,1549.34548
587.17989,232,1549.648154
857.192958,320,1550.091186
681.828935,260,1550.458063
1601.454019,524,1551.154338
1720.661161,519,1555.179113
2221.424171,682,1556.120902
821.077455,311,1556.543558
1275.837634,394,1557.094894
1009.920503,363,1560.90064
2165.490793,625,1561.745625
1573.645559,573,1562.55623
1021.187576,358,1563.066385
1441.831044,453,1566.973658
1428.327195,481,1567.631979
1321.079621,507,1568.343512
2560.722138,828,1569.443132
1737.938441,555,1573.494591
1046.649353,325,1573.841545
1527.345865,489,1574.408524
274.442195,213,1574.693306
524.795065,218,1574.969176
2007.238034,627,1579.055497
884.56073,340,1579.448351
842.683088,270,1579.791324
1875.054042,552,1580.569647
679.18644,243,1580.925443
1047.231843,345,1584.50472
1194.501012,395,1585.028355
302.704391,128,1585.244231
1303.964942,392,1585.811838
926.816137,277,1586.191632
676.524094,247,1586.533039
641.90003,252,1586.930268
1433.466306,492,1591.049604
2242.892148,724,1592.041094
1711.879762,530,1592.798521
1131.878035,348,1593.281048
2250.566452,666,1597.393363
1105.0809,357,1597.894453
1697.547255,549,1598.650934
912.987747,259,1599.006636
1745.651587,563,1603.045416
799.972682,285,1603.483356
1457.744185,517,1604.136819
1451.728566,449,1604.769607
662.45067,254,1605.120821
821.735118,304,1605.548219
1977.537955,602,1609.601469
1966.100528,697,1610.564305
2443.864176,850,1611.796827
1121.818249,361,1615.594603
837.374974,276,1615.975752
1219.026099,412,1616.559295
900.744326,303,1616.992532
2929.496146,835,1621.379114
2062.699178,729,1622.342444
1500.161169,468,1622.982432
974.048995,316,1623.418514
1512.231385,422,1623.973985
2211.873575,740,1628.256386
783.872342,279,1628.644353
897.797241,288,1629.023221
1122.10397,345,1629.475679
1600.192478,531,1633.517792
938.844954,313,1633.974284
618.909154,207,1634.242217
1755.954027,529,1634.967326
2303.419472,659,1635.897458
2514.820878,720,1640.069415
304.859805,137,1640.264552
1130.956593,397,1640.815646
1077.645628,330,1641.259285
1783.04433,530,1642.018589
1240.412187,406,1645.695121
433.188366,140,1645.887806
559.167329,230,1646.199371
340.233784,122,1646.356172
1008.193447,330,1646.792641
-17.047887,127,1646.965271
1664.199461,491,1647.626242
1757.357628,499,1651.520637
983.542397,336,1651.972071
2341.066889,704,1652.951829
1093.949118,350,1653.438595
944.839887,328,1653.870952
2560.419262,791,1658.163274
1165.713776,364,1658.682003
941.22665,314,1659.113626
624.603103,188,1659.364609
1646.651212,549,1660.142703
905.370356,333,1664.38965
1397.204336,454,1665.004371
1519.725716,442,1665.637317
1950.912151,524,1666.361985
1166.005378,413,1670.103177
3554.093698,1000,1671.467711
904.662086,368,1671.944052
2023.407997,614,1672.751089
1159.892091,433,1676.62499
1512.014164,487,1677.288692
1235.79735,361,1677.793236
135.739956,68,1677.884495
1178.705597,337,1678.345549
1447.158914,527,1682.327056
1626.658377,496,1683.007199
1685.529579,499,1683.695348
994.74486,276,1684.083242
476.74727,168,1684.323323
1992.822085,645,1688.455644
1246.637006,401,1688.974301
829.373636,283,1689.383958
859.274952,284,1689.776989
1216.603034,402,1690.263674
810.864269,267,1690.648079
1185.814577,399,1694.246928
644.735073,258,1694.589285
1337.42693,434,1695.188447
2312.896376,762,1696.198079
292.005465,122,1696.356237
3236.4677,1000,1700.825208
844.3021,259,1701.188178
710.97927,209,1701.470924
637.026035,220,1701.754671
1144.324621,375,1702.278185
3186.688017,1000,1706.934888
2679.980339,810,1708.07275
2328.329518,705,1712.215779
2702.677194,1000,1713.618439
2147.08925,649,1714.502896
1592.425495,534,1718.510798
811.758913,282,1718.921614
1476.460789,516,1719.607137
3110.293576,1000,1724.426947
316.249117,146,1724.618835
1581.212281,483,1725.279945
814.015015,296,1725.700076
372.458125,163,1725.92639
1494.292742,456,1726.562193
2015.954128,566,1730.673399
1149.76755,352,1731.176454
1660.761959,510,1731.913215
919.7411,304,1732.329744
1546.995429,457,1732.928285
1857.077705,599,1737.177593
1191.732953,380,1737.703828
1325.746744,403,1738.270339
762.925204,259,1738.647152
3228.509228,954,1743.183783
1159.806927,415,1743.777262
1313.150359,453,1744.406718
969.7194,351,1744.875603
1705.111919,576,1745.640349
1137.313928,357,1749.34789
1247.319582,504,1750.027924
2220.038132,725,1751.026536
1025.334882,347,1751.501918
770.876951,258,1755.153328
1353.382223,441,1755.74491
1421.982647,445,1756.353022
1621.451752,476,1757.003719
317.655247,139,1757.199877
1297.186697,389,1757.749208
1508.057076,506,1761.687476
1453.729073,410,1762.232075
2020.294009,580,1763.042056
2981.159913,1000,1767.581436
2052.413535,627,1768.447908
2054.516357,621,1769.29139
3640.149328,1000,1773.783591
1224.627807,372,1774.288592
1001.355469,394,1774.864088
1276.37143,410,1775.372893
1738.22631,497,1779.225798
1122.801991,423,1779.798943
701.962783,265,1780.165257
1948.681692,572,1780.929765
465.760107,203,1781.230569
1044.065002,621,1785.185105
1015.236701,366,1785.682607
1417.460324,439,1786.273033
811.103186,265,1786.650169
714.696198,248,1786.978221
1397.920729,473,1790.880375
1691.626124,555,1791.661553
976.792298,315,1792.095022
1753.141926,639,1792.989977
2622.942299,782,1797.216196
1618.216039,488,1797.860489
944.300695,285,1798.244579
2609.452841,877,1799.438329
3245.385014,962,1803.955296
2568.68496,885,1805.157333
1929.730541,577,1809.213245
1636.139185,572,1809.988128
1316.438106,464,1810.604902
660.994824,238,1810.924306
595.951849,213,1811.221325
1100.338645,353,1814.672319
2204.040959,657,1815.594513
3027.272947,998,1816.977584
120.07413,67,1817.071664
1131.881219,370,1820.759784
1129.383249,325,1821.193586
1235.086272,458,1821.811507
1144.891481,343,1822.290034
547.836707,189,1822.558179
1152.204006,366,1823.063205
1014.577719,332,1826.722813
1413.716764,424,1827.322597
1376.025256,412,1827.910511
919.312647,312,1828.297666
656.131563,199,1828.523194
735.811499,231,1828.777864
1850.979568,549,1832.672869
1462.956191,447,1833.280767
1086.267316,335,1833.763021
892.860114,273,1834.146724
1193.497923,381,1834.691108
1188.48208,412,1835.28129
919.079093,399,1838.87031
867.593099,274,1839.250836
1195.681677,354,1839.745251
1166.004196,399,1840.30854
541.738491,187,1840.561069
1486.518588,434,1841.125469
1337.922753,409,1844.945131
1491.661257,471,1845.579622
2322.535969,685,1846.48646
1042.71929,297,1846.891628
1393.48698,431,1850.70314
910.245335,283,1851.10016
3261.402557,1000,1852.48022
937.667649,292,1852.897552
644.672689,203,1853.175403
1576.724385,464,1856.988719
1954.765863,645,1857.883889
994.048944,393,1858.406549
951.591997,304,1858.813425
818.030928,263,1859.153604
253.748794,100,1862.476069
428.543419,161,1862.703533
1863.591522,603,1863.580546
2077.21608,578,1864.378098
864.656635,285,1864.751028
1683.790315,559,1869.067701
651.755983,231,1869.387483
794.648678,252,1869.732268
1153.186483,354,1870.208388
2704.089596,986,1871.614978
1496.976427,495,1875.568329
1623.395016,525,1876.364087
1102.782867,329,1876.761548
1675.608759,467,1877.395724
2645.150319,811,1881.765918
1239.145996,380,1882.273914
670.5293,235,1882.600802
1317.128285,412,1883.187418
1245.891691,430,1883.779859
1451.811607,429,1887.67348
2992.919534,1000,1889.09727
3005.594869,898,1893.646076
1878.287268,576,1894.445081
697.336776,246,1894.769018
946.849347,453,1895.402113
731.645954,253,1895.75607
2257.397735,620,1899.799886
1879.600331,543,1900.530984
1102.390096,324,1900.987278
934.144919,326,1901.452772
971.086228,356,1901.94752
2219.62417,659,1906.213655
1163.891933,430,1906.808747
1178.078608,348,1907.286045
1515.160141,436,1907.874621
473.152334,173,1908.10245
3276.080068,908,1912.604293
1458.134951,414,1913.15263
1077.710828,348,1913.61872
1136.82602,335,1914.088906
1520.305645,446,1917.97108
1349.033936,383,1918.488566
1705.261019,497,1919.220159
2283.37821,663,1920.184287
1321.434255,419,1923.946355
691.904198,259,1924.293334
3142.635085,1000,1925.652523
