#{"t_start": 1533058765.5394163, "env_id": "Walker2d-v2"}
r,l,t
4.159518,17,0.070228
3.107882,24,0.117704
-2.75732,9,0.131597
1.34811,14,0.150194
-9.133131,14,0.168815
-3.397027,23,0.223119
0.029497,10,0.23629
-5.866899,9,0.263945
3.355848,21,0.306862
-2.71539,9,0.319352
-1.631833,14,0.337703
-4.42981,20,0.392903
-0.079718,12,0.432665
1.714685,12,0.4645
-0.731734,13,0.49766
-1.995623,11,0.520964
-12.56482,18,0.576323
-8.826845,10,0.605802
-9.149962,21,0.63319
-5.05994,10,0.674419
-7.1787,10,0.688112
-1.201857,9,0.700527
-4.077145,21,0.728002
0.693762,17,0.749755
-2.262891,10,0.763166
0.50455,13,0.808489
-10.13412,17,0.84311
-4.850881,22,0.904453
-13.244479,20,0.935186
-2.422107,9,0.966939
-2.29534,15,0.987023
-12.25759,16,1.007584
-10.046293,17,1.029841
-3.874928,13,1.047258
-5.764725,20,1.090313
-2.930903,8,1.113393
-0.963247,11,1.148407
0.648317,20,1.206878
-5.970665,22,1.23557
-9.519735,11,1.26599
-4.273982,9,1.294084
-0.007086,11,1.325041
0.64588,12,1.348945
-4.028206,7,1.358368
-11.069275,16,1.394995
-8.85244,15,1.430509
-6.00223,17,1.481433
-1.921004,11,1.511751
-7.065143,22,1.560462
-7.261377,23,1.606891
-1.534272,12,1.654981
-5.408,8,1.674085
-2.792844,8,1.692906
-2.772985,15,1.728793
-6.766485,22,1.778744
-6.449088,7,1.80459
-5.872193,8,1.831573
-3.097314,7,1.840637
-5.247434,10,1.870479
0.441302,13,1.901096
-5.654729,10,1.930784
-4.132227,9,1.959098
-12.296839,19,2.016209
-0.697281,10,2.045211
-3.428662,9,2.056663
-3.216888,7,2.078389
4.571343,18,2.109779
-7.972704,10,2.139256
-2.260694,20,2.198036
-7.286715,21,2.256619
-4.212586,22,2.317461
-11.727716,21,2.365587
-3.09066,9,2.39341
-9.805301,17,2.439273
-3.569528,11,2.470554
-10.313592,21,2.513905
-3.470974,9,2.542169
-3.209358,8,2.553202
2.557495,22,2.580714
-6.567769,19,2.606169
-3.691374,9,2.618176
-0.889064,18,2.642032
-3.399383,12,2.657914
-6.23806,19,2.681965
-6.012227,21,2.74883
-13.162481,17,2.787396
-3.553008,12,2.803045
-4.549537,8,2.8137
-10.524826,18,2.837224
-0.9203,8,2.848033
-12.972674,11,2.862495
-12.800358,16,2.883672
-6.609016,21,2.943742
-12.936907,17,2.985999
-6.606722,13,3.003431
-10.028185,17,3.025252
-9.419109,14,3.063636
-12.68333,18,3.11575
-3.338079,10,3.14915
-4.3506,8,3.175176
-4.686245,11,3.197135
-3.04379,9,3.22555
-2.332782,9,3.237855
2.875749,27,3.322527
2.469014,13,3.355873
-5.436038,16,3.392918
-11.505503,15,3.428957
-5.832208,9,3.457528
-4.056745,9,3.485761
-6.206784,12,3.517661
-2.568011,9,3.545953
-8.338382,9,3.573941
-6.723409,19,3.599391
-7.960099,16,3.620231
-3.496641,7,3.629978
-4.16019,10,3.643477
-14.483343,13,3.660778
-0.390541,12,3.677099
-1.744551,9,3.7177
-2.158616,14,3.752692
-10.694353,20,3.795348
-3.555612,7,3.805416
-3.907376,9,3.817125
-10.55574,16,3.838757
5.057634,19,3.863852
-4.472517,15,3.883931
-14.325166,17,3.905781
-10.938728,23,3.935995
-4.36452,8,3.963056
14.715355,25,3.995906
-0.280954,24,4.04758
-2.931076,9,4.075659
-1.820677,19,4.116601
-5.379876,9,4.128398
-5.141094,9,4.144659
-7.760822,14,4.167392
-2.220472,13,4.184366
-6.521772,7,4.201766
-12.347042,10,4.215417
-6.298154,9,4.226956
-15.603396,18,4.282135
-7.147658,22,4.311058
-11.227511,18,4.336991
-5.507388,21,4.37111
-1.733747,21,9.561122
-5.898276,10,9.590553
-0.051224,11,9.639692
-4.522168,15,9.669252
-2.987595,11,9.696188
-7.295309,7,9.709639
-9.225378,17,9.764641
-2.976568,8,9.791675
-3.920468,24,9.823095
-5.517894,18,9.846981
-5.221328,19,9.87261
0.163393,12,9.888253
-7.237797,15,9.907793
-1.888256,22,9.962261
-3.48936,18,10.010301
-5.622631,14,10.028733
-9.486954,18,10.052425
-3.163627,10,10.066437
1.026355,17,10.105285
-6.639909,31,10.191631
-3.509901,9,10.207949
-4.831644,8,10.219418
-3.48118,17,10.266977
-12.150277,13,10.292583
-1.009529,25,10.354645
-0.307854,13,10.396382
-5.383522,24,10.46099
-5.297611,13,10.478274
-2.598018,18,10.501965
-2.890476,15,10.522863
-4.296668,8,10.534317
-10.169503,18,10.558452
-11.877345,15,10.579371
-10.969362,16,10.624774
-3.727475,13,10.658614
5.008477,17,10.701455
-9.097005,16,10.723493
-0.634475,10,10.753748
-1.94269,13,10.787063
-2.853598,10,10.800618
1.483853,12,10.817172
-0.893658,9,10.829509
-7.470958,13,10.863377
-4.46131,15,10.900266
-10.014152,22,10.96575
-1.733644,11,10.996939
-11.404547,13,11.030558
-0.870466,10,11.060555
-0.718459,10,11.090531
-2.004919,18,11.134498
-3.281842,11,11.16146
-3.124015,10,11.191574
-3.894998,15,11.235892
-3.933887,8,11.252499
-3.712609,13,11.299015
-5.535365,15,11.333941
-6.244691,12,11.372837
-6.135331,19,11.441235
1.048432,27,11.509963
-3.150856,12,11.542239
-2.607863,17,11.581549
1.184976,16,11.623257
-8.995981,16,11.67531
-4.679391,7,11.697654
-3.673819,10,11.728468
-10.849855,23,11.808622
-3.032928,16,11.830303
-5.795296,17,11.885415
-6.783501,12,11.901345
0.624857,14,11.938128
-2.007711,15,12.046049
-7.352666,12,12.117325
2.144255,16,12.16933
7.374152,29,12.319288
-1.366516,13,12.363477
-4.965155,20,12.418774
-10.183588,15,12.487972
1.247439,18,12.564938
-4.109355,10,12.6125
7.01788,17,12.700119
2.007978,15,12.742389
-6.965411,16,12.81684
-12.167179,15,12.852799
-6.461711,16,12.915483
-6.39951,12,12.98135
-1.648778,13,13.029059
-3.798761,8,13.06741
-7.284039,14,13.138433
-7.425536,13,13.207926
-1.342081,11,13.23575
-3.630136,31,13.364242
1.366195,13,13.397999
1.126647,18,13.469021
-2.358099,11,13.493267
-5.829906,7,13.519881
-10.11208,18,13.623815
3.037748,29,13.732999
-5.076113,23,13.830086
-8.541535,18,13.902189
-6.337914,7,13.945089
-2.206958,20,14.034143
2.096823,17,14.163697
4.538733,17,14.223433
2.631363,15,14.288376
3.088962,15,14.340478
-1.67939,9,14.400687
0.292255,14,14.458625
-2.838126,15,14.524818
-8.856205,20,14.598137
-2.30738,10,14.632695
-6.612293,9,14.661199
3.093154,13,14.719321
-7.588808,12,14.795791
-4.068552,7,14.815614
-0.048079,12,14.904345
-5.425448,15,14.969178
-2.599258,11,15.034895
-6.248731,15,15.103647
-8.857095,19,15.194005
-6.416025,8,15.239011
-8.777186,18,15.332067
-0.970412,30,15.42841
-6.643667,20,15.523681
-9.917193,21,15.657193
-4.339042,7,15.671304
-10.634581,19,15.765453
-3.07417,9,15.828795
-2.686669,20,15.920778
-1.447144,9,15.98037
-5.037935,8,15.995604
-9.082119,18,16.088197
-0.239265,9,16.13234
5.488024,27,16.25747
-3.764549,7,16.283391
-4.366184,8,16.322734
-3.595485,23,16.408224
-2.447074,10,16.447687
-10.267636,9,16.512444
-1.260672,10,16.550364
-2.741878,10,26.970741
-1.695657,8,27.00266
0.83911,20,27.10396
-3.421954,30,27.235243
-3.845555,6,27.253278
2.76661,27,27.384574
-0.110315,30,27.492032
-11.243838,19,27.594378
3.739038,36,27.744976
-4.238232,15,27.797165
-1.933839,9,27.833392
4.102887,21,27.921439
-0.898318,10,27.964358
-12.922942,12,28.010848
-6.823016,21,28.089961
-10.097566,19,28.145121
-2.123543,8,28.1723
1.066721,11,28.207503
-0.406993,10,28.234645
-1.714914,24,28.33754
4.170243,33,28.409443
1.84039,13,28.48106
-6.121411,8,28.516074
-9.925274,18,28.576511
-3.784533,25,28.689618
-5.808477,22,28.780142
-2.282002,10,28.822162
-0.726239,22,28.910017
-4.054271,10,28.959609
3.023966,16,29.03113
-0.243763,9,29.055503
-5.977939,12,29.104062
-7.429373,18,29.177518
-0.326608,14,29.260731
-5.978654,8,29.288315
9.457362,26,29.38327
-0.493838,24,29.459505
-2.923504,9,29.516229
-0.702012,13,29.550528
-2.42899,11,29.601239
5.81861,14,29.662732
-6.36136,10,29.695272
-1.333664,16,29.764884
-4.485141,11,29.822524
11.201951,20,29.901778
-11.873186,14,29.946385
-6.143233,10,30.001268
-5.897675,11,30.040034
-8.320994,13,30.105796
-1.659904,9,30.138465
-7.672937,29,30.24472
-4.901305,8,30.266603
-1.539941,8,30.314096
-7.484046,14,30.362038
11.814091,32,30.489727
-0.327458,26,30.623796
-1.546409,40,30.754459
-1.145182,10,30.816327
-3.370018,18,30.875982
-11.233919,19,30.938821
-4.512511,11,30.997326
-0.949215,12,31.045508
-6.881942,12,31.085703
-2.951487,9,31.121796
6.821394,21,31.215676
-5.486414,12,31.25836
-6.827387,19,31.331702
1.107063,16,31.413294
-2.514878,8,31.444254
-3.165211,10,31.482155
3.661449,18,31.552663
1.43534,14,31.595573
11.081004,24,31.691976
5.667214,17,31.773867
-2.77614,10,31.813876
-4.559032,13,31.859253
2.85814,25,31.966284
-5.714433,15,32.038016
-1.275503,14,32.080254
-7.251496,23,32.167924
-6.502256,9,32.204
0.086027,15,32.276486
0.2211,10,32.313953
-3.9258,14,32.384831
-3.724957,11,32.416016
-10.324288,11,32.455276
-4.686193,11,32.498598
3.495668,21,32.589876
-0.606234,25,32.685311
-6.655563,21,32.784983
-5.972939,7,32.818511
1.213768,13,32.849741
-0.059022,12,32.914595
-0.444659,12,32.954993
2.195012,20,33.040245
8.613432,29,33.155083
6.204435,28,33.274591
2.206376,13,33.323941
-8.446988,8,33.34622
3.342418,31,33.487308
-0.275568,11,33.525928
-2.73784,8,33.542526
1.359176,23,33.658945
-6.033462,26,33.741041
-0.360783,13,33.808905
-3.526191,9,33.856106
-2.847126,9,33.8923
9.347459,41,34.04638
-2.290243,11,34.08526
-5.506514,22,34.166589
10.751537,34,34.300652
-4.753333,13,34.353345
-9.790989,13,34.408892
1.285576,20,34.506938
0.669573,11,34.538388
-1.224975,16,34.607831
-10.053498,19,34.683767
-0.486689,10,34.721189
5.96183,24,34.808538
-6.998524,19,34.881476
-3.013763,11,34.938025
-6.938481,21,35.013733
2.329216,21,35.094485
-6.876547,17,35.167261
15.513894,45,46.314428
-2.117783,21,46.411862
4.082259,17,46.460184
-1.815278,27,46.582366
10.928276,28,46.683536
-1.264192,10,46.72945
-0.628983,18,46.787161
-3.767589,8,46.810938
-1.764332,27,46.919254
-0.957096,12,46.955468
-6.899085,9,46.991645
-1.013734,15,47.051437
-0.479485,11,47.112462
-1.197745,11,47.143404
-5.36634,12,47.197636
-3.978781,11,47.256565
14.221276,23,47.322905
1.748861,14,47.398524
0.82095,24,47.497594
-1.419825,10,47.527509
0.832893,27,47.647291
3.126209,15,47.667268
-2.630102,12,47.733011
-5.749078,19,47.806189
-4.08968,11,47.846382
-2.413556,10,47.887646
-6.111619,19,47.978346
7.832134,22,48.0517
-1.216499,14,48.111084
3.171876,23,48.208965
11.985206,25,48.306501
-6.655329,13,48.359523
-3.028974,7,48.39114
5.12622,19,48.479194
2.265099,13,48.514467
-6.507395,9,48.555764
-1.621685,16,48.621386
-2.215924,9,48.654722
0.684913,11,48.701461
6.78389,30,48.809554
-5.715145,31,48.945775
-0.306706,11,49.001161
19.686085,41,49.163596
-5.14264,20,49.236766
-2.52915,8,49.271345
-3.966891,9,49.310245
-4.718158,12,49.358345
-7.362231,21,49.437646
-3.420407,12,49.491511
12.386743,30,49.620814
10.499374,27,49.718212
7.317264,21,49.811233
-3.505297,7,49.827087
7.034598,26,49.930097
-0.84859,12,49.998481
3.403967,19,50.057705
1.017635,12,50.104983
7.930607,27,50.221781
0.249866,43,50.377883
-2.06766,9,50.446631
10.838263,28,50.575229
-1.187631,11,50.627474
0.536371,18,50.741503
-0.246447,28,50.852613
-0.945132,9,50.914104
4.886493,28,51.052366
-1.566895,10,51.089387
3.330488,15,51.153899
-4.379481,21,51.260497
-1.556225,17,51.360315
3.904094,15,51.419832
-0.372868,9,51.451855
9.640101,44,51.635706
-0.634427,11,51.691013
-0.148512,14,51.758894
4.024555,14,51.80882
-11.627287,18,51.901297
4.460632,20,51.992067
-5.664628,19,52.073071
-0.966539,10,52.145541
-0.953812,12,52.183671
-2.033015,11,52.225052
-3.503431,11,52.291953
-4.251013,10,52.333653
-5.518583,23,52.463454
0.376412,14,52.504422
-5.797028,21,52.593645
1.12055,31,52.720933
-2.799816,11,52.796706
-1.911563,10,52.862602
0.854445,25,52.965543
2.068376,13,53.018495
-6.403567,19,53.100717
11.500389,18,53.157297
2.908777,24,53.238206
-6.858557,25,53.347738
-2.159991,10,53.39529
-0.564334,13,53.461469
-7.31801,9,53.502863
-6.405755,21,53.602766
-8.014115,22,53.73255
3.35717,37,53.885105
-7.045273,29,54.013237
-10.963517,17,54.094922
-9.642147,19,54.194674
-4.638185,21,54.306622
-5.580684,12,54.360161
1.003406,13,54.43616
-1.171129,10,54.49121
-1.47292,10,54.541861
1.55721,29,54.691966
2.78538,15,54.787412
-12.392007,19,54.864008
-2.281383,21,54.94919
19.913787,37,65.19381
4.405068,26,65.31535
8.359454,20,65.378608
7.579822,18,65.476321
0.116912,10,65.515276
1.646949,19,65.588618
0.163325,10,65.638668
-9.045352,22,65.723988
0.226538,17,65.77042
12.439546,23,65.88615
36.882464,51,66.100039
-5.214213,14,66.15065
10.649323,26,66.277373
-3.665238,23,66.363937
-1.204099,16,66.436693
-3.433122,9,66.448771
9.116937,22,66.547174
-1.749325,8,66.593722
2.341876,11,66.645595
-3.26633,9,66.685777
6.48702,28,66.818738
2.217776,15,66.898819
7.489545,26,67.020879
-6.661317,24,67.123872
-1.669289,13,67.204282
5.33578,17,67.251323
3.986081,26,67.386206
-1.197106,12,67.44909
4.809168,27,67.558141
7.663849,18,67.671367
18.091601,49,67.920716
4.184036,14,68.001089
-8.241641,15,68.06122
14.875672,44,68.236947
6.775506,20,68.327044
-4.792441,18,68.418561
0.060016,11,68.488692
8.748383,26,68.632434
3.752339,29,68.75084
21.985836,46,68.967813
13.462575,22,69.080894
0.976455,18,69.145564
18.23391,43,69.336152
-10.069732,20,69.418007
11.104439,29,69.563643
13.663637,41,69.759308
-5.914907,7,69.769241
8.899706,35,69.95135
-5.419595,7,69.965693
10.992695,30,70.123815
7.168005,16,70.191728
7.895129,23,70.298234
-0.9073,13,70.361623
-2.564892,10,70.416102
10.198114,21,70.495932
13.148214,35,70.642351
7.144366,16,70.715525
-4.635989,25,70.813385
4.117404,24,70.897233
-2.081955,9,70.931085
2.596449,16,71.004229
7.690571,25,71.090974
18.352784,54,71.331102
-5.287528,7,71.358907
13.005471,23,71.437653
-4.144138,21,71.54231
1.701817,17,71.60832
0.386891,13,71.670131
-3.451363,9,71.694911
6.104336,19,71.764288
6.085631,20,71.835859
-3.011723,9,71.872294
8.206561,21,71.982471
5.590409,19,72.074848
1.231327,18,72.170894
-5.131865,19,72.253749
-6.042517,11,72.322237
2.869255,14,72.396845
-4.190546,15,72.461881
-5.92452,19,72.57001
-1.118879,10,72.605027
8.35072,18,72.671969
-4.600432,10,72.740535
-2.484927,10,72.778419
-0.467035,11,72.830573
13.636175,23,72.922694
3.064514,15,72.979869
13.798984,32,73.100169
-0.251177,11,73.153614
-2.367008,11,73.178192
-6.027367,25,73.272255
1.619081,16,73.343889
4.979298,21,73.42272
-3.459398,10,73.456591
0.391798,25,73.556753
0.345008,10,73.605269
12.89378,24,73.692817
24.907733,41,73.856708
22.014719,38,74.027894
-1.046678,10,74.065384
-4.366506,14,84.631053
7.010099,33,84.761538
10.461519,28,84.859473
-1.152209,12,84.914914
-1.064355,11,84.975959
2.002091,10,85.012278
-0.357591,19,85.073737
3.711502,33,85.200192
9.76755,28,85.32108
11.061134,29,85.471486
-3.722061,8,85.504472
-10.593445,13,85.562422
-3.026537,8,85.593511
7.811994,26,85.712914
3.938238,19,85.771308
10.517168,25,85.887909
7.212955,29,86.029787
5.931381,26,86.129286
-1.997233,26,86.242702
33.122526,44,86.461779
-1.247715,25,86.551574
9.368086,35,86.701706
0.527845,10,86.731657
12.986909,23,86.82589
17.524522,34,86.964527
1.105539,29,87.094933
8.402039,25,87.17786
4.612893,33,87.306982
-0.610308,11,87.35139
10.63945,43,87.550253
6.340989,17,87.622267
-2.769067,21,87.7185
0.298392,25,87.807778
7.361012,21,87.886798
20.661886,33,88.010846
0.0921,12,88.065418
26.374323,40,88.213018
-1.084915,11,88.265213
-3.184192,23,88.345535
1.977159,20,88.451399
-3.429395,18,88.501129
-1.080456,25,88.595155
1.807728,13,88.636113
0.366157,12,88.679427
11.268683,35,88.83533
1.820537,14,88.921729
27.642362,57,89.174605
5.016229,14,89.250912
0.345085,12,89.311154
17.467278,26,89.45111
1.072712,15,89.509877
-0.722346,16,89.598564
11.678932,20,89.710238
7.653251,28,89.839971
17.319625,31,90.002776
10.867194,32,90.145628
-2.263583,12,90.211704
0.61986,17,90.31088
152.890561,131,90.871065
-0.216779,12,90.927655
4.571964,18,91.023997
10.658978,43,91.178258
-4.165174,9,91.231302
-2.830208,8,91.266287
0.784024,19,91.344177
-4.840726,8,91.363726
-2.177883,15,91.44232
3.574667,25,91.530563
14.266684,25,91.662799
10.636919,35,91.795604
8.895177,28,91.907353
28.571252,53,92.193122
4.646598,27,92.321215
2.082604,14,92.374058
9.712624,50,92.63798
14.836261,34,92.763345
4.025927,14,92.831874
32.065841,69,93.110352
12.234044,31,93.238676
3.940615,20,93.326034
0.469223,13,93.376885
35.073248,82,104.06456
10.036208,27,104.184841
-0.460164,22,104.262995
-5.445033,15,104.30657
10.002968,24,104.403637
11.452245,20,104.509039
9.468622,40,104.697897
11.342166,19,104.781462
11.270799,23,104.87664
-3.243725,18,104.976159
-1.904586,23,105.0907
11.853048,25,105.210299
2.704387,17,105.305188
15.578284,34,105.446446
16.579826,30,105.591292
-10.551478,13,105.63818
15.6232,22,105.737512
12.350536,42,105.926112
1.6777,26,106.05876
2.103367,32,106.190276
2.396464,16,106.255938
38.909872,73,106.542803
14.433013,29,106.66283
18.830757,38,106.805272
18.180219,40,106.970631
10.080516,68,107.241578
5.897333,36,107.379884
29.910646,44,107.556021
3.218052,14,107.614967
3.821113,13,107.672488
8.075875,20,107.759994
-3.700795,30,107.85879
15.075966,32,107.996118
4.250382,15,108.061978
3.331313,18,108.132894
87.988878,89,108.48811
73.495861,99,108.917725
8.796462,26,109.026647
-2.548048,12,109.093966
14.347928,43,109.290077
1.018133,13,109.371691
55.085333,93,109.734266
-5.632681,22,109.821309
1.281616,39,109.950099
17.430485,29,110.054378
-1.624274,11,110.109709
8.12036,105,110.776899
12.305487,26,110.917172
7.919173,18,110.985301
8.603624,17,111.027848
6.06191,18,111.132529
51.357778,62,111.362063
37.772633,69,111.802593
0.353329,25,111.9523
-4.056026,9,112.028673
6.279414,23,112.115582
2.644176,17,112.178492
4.177971,34,112.37616
0.176244,19,112.469116
8.483748,22,112.601967
-1.871583,16,112.675274
-2.845564,16,112.793153
8.376782,24,112.905413
-0.20843,68,123.5785
10.898979,35,123.732427
6.86415,23,123.857406
2.918471,12,123.917313
-4.602438,13,123.983344
9.833021,24,124.08735
-9.214227,19,124.165257
24.725589,41,124.368054
10.65573,24,124.47303
-0.782799,19,124.569546
44.518911,81,124.935284
-3.273742,9,124.987592
0.583554,34,125.169068
-1.176153,10,125.208942
-0.283635,18,125.291774
8.434834,25,125.362871
14.904098,57,125.607692
3.227086,26,125.738826
0.748484,24,125.85474
3.038429,13,125.911598
5.562144,24,125.994981
8.182596,59,126.266131
205.182704,124,126.878904
49.640271,173,127.705863
7.502531,18,127.819919
-1.844403,9,127.852228
26.336791,51,128.090573
13.719092,31,128.223256
10.873985,21,128.331561
11.443652,33,128.536932
31.459676,53,128.788953
20.425856,64,129.088826
26.101813,92,129.463559
4.023251,21,129.555632
34.539549,55,129.817485
-0.116619,13,129.893349
9.033319,26,129.999543
-6.133786,57,130.283208
0.892701,25,130.378588
31.070888,55,130.62802
25.504442,51,130.824017
4.493532,32,131.007019
-1.179027,17,131.086339
2.758461,14,131.161868
15.532805,69,131.522259
10.143008,45,131.701721
2.679938,14,131.780482
32.555416,68,132.067168
11.720404,25,132.188074
14.654379,43,132.39336
1.090161,13,132.433282
12.808218,40,132.645486
15.142473,29,132.790478
12.163739,29,132.886165
13.286115,35,143.212081
42.970954,59,143.498129
12.942981,27,143.638556
2.190293,35,143.793568
21.20572,50,144.014236
12.713105,62,144.314654
20.377174,68,144.588247
52.012923,94,144.955757
26.380794,66,145.207783
23.913147,79,145.509537
130.834186,125,146.027202
21.608183,36,146.173491
83.513174,118,146.654023
5.895164,30,146.787316
14.959102,62,147.030026
31.628725,51,147.246606
34.427751,55,147.50861
313.364908,238,148.622036
24.501649,48,148.841824
7.376375,21,148.955502
-6.644659,23,149.074403
20.57476,77,149.452565
31.31077,56,149.746194
17.969045,54,150.007153
34.325322,45,150.219627
9.33135,22,150.366734
64.188054,98,150.819457
-6.636267,42,151.047556
-3.904159,20,151.14234
9.77392,28,151.263852
1.333567,25,151.384653
9.217431,103,151.856824
130.156253,131,162.889682
-0.486871,21,163.007418
8.926345,27,163.143236
58.305091,118,163.622072
9.974592,42,163.803129
20.316868,34,163.930916
11.726882,27,164.054937
62.773771,93,164.407407
60.598846,107,164.856775
22.211094,58,165.082593
88.428523,109,165.478808
0.356117,38,165.632068
20.205087,40,165.815702
17.974875,44,166.059412
-2.500237,18,166.141889
9.072343,26,166.24595
75.814149,114,166.740366
13.466325,35,166.91858
3.969227,31,167.049823
-0.246476,39,167.209802
53.520698,63,167.48092
18.145332,51,167.655422
12.823359,44,167.84361
19.355994,54,168.080828
6.859165,20,168.155734
12.931621,36,168.29856
10.625283,82,168.635954
41.845141,63,168.878731
201.85415,157,169.503804
12.193176,48,169.707517
27.941899,83,170.037672
-3.737682,9,170.081484
10.644016,28,170.190297
61.40897,88,170.538041
-0.717311,24,170.627625
32.684036,78,170.944621
29.543427,53,171.164244
29.429993,52,181.266935
246.742647,181,182.003638
9.22279,24,182.115004
12.728671,21,182.20054
81.000359,99,182.616649
18.618062,50,182.817308
26.500938,41,182.971885
26.540206,61,183.176022
26.158323,38,183.341558
14.753789,31,183.487967
15.332943,29,183.60148
71.175368,65,183.938458
9.651712,23,184.025658
56.166385,98,184.410994
8.421588,21,184.501709
2.258726,21,184.580016
2.91645,21,184.640868
24.289862,47,184.807955
53.084067,75,185.093633
41.558704,63,185.383677
391.091173,216,186.250189
39.369527,63,186.498734
17.288864,41,186.649466
53.093388,67,186.91874
23.875621,61,187.167545
28.39187,58,187.395481
116.117652,115,187.865158
11.701502,43,188.01911
20.359054,35,188.167103
38.938086,86,188.508483
214.107371,126,189.007208
109.533807,82,189.336277
60.781775,87,200.062038
100.046959,117,200.586056
211.964412,112,201.136063
25.544325,76,201.496078
1.031369,46,201.691269
91.009765,84,202.079175
124.099706,116,202.672309
78.579924,163,203.526716
14.764456,45,203.754517
35.278005,55,204.047018
37.007128,63,204.366768
31.222427,51,204.606174
20.809993,38,204.790421
0.767696,19,204.867746
-2.148146,11,204.940586
-0.869559,14,205.01966
9.960913,33,205.183019
67.757112,127,205.783487
30.857056,47,205.973939
53.386216,84,206.463393
5.401039,20,206.590722
32.113129,63,206.945231
17.184119,39,207.113137
0.947942,21,207.264619
115.987447,113,207.81483
18.580455,39,207.971814
5.843303,20,208.066985
20.926698,30,208.256243
39.25148,132,208.863579
34.258277,53,209.134947
16.387454,45,209.329104
93.651288,145,220.54491
11.927201,31,220.704272
41.515193,42,220.84933
16.988301,35,221.037176
49.306886,102,221.581707
12.472564,34,221.762385
71.05418,74,222.060886
17.233246,62,222.360494
5.422535,16,222.433996
35.589812,52,222.693058
106.222966,99,223.140151
3.573851,53,223.375521
55.553266,73,223.747728
76.708403,121,224.36371
1.020895,11,224.399287
296.02143,169,225.172842
29.60382,75,225.512174
42.479333,52,225.773729
36.659209,88,226.150984
72.890144,82,226.517045
28.097828,69,226.86833
78.799097,111,227.396258
14.326804,36,227.56736
19.195203,37,227.756825
62.135086,94,228.217031
41.994966,131,228.719335
80.299242,129,229.224435
26.539323,53,229.464874
52.104523,72,229.839804
358.602745,193,240.708277
9.416936,18,240.771119
81.772691,100,241.196358
84.366899,151,241.814148
30.855111,80,242.160929
178.641687,224,243.070977
11.252285,38,243.209372
55.278932,121,243.765842
20.522526,51,244.011156
24.180973,43,244.210246
253.97016,189,245.076751
53.239794,71,245.395396
133.319631,92,245.759289
54.112435,89,246.099907
76.383084,82,246.424962
44.356559,56,246.664889
87.285464,126,247.139475
135.224037,271,248.305417
340.494729,211,259.637976
168.541371,167,260.472892
48.857418,140,261.089242
81.41849,115,261.568839
212.897089,142,262.134314
48.427318,108,262.634502
15.709484,56,262.852639
129.181831,134,263.491312
31.208746,79,263.819231
21.57693,28,263.930214
7.473228,17,263.981964
49.206796,80,264.360142
79.043219,102,264.834852
306.799951,165,265.638449
16.284895,98,266.092641
241.933375,136,266.772731
156.027817,145,267.384449
207.139081,131,267.972389
34.346478,78,278.97606
259.377581,191,279.80489
219.935297,131,280.406885
307.820165,216,281.311309
222.044439,156,281.925103
27.67189,48,282.122755
163.456785,96,282.496455
235.681116,132,283.016824
42.458528,75,283.311088
10.626797,34,283.452698
280.990892,152,284.074737
27.237892,43,284.265493
3.925328,20,284.359952
351.004971,188,285.192126
209.608584,102,285.505343
39.679286,51,285.71535
85.59867,143,286.368931
246.768008,145,286.999736
20.561324,48,287.208753
-0.053585,117,298.404748
459.046221,261,299.583122
352.825844,219,300.560813
73.549805,100,301.075977
76.529777,164,301.783788
338.883178,204,302.693902
227.113786,133,303.218174
13.039412,27,303.342901
55.435559,140,303.85083
400.44257,467,305.883226
152.964994,89,306.326855
32.416976,62,306.630162
154.04991,101,307.069967
292.790591,237,318.787697
8.611006,31,318.921098
86.152791,132,319.40125
161.123802,197,320.16307
118.300032,112,320.555508
206.961889,107,320.979064
96.79668,127,321.500306
131.681127,159,322.131316
67.001364,96,322.520134
315.677957,232,323.493333
91.325398,95,323.868958
184.258701,102,324.281333
212.997697,116,324.737103
44.908871,85,325.047623
145.97142,287,336.461488
16.538221,68,336.770775
40.713817,198,337.751903
338.138462,173,338.506456
63.28334,86,338.875237
202.516067,98,339.379995
66.149976,127,339.941355
77.829851,110,340.420137
58.290453,213,341.334888
163.364275,171,342.034837
96.584042,161,342.731181
55.828689,166,343.426507
118.421569,92,343.794757
9.406139,25,343.914287
409.570645,306,345.45651
33.025265,91,356.938663
362.8549,221,357.773445
56.980184,66,358.052133
52.070054,91,358.402018
47.306163,119,358.882703
132.755166,155,359.538787
91.884719,105,359.952316
205.934035,120,360.424447
139.489053,111,360.85553
63.054969,142,361.367365
296.252443,153,362.020215
45.95061,86,362.418233
72.089155,169,363.254984
204.039592,102,363.696516
44.17594,73,364.018231
254.957484,256,375.244712
222.977526,121,375.791924
77.767667,122,376.345766
147.95345,254,377.486785
34.71785,75,377.880933
405.450173,260,378.928636
393.048905,217,379.841998
185.862475,137,380.500403
143.788929,145,381.086874
193.939118,158,381.742854
81.373107,129,382.399293
25.822286,139,383.104016
24.470777,33,383.232664
53.212474,112,383.675433
207.89111,152,395.05468
201.268212,125,395.578423
363.698016,206,396.407621
267.60993,139,396.922848
271.793819,169,397.583371
73.226399,144,398.147245
179.216737,90,398.516981
368.359247,168,399.157683
245.132315,156,399.81784
379.443058,165,400.54017
317.265675,239,401.646302
206.166986,139,402.307878
63.617565,151,402.98104
269.200422,188,414.298478
253.325362,326,415.645962
8.248533,28,415.74475
383.232983,321,417.197
273.866119,162,417.887279
496.184711,291,419.074243
501.386428,377,420.579182
363.503494,187,421.422028
86.518672,123,422.004594
477.513244,362,434.234424
347.843979,215,435.106152
219.534636,120,435.62568
204.873703,284,436.772465
152.328759,277,437.906442
261.283156,140,438.617885
357.612605,197,439.505996
296.903847,163,440.230497
94.745712,280,441.320613
320.911557,197,442.137327
462.310266,271,453.311891
76.896543,139,453.856547
379.611474,169,454.616883
315.362528,193,455.359054
157.337169,239,456.254962
231.394609,199,457.116369
95.63671,209,457.774403
132.652597,165,458.392145
272.826836,196,459.14195
27.540725,116,459.610295
308.700361,190,470.725781
13.041191,38,470.879497
221.461218,119,471.405996
352.292259,183,472.176598
201.901389,119,472.676048
214.648771,264,473.789734
393.823134,304,475.02787
126.485437,191,475.907554
202.907625,114,476.368045
343.89541,250,477.502186
75.613865,123,477.978418
318.078612,203,478.791
94.540634,189,489.904259
125.523316,190,490.66991
360.010851,181,491.50127
105.341619,207,492.505378
154.743119,297,493.863013
247.459458,379,495.542441
282.496745,132,496.145254
196.691915,123,496.747902
203.139664,119,497.317639
247.052024,142,497.94649
112.903135,193,498.831592
377.786746,233,510.108334
34.009791,63,510.400793
211.4379,144,511.070025
8.850281,20,511.150245
312.306949,277,512.235249
232.278546,143,512.737276
297.337143,169,513.353038
47.662116,70,513.70296
42.754593,138,514.326903
56.665795,142,514.990583
304.569788,212,515.968635
261.714023,135,516.570156
416.292321,259,517.538805
188.545821,140,528.575531
398.607241,326,529.810838
159.23019,274,530.920012
339.947196,206,531.726756
359.833334,229,532.590544
369.209006,233,533.45852
31.298375,137,534.022799
180.401608,106,534.487845
283.541147,146,535.077269
199.22042,108,535.491033
7.909953,21,535.586956
317.725592,222,547.169129
229.520711,124,547.781496
312.607433,137,548.413643
357.011648,282,549.641197
461.874177,314,551.015595
47.652578,150,551.71202
336.613082,283,553.047851
254.158113,112,553.530261
64.706743,139,554.173346
105.317452,155,554.868099
362.867845,254,556.032396
333.36883,193,567.667278
275.356347,172,568.536613
290.531755,146,569.134648
370.298037,287,570.429636
262.554455,140,571.030709
411.454028,183,571.982497
297.828547,173,572.776209
104.090743,215,573.752285
257.179744,174,574.498139
374.029408,166,575.215536
102.214468,220,576.118973
174.218122,357,588.274674
216.698657,110,588.805952
300.028122,161,589.581668
412.933672,234,590.561336
207.261948,108,591.000582
206.950646,115,591.534741
524.791575,314,592.973887
319.159767,191,593.861599
-9.274039,211,594.76272
451.801692,327,606.791279
367.254922,180,607.549227
362.805493,197,608.362391
244.654989,117,608.872002
279.192929,191,609.632208
257.302902,160,610.271266
625.108168,526,612.33507
630.243873,368,613.826665
190.110474,351,626.284011
522.030028,372,627.961817
72.155505,118,628.545707
359.248279,165,629.279985
324.359318,192,630.042936
336.457244,161,630.61492
353.771956,179,631.308917
698.682295,515,633.245198
239.713814,130,633.759885
282.774984,163,645.121196
367.042799,192,645.998502
297.551808,485,647.729561
355.463099,151,648.468949
415.308867,222,649.373206
216.582025,321,650.856866
415.298699,216,651.798658
64.149304,89,652.260977
239.954127,129,652.86216
464.002874,239,664.424078
82.775873,203,665.329652
294.588632,147,665.918727
320.989366,215,666.916967
500.165092,264,668.019027
448.387618,236,668.990822
297.623117,185,669.803114
49.986721,138,670.401593
21.404761,116,670.887652
339.572257,205,671.877215
356.956104,174,672.623505
30.678899,121,673.189232
225.340666,119,684.613111
240.927873,125,685.086489
264.741038,125,685.56857
281.326115,189,686.363243
9.56141,111,686.782987
510.282817,243,687.734578
148.036921,223,688.575552
309.897389,248,689.571211
96.130927,153,690.13422
255.846669,127,690.645611
151.170107,87,690.979928
441.241481,229,691.917914
346.574983,191,703.649341
496.239605,271,704.900179
319.071128,165,705.681694
28.956935,145,706.330672
255.283989,141,706.986771
64.712671,145,707.585649
490.953494,326,709.105465
137.491991,116,709.62875
2.350257,29,709.777071
357.666335,224,710.693285
481.490811,249,711.634178
360.259455,219,722.728197
419.065565,250,723.706145
262.553872,164,724.37153
353.204098,386,725.99123
106.438819,180,726.850429
429.98172,188,727.690239
424.97819,268,728.874566
49.354544,203,729.773365
380.846697,175,730.575729
54.719465,130,731.163451
119.703901,212,742.378356
323.638017,168,743.214522
42.314155,70,743.574324
284.240922,169,744.35205
137.157852,86,744.718883
398.558581,279,745.987014
84.876597,191,746.740351
370.599656,235,747.751967
377.495054,211,748.584899
86.438731,180,749.339238
382.049704,242,750.375836
321.129172,190,761.751151
259.787823,136,762.325772
462.567044,307,763.635594
328.946418,157,764.406954
315.898003,164,765.134399
209.899462,114,765.747945
570.88896,252,766.888417
616.79404,302,768.288838
347.941674,186,769.062711
19.99231,117,769.548718
536.529451,268,781.19327
604.462319,279,782.492732
340.48322,150,783.215786
436.555528,199,784.066893
713.201084,350,785.464028
348.058751,178,786.142387
103.79698,191,786.929719
111.670217,141,787.515091
233.796566,147,788.080639
556.416689,233,789.13417
463.316739,268,801.070164
584.892386,316,802.505958
264.239262,137,803.12249
606.557406,444,805.035951
341.514554,222,805.895391
218.003987,319,807.287517
685.486989,338,808.427679
409.069826,187,819.902548
349.837225,216,820.730341
353.304063,167,821.442388
386.244734,175,822.271498
492.054172,247,823.239514
396.728043,232,824.288552
424.301275,211,825.209138
205.611294,138,825.79649
455.75824,238,826.919305
400.952616,199,827.716995
385.798399,207,838.860031
416.12929,214,839.928554
218.332986,200,840.817149
275.112369,180,841.40209
549.500967,281,842.335969
333.321952,163,842.968052
234.547033,117,843.513514
369.290965,360,845.154791
303.336987,159,845.881917
700.822745,642,859.324425
479.167811,244,860.307591
344.784568,154,860.937587
859.566905,353,862.314394
490.9895,391,863.803589
853.913162,522,876.689738
477.163365,217,877.498633
236.374506,125,878.050859
373.378822,187,878.919088
446.128214,243,879.79022
410.469411,213,880.631375
108.997263,194,881.437154
576.894945,307,882.600964
261.533699,146,883.159205
409.49313,180,883.928205
350.48971,199,884.775034
73.55926,146,895.96872
368.064649,190,896.689234
327.262608,172,897.291223
281.772957,162,897.909098
319.017023,179,898.61536
311.892388,185,899.33483
66.923403,151,899.92941
425.256108,251,900.921072
570.809507,365,902.34584
326.390034,168,903.005642
343.596459,186,914.383929
794.438152,458,916.570947
331.224237,188,917.420885
325.903629,198,918.222553
65.610258,126,918.716427
180.643895,297,919.99484
292.913036,144,920.637556
366.538486,232,921.712556
327.383049,193,922.499073
248.164038,121,922.999979
23.68824,135,933.393236
302.199238,181,934.085565
664.33623,335,935.576604
527.730221,290,936.952939
732.70755,383,938.765278
447.324116,191,939.634851
351.558095,170,940.404417
25.742055,37,940.557422
471.698695,311,942.062336
235.046175,319,954.209169
352.230358,167,954.877793
307.213357,153,955.484658
387.708987,230,956.429944
557.74535,266,957.455685
334.336029,171,958.188839
893.420721,580,960.640994
332.492364,163,961.374783
157.994026,306,973.455413
272.40074,153,974.239511
629.007961,259,975.496874
323.49867,186,976.3181
452.267356,210,977.285372
372.02288,174,978.060746
1004.16295,583,980.725062
321.229145,173,981.512053
477.496156,250,992.836553
457.395827,265,993.994422
438.681462,247,994.969418
477.434894,310,996.20559
470.289895,259,997.199449
393.35905,400,998.980089
379.855128,258,1000.17372
18.83822,79,1000.556374
139.321757,426,1012.915862
635.349923,284,1014.171537
590.486297,381,1015.882575
71.546716,168,1016.68592
307.598761,145,1017.339162
459.375382,201,1018.18313
540.615918,280,1019.29776
254.994618,218,1030.62716
579.689956,335,1032.217289
672.040477,496,1034.490546
313.206718,160,1035.335736
568.23083,236,1036.47524
352.228499,169,1037.29959
201.217023,108,1037.815092
194.322282,118,1038.311048
47.573366,129,1038.792532
294.262083,159,1039.417168
386.003273,197,1051.313216
685.560135,387,1052.894147
231.543245,173,1053.602929
652.540541,289,1054.709672
535.256744,268,1055.764014
472.139454,221,1056.631197
254.566692,138,1057.158549
449.927874,241,1058.087373
645.412047,282,1069.745469
316.103121,243,1070.896754
633.826973,405,1072.707774
232.894076,355,1074.252394
272.749133,144,1074.862947
324.903766,212,1075.758576
394.037024,245,1076.809894
628.296753,301,1078.068631
160.40916,96,1088.621247
804.025612,489,1090.583892
444.552179,247,1091.693316
457.4412,280,1092.89361
515.462565,236,1093.97437
135.867443,201,1094.93791
264.077362,149,1095.620986
587.191675,363,1097.209508
611.341764,331,1109.826462
29.200258,152,1110.52211
55.317259,144,1111.135038
303.886775,146,1111.725878
661.457195,252,1112.815102
513.582334,307,1114.156803
537.67621,296,1115.430689
332.913366,176,1116.283343
310.499281,170,1117.094079
376.728399,192,1128.121696
290.027733,153,1128.879189
324.095655,147,1129.576288
370.561939,217,1130.488477
399.720619,194,1131.369195
571.491183,248,1132.369865
305.555379,166,1133.070572
948.650798,502,1135.375443
133.048947,249,1136.362532
467.731529,278,1147.999928
723.503251,337,1149.639809
588.587643,223,1150.537177
638.332154,256,1151.753793
529.249671,260,1152.787251
297.493921,163,1153.44845
405.262098,238,1154.380498
334.344509,184,1155.143772
252.22495,145,1155.610849
1153.702518,667,1168.813339
412.262077,243,1169.931451
806.621009,339,1171.303878
1308.572556,735,1174.106807
496.242815,261,1185.990847
484.943615,255,1187.19164
585.729299,305,1188.605419
410.515146,188,1189.393198
518.158081,220,1190.226838
445.517598,205,1191.268813
492.207794,236,1192.442469
127.786553,175,1193.293774
286.796429,208,1194.335093
274.512168,123,1194.919136
