#{"t_start": 1533054346.6057355, "env_id": "Walker2d-v2"}
r,l,t
0.94147,15,0.013758
-5.294317,12,0.021596
-1.247574,11,0.028532
-7.575403,11,0.035647
-13.588954,17,0.045628
-1.241029,16,0.055736
-9.944575,17,0.065579
-1.036123,12,0.072547
-4.271972,11,0.079287
-8.730692,15,0.088228
-5.440817,14,0.0962
-2.32335,14,0.104488
-2.620839,21,0.116623
1.491184,16,0.125955
-2.692273,12,0.132785
-10.812861,13,0.140685
-4.956984,17,0.15044
-4.528182,14,0.158541
-4.738925,12,0.165658
-6.306007,13,0.173089
0.028816,20,0.184602
-6.918222,15,0.193355
-8.095546,12,0.200359
-2.293204,11,0.207538
-10.765478,15,0.216092
1.32652,12,0.223037
-1.335969,15,0.231738
-5.703098,14,0.239911
-5.432266,16,0.249414
-8.174903,12,0.256731
-6.408664,21,0.268597
-9.916993,16,0.277764
-5.880008,10,0.283637
-0.725567,22,0.296099
-10.834678,13,0.30374
-0.785288,10,0.309548
-10.787737,18,0.319966
0.703245,21,0.33186
-11.363091,12,0.339112
-2.91066,17,0.349174
-6.627116,16,0.358333
-9.475443,12,0.365391
-5.811603,16,0.374664
-3.401261,18,0.384805
4.185097,25,0.39901
-5.563794,12,0.406341
-2.424304,17,0.416118
-1.95799,19,0.427271
-2.15792,15,0.435755
-1.727869,9,0.441043
-9.894842,14,0.449021
3.223337,20,0.460549
-0.112835,11,0.467458
-6.934771,13,0.474778
-1.141208,12,0.481589
-0.014048,12,0.488695
-4.868704,14,0.496789
-8.61965,13,0.504332
-7.260026,19,0.515345
-1.388016,15,0.524156
-3.276871,11,0.53059
-1.272817,11,0.536947
0.49438,19,0.547826
-5.912438,14,0.555907
1.417501,10,0.561505
-6.53977,22,0.57396
-0.873641,15,0.582796
-9.13752,16,0.591846
-1.928948,14,0.600233
1.456223,14,0.608428
-6.582548,15,0.617397
-5.479002,18,0.627968
-1.31609,9,0.633739
-1.438624,27,0.650374
-9.764556,17,0.660561
-2.781343,16,0.670268
7.39174,35,0.691249
-0.333133,17,0.701363
-3.067515,13,0.709352
-9.563759,15,0.718316
-2.108703,13,0.726145
-5.344123,14,0.734558
-7.827113,16,0.744519
-8.885686,17,0.754699
-8.819265,17,0.764834
-6.511031,15,0.773957
-0.663299,16,0.784048
-7.63187,14,0.79239
-7.571543,17,0.802689
-4.340403,18,0.813432
-1.615093,12,0.820675
-0.058181,13,0.828656
-7.426136,12,0.836361
-8.411028,14,0.84515
0.648805,11,0.851907
-1.315433,13,0.860011
-3.05883,20,0.87201
-4.163807,17,0.882243
-9.171031,15,0.891634
-2.88963,17,0.902124
-2.250904,15,0.911311
-11.154106,18,0.922239
-5.365579,16,0.932015
-3.865189,10,0.938234
-3.200777,17,0.948663
0.937794,23,0.962745
-6.701886,15,0.972007
-5.578165,15,0.981328
-4.680013,17,0.991674
-10.375499,16,1.001377
-6.692237,15,1.010835
-0.333176,13,1.018918
-5.061305,10,1.025296
-0.023926,17,1.035687
-9.826762,14,1.044145
4.490624,17,1.054475
-6.661964,18,1.06501
-4.610345,15,1.073828
-6.067038,11,1.080448
-9.561587,17,1.090766
-1.706277,9,1.09627
-4.446299,18,1.107189
-3.671336,12,1.1143
-5.320463,17,1.129183
-9.409085,16,1.142845
-3.557202,12,1.153053
-5.339087,13,1.164204
-4.629235,19,1.180347
10.398859,27,1.203384
0.278321,20,1.220301
-2.814239,19,1.236427
-1.207667,15,1.249294
-2.003701,12,1.259349
-5.563971,16,1.882244
4.900019,24,1.898554
-6.151125,13,1.907308
-0.999556,11,1.914791
-4.363734,17,1.92612
0.722455,16,1.936934
-5.310104,12,1.945332
-6.131558,15,1.955177
-5.875887,14,1.964011
-4.927741,10,1.970373
-6.562542,16,1.980161
-1.656462,12,1.987457
-1.022729,16,1.997478
3.247043,19,2.009001
-9.417534,14,2.018141
-5.533262,20,2.031144
-3.275746,11,2.038595
-4.46559,9,2.044171
-2.651469,8,2.049284
-1.361295,10,2.05614
-4.94644,12,2.064366
0.954433,18,2.076566
-3.329138,15,2.086788
-6.015661,13,2.095343
2.86807,22,2.110471
-3.53676,11,2.118002
-2.889531,13,2.126924
-7.580475,19,2.139387
3.678485,21,2.153536
-8.6795,15,2.163848
-1.692587,14,2.17366
-6.808505,16,2.184502
-8.311112,17,2.195873
-1.276795,15,2.206093
-4.103396,10,2.213116
5.362688,18,2.225291
-1.298668,11,2.232825
-5.804254,15,2.242966
-5.407255,12,2.251083
-5.451727,14,2.259786
-6.684553,11,2.266709
-0.835941,18,2.277813
-5.988567,15,2.288281
-0.6078,14,2.296759
0.767576,21,2.309501
-8.921095,14,2.318065
0.149118,10,2.324518
2.612448,17,2.335067
0.793167,18,2.346188
0.400327,12,2.353728
-1.744157,17,2.364213
-1.600211,8,2.369523
2.261967,12,2.377031
-7.361403,16,2.386729
1.293285,21,2.39944
-8.336463,15,2.408516
1.39652,25,2.423808
-4.94494,13,2.432013
-0.985657,20,2.444272
-4.89358,14,2.452963
-4.788675,15,2.462055
-0.706782,13,2.470271
-3.140997,9,2.476145
-0.91431,10,2.482526
4.109762,25,2.497467
3.287707,13,2.505434
-7.26867,12,2.512907
-1.908094,13,2.521134
7.28724,20,2.533367
-3.409204,14,2.543829
-1.515419,19,2.555727
-0.044216,13,2.563767
-3.20758,13,2.571727
-2.860388,19,2.583579
-1.618993,16,2.59349
-6.229043,18,2.604407
0.70958,14,2.613221
-6.387536,14,2.621791
-7.592584,16,2.631648
-2.705922,13,2.639993
2.767813,22,2.653571
-9.922974,16,2.66342
-0.365756,12,2.671025
-2.966495,18,2.682036
-0.800805,12,2.689451
-0.154294,13,2.697607
-6.964459,16,2.707424
-10.035535,17,2.7179
-0.05322,13,2.725661
-0.770139,17,2.736088
-0.145831,12,2.743822
-4.017562,12,2.751339
-3.5623,12,2.758975
2.393151,13,2.766874
1.381371,12,2.774721
-2.739381,14,2.783282
-3.350089,21,2.795958
-3.704369,17,2.806338
-3.654505,10,2.812583
4.86716,20,2.824814
-4.451111,9,2.830891
0.921358,10,2.836959
-6.817428,14,2.845667
-2.378624,10,2.852023
-6.213419,13,2.86006
-1.006321,22,2.873281
1.313981,16,2.88324
-0.166044,9,2.888913
-8.665635,14,2.897743
0.331551,11,2.904505
-3.636765,19,2.916047
-5.609091,10,2.922351
-0.612198,13,2.930261
-4.292183,9,2.935792
-2.647328,17,2.946026
1.153928,13,2.953847
-4.684062,18,2.964799
4.822922,18,2.975541
-1.078494,11,2.982623
-2.182828,13,2.990737
-2.447432,12,2.998064
9.685084,23,3.011673
-9.021771,17,3.021596
-0.015119,11,3.028335
-7.738786,18,3.039349
-6.988055,19,3.050788
-1.580316,18,3.06176
-1.103505,17,3.072086
-4.423171,22,3.085306
-6.333251,15,3.094487
-2.427741,15,3.104017
-4.034181,11,3.111061
3.400609,13,3.118938
-6.050985,14,3.127404
-3.08191,11,3.134441
-0.88209,16,3.144255
-8.375084,12,3.151735
3.375972,27,3.168197
-1.570131,12,3.721099
-4.734371,15,3.730545
2.206214,14,3.739173
-0.674108,14,3.748206
6.336076,28,3.765256
-0.77162,8,3.770055
-1.033672,7,3.774279
1.756615,13,3.781991
2.792508,13,3.789403
-7.716989,11,3.796317
-4.098435,8,3.801422
-8.601653,17,3.811941
1.842028,17,3.822792
4.655042,24,3.838812
-2.325744,33,3.860221
-2.24674,18,3.872081
2.620211,26,3.889069
1.236782,21,3.90286
1.096902,19,3.915226
-6.397129,15,3.925166
-3.066452,17,3.93673
-5.588814,15,3.946378
-0.599912,12,3.95436
-5.990599,23,3.969673
-0.352757,20,3.982844
-3.204372,10,3.989621
-1.949289,14,3.998854
15.67476,30,4.020183
-0.134866,27,4.038175
-0.950811,18,4.049869
-5.718975,14,4.059128
0.723404,18,4.071216
3.022056,24,4.086802
-0.308474,18,4.098443
-8.123362,14,4.107869
-0.762894,21,4.122041
1.721014,14,4.131483
-0.315435,11,4.138722
-3.749947,15,4.148782
-1.552127,17,4.160153
-0.356348,12,4.168324
-2.348323,15,4.178627
2.011748,16,4.189293
4.941092,27,4.207008
-1.777595,16,4.217498
-2.287024,12,4.225599
-8.670879,19,4.238313
8.10016,27,4.255999
2.051057,18,4.268127
-1.149703,11,4.27673
-7.171464,16,4.286702
2.149091,16,4.296798
-1.095169,13,4.304939
-0.223895,13,4.313102
-2.325386,14,4.321809
-1.062561,12,4.329513
-7.861319,13,4.337545
-3.381857,19,4.349356
-5.770643,16,4.359445
1.547208,15,4.368703
-2.963364,17,4.379517
-8.254559,16,4.389123
12.825498,23,4.403012
-0.269602,16,4.412646
-8.832879,9,4.418212
-1.922122,11,4.425374
-2.669983,20,4.442306
-3.965809,14,4.454021
-0.56994,17,4.46856
-2.196496,15,4.481756
3.97902,13,4.493351
8.066605,23,4.51401
-2.766214,12,4.524723
-1.831709,8,4.532102
3.86752,27,4.556472
-1.855456,17,4.571792
-4.110618,10,4.580629
-5.938396,13,4.59239
4.451852,17,4.608082
-3.672436,17,4.623418
-9.158258,18,4.639862
0.270195,17,4.655066
2.823285,22,4.675138
-1.493048,17,4.690434
-2.209465,9,4.69851
4.613602,21,4.717295
-5.664181,11,4.727275
0.343915,14,4.736097
-8.424733,18,4.747785
3.859487,18,4.759741
-3.635731,11,4.767093
2.45147,16,4.777637
-9.987723,20,4.790581
-5.720115,17,4.801904
6.626509,23,4.816807
1.68941,11,4.824034
0.174557,14,4.833067
-3.250433,13,4.842007
0.450424,19,4.85415
-1.95953,16,4.864326
4.35892,21,4.877787
-2.507247,14,4.886995
-7.913529,12,4.895225
0.971537,14,4.904716
-6.313466,12,4.912827
-7.74943,14,4.925321
2.068593,17,4.940783
-1.123189,8,4.948255
-7.176798,15,4.961321
3.613167,18,4.976797
1.976528,11,4.986192
-5.555149,16,5.000037
-7.358644,17,5.015528
-3.898694,11,5.02611
-5.192585,12,5.037088
-2.711361,11,5.047247
-0.319427,18,5.063518
-0.381981,12,5.074162
2.201796,23,5.094329
-2.074235,13,5.106315
5.488171,26,5.129248
-4.51558,27,5.153274
-6.899034,14,5.165595
-4.385661,16,5.179912
-0.696033,10,5.188946
2.944506,20,5.206638
3.603664,14,5.910154
1.146687,14,5.922855
2.940806,14,5.935019
7.260322,19,5.947654
-3.701212,25,5.962645
-1.779024,15,5.971746
3.612358,17,5.982493
-3.972552,17,5.99285
-1.854301,12,6.000171
9.807034,23,6.01421
-0.055005,19,6.025934
0.635136,20,6.037908
1.614489,16,6.047754
8.639668,20,6.059843
1.392357,25,6.07541
2.199663,16,6.085294
-1.743122,15,6.0944
0.453013,12,6.102022
11.424404,33,6.123591
-0.392202,17,6.140174
0.229929,10,6.150034
10.446807,29,6.178191
6.755642,22,6.200099
-2.82711,8,6.20959
5.271819,15,6.224245
2.689914,13,6.236941
-5.767779,25,6.26159
-0.317643,18,6.279849
6.713927,19,6.298278
-4.009265,22,6.320043
2.528966,17,6.336997
4.358298,15,6.351864
7.087269,21,6.372563
-1.316087,23,6.395611
0.731786,12,6.407362
-0.713274,13,6.419912
1.226707,15,6.434393
3.894248,15,6.448775
6.572424,23,6.471038
-4.280301,14,6.484294
0.52257,15,6.497922
-2.801139,11,6.507755
-2.82681,21,6.523261
4.176045,29,6.540865
-2.17088,12,6.548431
2.161845,15,6.557535
1.241926,10,6.564058
-1.083665,9,6.569807
5.928356,23,6.584155
4.112209,16,6.593836
-1.230975,11,6.60082
0.035368,19,6.612373
-2.944564,16,6.622247
-1.610439,8,6.627457
0.253736,13,6.635636
-1.927856,16,6.645563
-1.043695,10,6.651845
-2.309229,13,6.659996
2.015283,11,6.666839
9.08891,24,6.681399
2.686879,20,6.693856
2.941576,16,6.703958
17.18538,32,6.72487
-3.243917,15,6.734792
-4.892173,14,6.743998
0.539872,9,6.750008
-1.865214,17,6.760988
-3.146777,22,6.77546
-0.362703,15,6.785234
0.018974,13,6.793836
6.543311,15,6.803734
4.414754,21,6.817652
-1.272379,11,6.824984
-0.753592,13,6.833604
-2.40632,8,6.839099
-3.741566,14,6.848628
-2.917866,14,6.85756
7.11841,21,6.871506
-2.311211,11,6.878769
-2.38157,15,6.888843
15.943265,31,6.909148
-2.292526,8,6.914739
-1.452282,17,6.925957
3.602197,16,6.936415
3.969955,14,6.945079
-5.130265,16,6.954812
-1.462367,19,6.96635
4.444906,22,6.979613
2.733329,12,6.987238
4.443352,18,6.998486
4.64302,18,7.009391
2.921334,13,7.018094
-3.757258,11,7.025775
-0.38206,15,7.035716
3.581344,33,7.058053
-2.747379,7,7.062976
-6.069546,12,7.071008
-0.158816,9,7.076636
0.424313,11,7.083329
-4.838438,10,7.089642
-4.079422,18,7.100831
1.276072,24,7.115338
2.588222,17,7.125773
-1.027921,22,7.139075
-4.895364,13,7.147264
-4.630241,16,7.158713
0.874695,21,7.171386
1.568749,19,7.183015
-0.342135,9,7.188955
-0.24524,28,7.205842
5.205552,16,7.215682
-3.972495,16,7.225627
-0.938862,11,7.232612
2.230795,23,7.246468
1.64729,14,7.256166
-2.782919,11,7.2655
-1.698906,15,7.278186
0.243534,14,7.290318
6.035611,21,7.308394
-0.404901,16,7.318195
1.947906,21,7.331122
-0.794935,13,7.339227
0.772667,12,7.346723
1.892464,18,7.357748
-5.196823,13,7.88116
1.298957,10,7.889817
3.224801,46,7.930057
5.157726,19,7.947006
4.131264,18,7.962867
1.186701,19,7.979684
-2.564887,10,7.988924
9.323557,20,8.006989
-2.592886,14,8.019529
-3.125698,20,8.037279
1.600398,11,8.047214
0.608364,15,8.060503
-1.276089,24,8.082008
-9.985059,54,8.130941
6.006567,19,8.148504
3.832724,12,8.159834
-3.769373,15,8.174378
5.539137,15,8.189346
-0.751021,16,8.205206
12.596125,30,8.234714
2.537924,14,8.248727
-4.598692,19,8.267039
0.069544,8,8.27484
4.150843,14,8.28877
0.804897,17,8.305495
-0.241376,12,8.317668
-2.163697,12,8.329654
-1.345428,10,8.339628
-2.616143,17,8.356758
7.224752,21,8.377576
2.465175,12,8.38949
-1.534391,10,8.399704
6.763309,24,8.4231
17.862249,30,8.45226
1.662429,13,8.465293
0.122121,11,8.476102
4.545108,14,8.490289
-3.895934,15,8.504711
-0.97426,8,8.512535
5.524962,17,8.528781
-3.188578,9,8.537631
8.269925,27,8.563945
2.22939,14,8.577349
-0.543936,15,8.59224
19.891052,33,8.624363
3.485792,15,8.63915
3.526713,18,8.656692
1.536073,10,8.666456
-3.887676,14,8.680187
8.964812,19,8.698604
-4.215238,18,8.715456
3.0059,18,8.732065
3.719716,17,8.747411
-0.620905,9,8.755701
2.209703,15,8.765294
1.634426,21,8.77769
20.832844,43,8.803685
2.73289,12,8.811185
3.879439,14,8.819826
-0.23379,12,8.827472
3.861645,15,8.836711
-3.315351,31,8.85577
6.179093,23,8.869514
1.972913,13,8.877404
3.097111,18,8.888606
16.829597,40,8.91255
0.295673,12,8.92081
1.482713,18,8.932996
0.740257,15,8.943243
-0.995051,18,8.954713
3.76557,18,8.965909
-0.134602,16,8.975958
0.602815,10,8.982222
-0.904575,14,8.990974
0.541894,12,8.998394
1.769792,17,9.008735
4.658954,15,9.018236
1.081749,14,9.026989
10.862366,42,9.054117
0.008522,13,9.062058
0.837214,12,9.070879
1.481527,12,9.078349
5.725884,23,9.092106
4.055738,29,9.110007
-4.559003,15,9.119031
-0.096624,22,9.132384
0.016707,15,9.141862
-0.69929,10,9.148242
4.63518,19,9.159646
1.546337,10,9.16593
5.65461,19,9.177658
10.816304,30,9.195803
5.025341,18,9.206573
11.897139,33,9.226813
-0.781638,25,9.241975
17.32631,46,9.269771
5.694542,19,9.281631
2.090776,17,9.29217
0.071741,12,9.299619
7.350371,25,9.31478
15.035684,44,9.341053
2.078118,12,9.348726
3.372339,13,9.35675
18.293479,28,9.373588
-0.81746,14,9.382294
19.114884,34,9.403141
2.745084,16,9.41289
4.164821,15,9.42222
3.160273,30,9.440524
0.819932,17,9.957611
10.303166,22,9.978606
0.359131,12,9.988863
16.391532,36,10.02019
3.12399,14,10.032415
20.345531,39,10.06674
1.222245,15,10.080085
-0.425539,12,10.091164
6.397446,18,10.10747
5.50397,17,10.122871
15.250698,36,10.155126
14.060817,37,10.190537
3.214948,16,10.204722
-2.97852,18,10.220926
4.815328,20,10.238683
0.458162,15,10.251847
21.379113,32,10.280588
7.099768,27,10.308086
3.169756,13,10.320987
1.313,13,10.333831
3.189542,32,10.364888
7.725626,19,10.38325
3.350708,13,10.396064
8.940467,22,10.417998
14.388117,36,10.452801
1.757138,12,10.464699
19.092703,34,10.497849
10.761673,34,10.531705
-0.54352,19,10.550303
3.123852,18,10.565494
-1.937254,20,10.577759
7.530652,19,10.589531
-0.670527,19,10.600917
18.362005,33,10.620893
4.028312,21,10.633831
15.881404,32,10.653094
2.890099,23,10.66712
1.642372,11,10.673963
28.020665,48,10.703358
10.987086,47,10.731972
-3.139216,11,10.738898
5.125589,22,10.7525
21.085546,39,10.776367
6.186594,17,10.786829
4.393275,44,10.813422
4.998624,18,10.824584
0.196254,11,10.831489
38.797925,89,10.884756
1.219805,12,10.892127
3.282499,12,10.899687
3.595301,14,10.908383
15.227405,35,10.929476
21.200414,38,10.952391
14.624242,29,10.970121
1.690348,17,10.980766
10.981602,31,10.999648
14.702466,27,11.016094
-0.090845,14,11.024563
2.804554,20,11.037178
40.967363,46,11.065084
5.436502,24,11.079859
3.132861,20,11.094202
-0.29303,13,11.102175
4.947926,15,11.111254
0.85576,13,11.119174
19.772746,40,11.143231
-3.276616,14,11.152563
12.805468,31,11.172851
4.677802,27,11.190504
1.143227,12,11.198581
2.379941,12,11.206482
9.106695,27,11.224393
11.233383,22,11.238826
-0.715125,17,11.250401
9.19986,24,11.266104
13.340449,29,11.285051
7.270753,33,11.30687
0.666468,10,11.313658
4.370784,16,11.324126
-0.213583,8,11.329539
-2.520611,10,11.336132
6.063709,15,11.346274
9.629208,24,11.362027
13.256,29,11.381113
6.716307,19,11.393639
6.249872,26,11.410709
-3.990534,6,11.415003
6.824667,31,11.435072
4.647407,17,12.012598
7.561979,27,12.03109
10.718357,33,12.053621
21.053943,41,12.08076
8.070089,22,12.096854
2.050612,13,12.104619
9.635938,18,12.115654
0.107166,9,12.12128
25.55554,50,12.151128
11.541863,22,12.164513
22.958821,29,12.18171
5.483139,17,12.192313
2.342882,13,12.200304
-2.238637,21,12.213676
6.772608,29,12.23209
15.312652,26,12.247916
0.236706,13,12.255901
-0.127575,14,12.26436
1.664016,16,12.27403
6.900157,22,12.287398
16.361617,46,12.315579
8.73463,20,12.327798
4.240523,16,12.337709
7.963488,25,12.352821
12.782517,26,12.368884
3.370735,17,12.379504
4.724684,27,12.39585
-0.361855,11,12.40277
0.76069,22,12.416168
3.047287,14,12.424572
5.891978,16,12.436938
29.950611,43,12.479164
20.846959,29,12.507493
9.487684,17,12.524377
0.269069,12,12.536099
14.152207,25,12.560361
-1.751839,33,12.592384
19.733271,34,12.624963
2.625833,15,12.639294
7.673427,19,12.657469
11.127738,28,12.675833
-0.231248,10,12.682048
15.565163,28,12.699143
10.730804,24,12.713944
13.669203,52,12.746767
32.717997,47,12.777345
27.595259,48,12.80855
5.374511,29,12.827479
40.05602,55,12.863181
6.600085,16,12.873623
9.515679,46,12.903519
20.060537,50,12.936488
17.857444,64,12.978303
8.934443,31,12.998461
5.42121,17,13.009727
9.991612,33,13.03139
12.966602,34,13.054151
20.179923,35,13.076886
5.952188,17,13.088038
35.906508,40,13.114156
13.304055,26,13.131415
19.589862,36,13.155004
35.406786,51,13.187711
5.549993,18,13.198514
12.858457,25,13.213842
15.317982,29,13.231475
38.230007,55,13.265035
1.833059,13,13.273136
10.873791,25,13.288505
39.208305,58,13.323513
3.83831,12,13.330922
19.113109,36,13.352944
-0.056624,9,13.35866
42.279667,69,13.920406
24.402315,46,13.964026
15.333921,47,14.00134
20.18838,30,14.019457
32.303151,37,14.041861
2.7871,15,14.051572
28.769461,77,14.120228
4.879242,21,14.139168
22.636885,48,14.182138
6.895148,22,14.201084
9.221478,20,14.217932
2.695356,29,14.242848
20.571023,38,14.274674
6.870796,19,14.291476
19.788433,35,14.322504
22.617434,50,14.366707
15.128791,22,14.386612
49.7328,85,14.464005
10.674025,38,14.501072
38.679304,63,14.562503
19.302731,32,14.593588
43.797086,56,14.647695
22.678138,34,14.680573
14.613902,42,14.72105
29.399072,70,14.788458
5.28139,17,14.805124
26.654392,33,14.836287
8.576508,26,14.861633
10.32355,32,14.892209
20.423284,39,14.929227
11.853465,26,14.954247
16.579533,139,15.085982
19.004242,28,15.112515
14.535127,31,15.141346
6.280333,29,15.161032
10.625823,21,15.175931
18.872296,38,15.200814
31.358158,62,15.240812
46.585634,125,15.321724
46.836012,59,15.358697
12.170007,26,15.374638
20.162167,31,15.393153
-14.162366,103,15.455183
25.283782,35,15.476446
24.661361,44,15.504783
20.216495,39,15.530726
23.713178,62,16.154611
20.925094,29,16.173114
-8.837049,92,16.236334
10.420564,28,16.254604
79.503795,115,16.324243
56.559591,76,16.370583
14.462302,28,16.387758
9.831319,27,16.404006
108.286171,100,16.463993
6.407386,42,16.489249
28.30374,122,16.562063
20.759306,33,16.581868
5.70724,155,16.674407
12.861068,24,16.690849
3.51181,14,16.699276
17.188092,27,16.715627
65.93042,102,16.776569
-12.663598,135,16.857272
111.536957,107,16.921764
28.924472,44,16.948212
21.682409,37,16.970828
13.92291,23,16.984805
13.893732,31,17.003814
32.270876,45,17.031124
5.680967,149,17.120291
27.852196,51,17.157156
1.173024,89,17.228849
42.042388,49,17.258431
55.977941,88,17.310889
95.425629,89,17.364319
22.954611,39,17.388276
18.874311,34,17.408842
174.566023,201,18.009714
74.380896,77,18.056175
25.074072,56,18.089815
13.710066,29,18.107658
57.007692,72,18.15099
38.892418,74,18.195073
-19.836674,108,18.261296
22.283458,159,18.356399
119.595365,181,18.46505
217.486189,168,18.603385
66.173362,69,18.664028
13.388787,27,18.687806
25.858146,55,18.735984
41.858294,109,18.830711
65.608213,83,18.903502
63.182086,83,18.976418
18.499683,47,19.019493
19.756734,44,19.062873
91.70109,102,19.16343
41.056156,57,19.216237
4.65866,34,19.247901
21.693173,34,19.27982
21.616191,62,19.3283
27.450274,74,19.372335
44.19005,128,19.974498
80.106084,79,20.025886
5.245224,18,20.037555
52.542253,127,20.118684
32.613187,43,20.145027
89.456018,78,20.192777
249.343821,233,20.332257
45.741331,128,20.412507
26.425948,37,20.435228
86.122144,159,20.530988
17.990513,32,20.55057
44.931867,74,20.595003
52.290428,56,20.628793
35.889504,104,20.692618
11.639757,30,20.713023
22.424555,42,20.741093
77.622809,101,20.80851
27.431695,76,20.857626
119.432004,100,20.921881
39.361746,247,21.082036
6.461076,23,21.09724
13.2474,44,21.126229
46.478208,63,21.167537
299.788589,167,21.897869
29.323726,128,22.022135
5.975518,32,22.053177
77.955771,203,22.250808
4.267349,139,22.38621
52.136051,67,22.450863
147.477446,287,22.659027
282.189919,205,22.811487
53.996811,70,22.868296
44.807838,67,22.928235
94.110833,219,23.119722
124.583169,295,23.31186
91.832707,139,23.402282
7.882725,110,23.474105
85.916369,138,24.025734
87.681365,201,24.199104
414.555894,259,24.353731
145.201738,120,24.427034
311.356911,218,24.55821
34.713926,128,24.634806
117.830303,219,24.767045
271.204217,163,24.86367
106.732701,99,24.924622
266.809596,385,25.184919
61.243586,208,25.988426
66.794377,219,26.148346
163.25054,123,26.223845
267.592142,178,26.336092
540.999556,438,26.655841
223.194136,131,26.742519
314.335772,218,26.888446
136.585355,219,27.033298
561.108429,493,28.098405
241.0072,137,28.232743
9.856199,127,28.352918
271.980017,196,28.515165
274.538122,162,28.631024
291.424232,167,28.744838
257.733185,195,28.917539
283.077318,160,29.0562
75.569569,172,29.196485
250.309987,135,29.285982
153.720714,99,29.349645
79.685066,84,29.404481
231.036398,408,30.425163
352.95437,258,30.580996
496.335331,411,30.843107
348.650269,275,31.023237
468.997998,334,31.230527
38.601739,164,31.329985
126.237422,224,31.467124
344.4935,272,31.631504
302.08728,192,32.221117
33.43599,130,32.307329
204.539341,109,32.392846
597.312124,555,32.770776
235.117701,135,32.853748
251.884055,151,32.950922
231.525524,175,33.11129
381.750403,300,33.305948
485.491026,326,33.510822
42.666125,156,34.204194
355.126341,304,34.463442
254.777741,179,34.629637
289.841823,429,35.032727
90.143583,231,35.255673
30.519948,154,35.407771
322.02609,167,35.574553
276.439959,178,35.749883
327.221836,203,35.948636
156.052945,329,36.868211
294.521719,161,36.998781
250.599384,163,37.103386
307.755107,170,37.213354
273.911156,207,37.364589
345.229535,245,37.527962
213.672583,170,37.670844
345.259173,254,37.92062
393.142061,241,38.146836
307.822069,198,38.960848
306.074231,202,39.106411
350.22481,249,39.328872
376.688224,254,39.565554
316.248094,171,39.70712
257.115271,123,39.783576
65.476476,80,39.832159
297.784574,241,39.978735
401.773259,274,40.143173
-3.984821,107,40.214674
384.580611,244,40.369752
355.695876,220,41.227617
287.514233,157,41.329302
477.58977,323,41.556834
86.001801,195,41.731349
293.657609,147,41.842136
130.694313,242,42.00087
389.140147,280,42.182265
432.173006,303,42.398746
372.00151,259,42.569838
464.183988,337,43.25693
573.432291,437,43.527417
356.864634,230,43.681606
261.856929,170,43.790402
285.176735,160,43.896278
293.344876,176,44.060698
288.141544,156,44.184997
264.389769,145,44.282909
496.125453,404,45.226011
369.22442,190,45.342725
329.428526,182,45.454462
29.629768,48,45.483918
126.174662,245,45.634089
308.076197,170,45.778404
449.78325,273,45.983994
308.714705,186,46.136386
408.615857,264,46.323392
340.350304,191,46.460341
274.079598,139,46.583701
161.293741,248,47.568063
420.705322,231,47.71006
387.170541,214,47.850245
245.663043,424,48.115202
372.274313,202,48.244795
324.571724,177,48.359186
207.43507,133,48.444494
345.825498,218,48.600166
311.839721,147,48.702327
397.269739,227,49.435302
355.40169,202,49.618303
583.690077,434,49.989322
379.971908,221,50.137653
424.453359,257,50.329063
226.446997,155,50.469859
166.260677,268,50.735099
393.663396,296,51.029205
445.159808,253,51.906646
344.431785,200,52.052514
35.595527,130,52.155965
342.818127,202,52.290424
282.954643,192,52.414493
348.988161,183,52.533977
372.939576,189,52.657894
292.847638,166,52.765856
244.31905,138,52.850256
58.946936,208,52.98438
375.064551,171,53.089001
358.376703,185,53.796336
299.677965,149,53.88557
350.283573,182,54.01106
409.037253,200,54.160549
295.548982,185,54.311275
461.521707,238,54.463637
508.248663,325,54.669306
204.557696,351,54.899168
264.255022,154,55.01124
368.960248,227,55.921418
356.701372,184,56.035212
496.511776,359,56.288621
344.372418,210,56.427036
316.346827,188,56.574873
381.757775,235,56.780921
360.354696,177,56.934213
378.789375,199,57.071388
280.482378,167,57.214097
327.116882,171,57.321368
287.274394,173,57.944825
228.70596,127,58.027996
424.75424,305,58.236603
187.181499,406,58.510568
365.090909,183,58.631773
301.969297,151,58.732165
317.794666,152,58.832032
225.838375,139,58.922294
344.543512,190,59.046175
452.453698,272,59.291821
294.626284,162,60.160896
496.190952,334,60.463354
418.575233,205,60.616918
362.610822,199,60.738341
330.01521,183,60.85582
347.353772,165,61.003525
311.517438,153,61.106683
415.450351,251,61.332102
454.29813,302,61.520862
362.96084,198,62.23095
342.688984,203,62.358032
407.601017,209,62.494559
263.666534,144,62.581805
340.906443,209,62.718053
360.533531,176,62.833055
487.971856,328,63.084032
94.582382,242,63.309901
456.257985,265,63.499271
297.981857,172,63.604688
322.596741,188,64.270959
310.043641,163,64.369443
353.291264,175,64.475457
407.983283,208,64.601305
455.551756,236,64.753918
298.047528,163,64.855543
400.280005,212,64.984229
334.531574,159,65.080177
391.09903,260,65.238191
470.05789,273,65.404047
459.152169,287,66.159472
352.9121,204,66.285028
408.356326,244,66.465544
316.732624,170,66.615528
372.51675,193,66.767122
449.329386,242,66.921464
391.050458,203,67.053545
334.368346,183,67.180589
6.810623,104,67.257478
426.682548,225,67.407092
291.551471,154,68.132797
379.600982,182,68.264832
483.495825,266,68.499525
407.566214,225,68.650198
456.244712,292,68.865475
472.734507,249,69.033015
421.265707,237,69.220162
384.409553,213,69.420474
383.598194,217,69.659858
378.814367,208,70.372892
316.3388,166,70.477819
387.41327,230,70.645328
376.456618,202,70.775915
380.846731,217,70.915604
366.397445,194,71.035796
340.517314,172,71.1432
99.533278,226,71.290563
423.59869,228,71.442757
402.326029,205,71.578179
461.364872,238,72.341102
313.765749,161,72.440475
445.719008,235,72.588072
399.082284,228,72.741506
399.597904,196,72.863599
400.291207,206,72.993476
277.170898,155,73.093127
389.121469,198,73.220503
338.247707,154,73.315958
438.288166,239,73.477131
41.104556,171,74.172083
314.037926,167,74.283621
369.723952,180,74.402862
292.59623,155,74.498075
309.495927,152,74.59228
579.133061,404,74.843004
369.25825,203,74.967372
300.004638,163,75.06707
493.43708,289,75.246912
387.263745,196,75.368631
356.948946,163,76.08355
400.029603,189,76.213516
324.666755,154,76.351577
415.165692,210,76.539091
374.345667,232,76.734581
436.420915,270,76.907632
394.52159,208,77.038606
425.170047,222,77.176548
509.016689,290,77.354613
377.201941,175,78.081563
324.619145,148,78.228679
480.167199,259,78.493067
368.971706,189,78.650241
418.802077,281,78.839015
101.448931,222,79.010319
355.014564,180,79.152115
392.652922,210,79.353872
438.646028,231,79.505112
426.900552,245,79.67167
411.564476,196,80.553242
399.887219,223,80.776621
396.426235,176,80.952924
426.215924,213,81.167653
433.850956,208,81.371716
424.912135,243,81.612016
368.590623,158,81.767617
297.768561,146,81.911814
487.907962,274,82.187419
362.846755,181,82.343283
404.97238,205,83.197725
483.548537,262,83.450699
488.112192,263,83.630246
418.803526,241,83.780473
363.248546,170,83.886052
377.349508,184,84.0012
400.351987,216,84.137303
403.94313,198,84.261686
363.11833,166,84.364906
409.662981,217,84.499155
289.874047,142,85.159989
230.729815,124,85.242023
295.595655,137,85.333919
399.631287,198,85.466304
392.446377,202,85.628876
406.763281,197,85.819218
394.645332,193,85.966223
443.127034,241,86.118249
358.258257,175,86.226844
385.449931,197,86.347992
330.53595,180,86.474103
352.129653,159,87.080729
412.533766,196,87.203026
295.406052,145,87.291282
298.7155,141,87.377301
351.429877,173,87.485538
366.162779,189,87.605357
385.031317,181,87.728481
436.113821,207,87.869548
444.61336,253,88.040644
326.661902,147,88.131544
389.119025,184,88.246355
429.85372,239,88.949647
370.579726,178,89.073488
396.943828,194,89.250198
398.773071,200,89.449544
391.015158,185,89.633265
451.475361,258,89.883833
353.630555,156,89.985003
480.752768,235,90.132241
387.4421,184,90.247433
428.860812,209,90.375629
439.666872,205,91.093646
348.445711,156,91.256298
392.400213,187,91.438377
413.859176,230,91.612971
399.489707,189,91.786692
377.243036,162,91.903832
411.069825,202,92.037644
392.980017,187,92.167087
463.207598,216,92.311809
415.705675,208,92.455462
478.202909,267,92.622161
456.076446,210,93.392782
452.276811,219,93.579828
440.191204,200,93.708791
270.577391,128,93.789802
406.537437,175,93.905256
360.746389,167,94.007257
391.317899,185,94.12148
391.204283,164,94.239988
348.97545,157,94.354935
354.985055,178,94.468234
328.308963,143,94.563322
217.823835,111,94.632192
457.868628,225,95.370544
383.360444,175,95.479673
438.455708,197,95.623887
405.370159,213,95.787841
494.471152,249,95.955064
399.916904,198,96.082875
383.01743,167,96.240557
469.155561,238,96.485317
403.248986,191,96.674072
419.953941,205,96.879625
420.833446,229,97.640239
384.939624,183,97.792602
403.388836,203,97.923918
392.491706,177,98.036133
413.140339,199,98.157858
335.870256,159,98.257417
398.258437,184,98.386508
440.701261,237,98.598841
386.411635,191,98.717668
170.70956,95,98.778842
417.803883,198,98.906967
354.634784,171,99.765802
181.766992,87,99.852217
402.230738,195,100.042893
354.8607,180,100.218607
428.086971,218,100.432997
388.279956,177,100.595431
353.792877,177,100.713529
281.004081,125,100.791594
414.790184,210,100.923488
361.926662,157,101.027981
399.66871,201,101.152411
341.491443,151,101.244855
430.362414,193,102.0533
439.183808,224,102.21835
373.110795,174,102.323844
304.712765,134,102.404682
496.464004,269,102.572751
405.076594,183,102.70457
478.793549,227,102.910153
440.547749,201,103.083596
408.22213,181,103.194649
429.258674,201,103.3258
397.915338,188,104.036346
485.760532,228,104.189692
346.984617,169,104.297174
395.319875,182,104.410893
366.611634,156,104.512483
451.294018,211,104.64588
304.121241,152,104.74378
355.507143,161,104.849613
329.951152,148,104.940867
449.352968,251,105.099685
405.081484,554,106.158271
330.429915,147,106.287076
408.324933,178,106.404371
391.580524,169,106.51018
362.78417,163,106.613899
369.949138,172,106.723186
395.929613,178,106.837249
463.638376,201,106.961214
199.714134,321,107.185727
452.702469,208,107.350021
451.170339,203,108.093247
425.606786,184,108.21005
428.80317,210,108.350524
370.969578,159,108.459076
408.582279,199,108.588686
364.438521,175,108.704644
397.491156,173,108.812245
425.783476,196,108.993249
386.115041,180,109.122802
371.344802,168,109.270954
416.248102,183,109.438643
372.395537,164,110.143469
450.504361,204,110.273146
435.32928,182,110.412519
399.337308,181,110.531375
458.253532,206,110.664062
319.20437,154,110.78135
322.520618,146,110.914191
401.522922,204,111.101651
258.133658,124,111.224719
392.920679,164,111.360657
368.050892,164,111.473605
419.091666,203,112.194637
415.337376,181,112.306968
397.925365,187,112.450477
435.009963,213,112.644117
411.268177,186,112.802008
441.541918,199,112.92934
362.558636,152,113.030861
110.242325,222,113.240741
436.173634,199,113.438161
368.250335,174,113.605896
333.813568,153,113.713233
338.139847,155,113.840892
138.640362,255,114.744888
189.733247,103,114.812394
369.362164,173,114.921547
366.796677,177,115.032608
387.828902,173,115.140178
376.262613,162,115.240772
371.630949,173,115.346834
252.824367,118,115.426317
467.102246,197,115.577638
451.096358,210,115.720494
312.081774,154,115.823355
469.195768,216,116.610029
508.982369,231,116.762453
519.104179,207,116.902422
336.773406,163,117.005646
144.089958,77,117.054857
431.263924,183,117.221341
515.149885,217,117.419627
373.251574,154,117.523416
438.192918,182,117.635055
479.018631,220,117.78113
449.75787,207,117.911402
410.750943,195,118.738863
421.739458,196,118.921729
422.940381,186,119.075214
376.204891,190,119.199816
460.202715,207,119.327699
392.013103,163,119.429766
401.534601,179,119.539424
463.312451,209,119.673193
365.290206,158,119.785951
431.672427,193,119.923802
438.276803,233,120.078048
399.180491,172,120.872425
277.274965,121,120.985252
442.762238,198,121.11345
453.901217,204,121.24725
398.763255,167,121.357429
413.595189,177,121.474011
421.386043,181,121.588499
517.386776,286,121.762732
382.087639,177,121.875977
399.932913,181,121.999977
419.554932,183,122.174321
356.005888,163,123.053862
447.668003,187,123.189342
435.806315,180,123.312355
439.052955,197,123.442733
380.753545,161,123.542646
375.599516,166,123.645016
402.786029,174,123.751215
432.119038,201,123.88366
450.973363,194,124.015278
379.094846,153,124.127734
368.064292,166,124.244163
409.310705,192,124.366418
164.882204,84,125.014328
443.635795,192,125.131928
450.592597,211,125.264177
409.723661,171,125.373726
504.533262,232,125.5439
488.639927,222,125.681604
289.089911,129,125.769159
405.615404,176,125.882202
485.962487,221,126.023163
410.325337,163,126.12992
403.13478,195,126.258927
454.258629,192,127.080825
371.292364,168,127.24748
438.275337,180,127.423923
427.111044,209,127.632807
405.149616,174,127.805388
499.558427,205,128.011512
419.71501,179,128.185675
429.623492,189,128.37307
427.909418,168,128.525147
427.245858,198,128.676557
427.928941,185,128.797289
197.628574,108,129.468696
385.914856,185,129.614132
401.810549,176,129.778683
314.787816,137,129.910347
445.879364,176,130.019084
447.552241,176,130.12996
444.107,197,130.292378
418.428518,175,130.462873
314.937821,150,130.60879
536.979451,247,130.850078
529.803703,214,131.014474
401.750148,180,131.764904
457.489216,194,131.958549
408.773846,179,132.132674
462.765393,192,132.299601
324.328547,140,132.430326
435.387459,180,132.605135
507.901574,246,132.830965
433.734136,188,132.965044
569.651882,231,133.117393
386.397885,163,133.222606
412.081778,186,133.344806
413.936132,175,134.110452
532.02208,258,134.275635
466.767551,230,134.418637
457.065179,196,134.539438
461.460883,187,134.660187
403.523207,176,134.768996
444.551462,192,134.899871
418.643022,172,135.01395
430.112277,185,135.137119
384.605459,162,135.258117
454.812289,199,135.416061
454.844401,183,136.13352
488.028481,226,136.30188
502.698795,244,136.455269
439.443192,193,136.57822
323.979724,132,136.671982
516.075772,240,136.848285
457.31074,199,136.996313
362.342341,169,137.120854
399.3065,173,137.226362
479.023,196,137.377267
444.937374,195,138.113046
461.482793,196,138.304114
398.387877,167,138.471658
361.259674,153,138.604222
428.190368,185,138.720016
378.000122,163,138.819117
563.842457,306,139.065895
456.620539,185,139.235895
329.937704,153,139.377714
436.330534,182,139.529255
409.678849,174,139.651567
387.754792,155,140.258673
506.29248,212,140.398572
439.500098,194,140.517711
535.915308,228,140.658292
502.052531,229,140.798856
425.929391,177,140.918755
407.838117,168,141.022262
470.698815,199,141.141067
491.317934,193,141.25898
385.771089,169,141.362988
333.682619,138,141.447061
504.340559,208,142.103064
408.396337,166,142.207914
374.473842,174,142.317359
469.842073,183,142.438176
457.819477,184,142.553378
529.4812,225,142.697516
473.33849,207,142.834179
474.186887,205,142.96054
528.759857,222,143.100249
460.996503,192,143.227187
434.618169,172,143.335289
469.742268,233,143.97329
450.993825,191,144.103191
502.742778,211,144.283993
414.587054,177,144.462309
60.718962,187,144.655642
428.060481,170,144.825951
449.597306,184,145.010463
424.139812,184,145.158628
403.482139,187,145.272327
521.288088,198,145.430622
227.406595,358,146.36618
443.0566,186,146.481523
458.953568,177,146.589861
489.417823,210,146.718898
316.108203,153,146.815038
420.019497,174,146.922991
401.943082,164,147.03598
471.337544,192,147.209543
441.713671,190,147.383568
543.190814,239,147.607139
458.581703,201,148.400175
461.544594,181,148.537388
318.861268,128,148.616008
544.934148,222,148.757777
353.516862,152,148.850974
487.376802,205,148.976372
449.118081,179,149.086615
410.163014,169,149.237025
456.330669,197,149.390918
496.506623,212,149.5429
451.293138,206,149.674724
496.110171,203,150.259822
263.43474,116,150.329625
474.925023,184,150.453221
439.759982,179,150.608154
369.702467,156,150.711196
551.430772,208,150.847762
502.294238,209,150.977024
487.897761,193,151.098256
467.17956,213,151.230717
462.93163,185,151.343148
555.053673,205,151.467413
480.693717,196,152.236147
542.59063,249,152.447744
484.333556,202,152.573299
433.470407,170,152.684401
460.188936,189,152.80014
482.577416,195,152.921479
501.90533,197,153.054227
481.223023,191,153.232834
129.242862,244,153.485861
438.11363,169,153.651107
495.777845,197,153.776108
433.09082,176,154.571616
464.419189,194,154.765307
525.004773,202,154.966339
453.40862,190,155.152379
466.214209,186,155.334086
439.864465,179,155.509053
489.839519,190,155.695656
423.594732,183,155.869999
432.7752,169,156.006611
444.863217,189,156.150478
459.823734,192,156.268732
485.92274,178,156.909816
504.743312,186,157.053531
498.053094,181,157.16583
507.045266,215,157.306548
507.246311,217,157.455885
488.624242,203,157.614233
369.137696,158,157.721371
437.884288,175,157.839587
477.834223,208,157.989604
446.38589,176,158.132339
474.178211,207,158.884543
469.527406,203,159.016669
481.11321,195,159.14684
458.287586,182,159.261395
384.61257,160,159.363781
430.246798,172,159.47951
425.52168,174,159.632742
482.090645,204,159.818155
531.872375,225,160.032892
583.744732,240,160.245707
443.42991,182,160.354534
480.779305,188,161.216027
451.889799,174,161.374717
426.952958,167,161.516846
507.733879,181,161.634768
500.994291,210,161.784171
436.176367,167,161.895899
495.561086,195,162.026355
467.454365,204,162.15162
478.330458,193,162.270942
473.407733,200,162.393606
499.375589,194,162.516957
491.595986,190,163.266584
507.564406,229,163.44676
418.174592,165,163.558069
463.253645,199,163.698248
495.803913,212,163.870481
495.500068,196,164.021651
450.298232,184,164.188596
287.318752,125,164.310184
421.873586,174,164.481887
420.603139,186,164.63878
473.615801,186,164.753263
461.560392,187,165.554706
420.461909,176,165.669644
464.86973,187,165.787779
530.868242,225,165.937397
477.204754,195,166.061227
476.96778,208,166.216917
439.937917,180,166.377898
426.357784,175,166.551753
462.068195,173,166.720724
438.460889,169,166.86812
480.45881,193,166.994222
479.301076,192,167.702871
469.163132,187,167.886852
409.615911,173,167.999506
490.722424,199,168.133194
487.121261,181,168.25105
475.552699,186,168.372294
109.50498,221,168.578443
479.114033,199,168.774267
538.556421,206,168.961869
494.3108,187,169.120481
554.573111,201,169.796511
467.412375,199,169.92918
448.889811,171,170.034771
267.666223,126,170.111554
495.09975,187,170.227311
455.036175,172,170.334946
495.01139,209,170.472769
487.911811,197,170.594215
470.615144,199,170.715552
452.707005,188,170.831289
477.482741,183,170.945085
670.244556,254,171.666997
439.078544,190,171.784464
437.949453,173,171.889266
71.498455,192,172.038091
456.990464,174,172.180436
435.954106,185,172.324356
440.129894,183,172.449197
492.915197,203,172.585537
520.26933,195,172.721366
538.817633,205,172.851913
463.957174,179,172.964265
438.012055,169,173.762977
570.805881,213,173.971286
506.724384,202,174.171343
295.241,128,174.290556
425.123071,171,174.446311
513.114735,215,174.602296
507.207314,210,174.795898
462.46572,183,174.976341
461.781341,184,175.156126
535.666237,195,175.3434
440.012133,179,175.466437
478.721255,202,176.178874
470.962456,205,176.382981
456.978859,189,176.56985
579.066918,322,176.872301
437.499978,168,177.02146
495.505031,214,177.162588
598.948548,236,177.318493
417.121949,176,177.476189
580.720623,207,177.643878
608.758441,213,178.395162
517.326486,218,178.529771
511.407342,207,178.655567
628.506066,218,178.787162
543.428042,207,178.914204
517.08479,233,179.052084
551.70265,230,179.194403
609.840173,234,179.344812
586.338787,210,179.483233
438.522587,184,179.605328
521.686985,197,180.230507
502.516202,199,180.351089
471.000034,198,180.476359
558.548485,206,180.610998
470.701354,206,180.743586
502.692521,201,180.877537
489.765135,186,180.993458
548.829973,240,181.141531
260.184678,125,181.217704
508.22146,190,181.332811
467.140096,175,181.43853
486.953755,209,182.217946
489.359715,215,182.418928
550.254797,206,182.54569
523.718498,215,182.6869
501.227285,202,182.822161
599.442863,230,182.975058
544.594311,192,183.10356
571.832276,271,183.279654
488.852898,209,183.457112
626.845621,215,184.410569
535.48501,189,184.588003
492.356915,193,184.729721
546.928099,199,184.887091
546.197043,210,185.014398
462.348379,183,185.126425
412.710446,156,185.234383
504.491676,189,185.347927
553.984186,206,185.485153
586.243426,221,185.65493
515.588686,198,185.804359
520.10051,198,186.544802
440.267938,191,186.669883
140.438205,259,186.85714
106.60898,232,187.084305
600.025634,217,187.299828
166.840334,91,187.388143
382.403211,151,187.509987
481.374579,181,187.619429
447.10181,196,187.785289
508.659183,197,187.92712
491.900978,181,188.681523
473.689196,188,188.804885
596.111356,264,188.977445
553.893518,229,189.128355
478.076571,191,189.310471
473.639418,188,189.50155
467.567687,187,189.645479
435.255587,177,189.782504
605.928035,220,189.936057
749.060132,265,190.100778
416.419161,161,190.883072
433.491479,185,191.065347
498.89095,208,191.211536
493.94088,206,191.345467
515.507945,195,191.469899
450.920298,177,191.584629
531.371262,213,191.766777
497.185003,186,191.93428
477.975619,200,192.105922
472.183474,193,192.237282
495.174073,196,192.360927
384.68768,186,193.096717
541.21289,188,193.266811
612.569357,228,193.425646
472.123529,188,193.544088
448.095407,193,193.701329
746.248437,289,193.898099
660.736004,252,194.096514
256.988439,122,194.173004
591.745374,205,194.309943
502.505179,199,194.446935
268.900212,127,195.200356
572.186967,214,195.383784
561.451131,218,195.560599
607.640826,223,195.698694
425.34052,173,195.804702
642.163524,221,195.940065
474.778285,187,196.061109
582.749091,206,196.187788
632.111537,221,196.393501
595.825671,243,196.617189
499.634448,184,197.320394
733.980454,245,197.494725
611.054718,211,197.651596
459.100917,180,197.78445
558.365474,216,197.943051
568.901063,199,198.101114
585.453002,234,198.255651
653.516049,253,198.432799
498.404345,201,198.63701
631.12739,220,199.424016
674.964722,238,199.569345
299.862459,130,199.648794
539.081753,189,199.763616
602.238609,212,199.904302
666.125627,267,200.081191
574.766192,205,200.230281
667.827789,244,200.38612
763.284219,254,200.557544
527.554809,197,200.67839
443.617272,181,201.347845
601.192517,219,201.522455
487.967157,177,201.635063
448.081988,190,201.823065
565.60825,199,201.960047
422.933973,168,202.062076
540.184701,211,202.190485
703.897612,241,202.370386
477.57201,190,202.488599
474.570994,199,202.620179
650.368201,220,203.486113
446.993622,179,203.619226
344.683012,147,203.709371
480.143147,187,203.824735
738.238911,244,203.975566
601.489255,219,204.126313
413.979211,160,204.271874
519.779282,207,204.474758
479.66867,181,204.607213
465.8186,183,204.723563
550.477012,203,204.925513
486.114891,193,205.801788
664.065944,238,206.000053
676.990978,256,206.15707
436.271295,169,206.259717
544.816032,211,206.388704
681.230996,245,206.550534
470.99406,186,206.664468
567.567748,194,206.783982
459.460528,179,206.91687
637.344267,229,207.690164
439.003069,173,207.862425
502.237924,204,208.063752
691.397692,243,208.27498
484.733679,186,208.3904
442.013545,172,208.516046
770.798839,267,208.718448
668.823341,229,208.882552
530.210466,200,209.008123
572.247062,210,209.148409
659.925538,236,209.856673
650.699058,235,210.001424
423.059862,159,210.098157
677.69136,229,210.236901
652.395908,226,210.386396
720.365058,265,210.553697
537.147319,195,210.67541
615.916103,219,210.862299
579.614301,205,211.038028
596.758245,227,211.257162
665.331007,251,212.013713
609.1442,222,212.147522
683.583973,226,212.282989
300.54106,130,212.360181
494.554284,207,212.494232
673.892471,240,212.698474
655.753228,242,212.884971
448.100615,175,213.043132
699.15035,235,213.252755
580.410932,201,214.009018
614.759416,212,214.215354
745.872363,251,214.434434
677.877748,231,214.615177
419.021519,161,214.741574
384.171216,159,214.847413
765.535834,247,214.999555
623.980729,228,215.145787
629.997588,216,215.287544
712.774727,260,215.454307
452.266488,173,216.11598
712.384044,236,216.359312
868.388327,290,216.695507
656.316859,213,216.965382
817.471976,270,217.256902
443.487577,170,217.448504
403.846515,171,217.659176
487.549745,196,217.897813
703.254345,255,218.185793
552.374573,211,219.778099
520.421338,201,220.050423
574.739352,217,220.279923
549.206495,215,220.570801
446.5758,182,220.875769
531.625182,199,221.097474
753.134688,255,221.441886
666.252345,235,221.771816
665.650784,242,222.160235
512.208788,180,222.421459
66.21017,185,223.818537
599.368815,217,224.07725
780.291785,291,224.379882
651.884394,224,224.615509
869.647705,279,224.952439
860.357856,292,225.400087
515.910576,199,225.612512
551.33936,219,225.848513
942.189448,299,227.701388
589.554797,212,227.933739
740.843142,248,228.200317
730.716539,248,228.466571
676.555286,234,228.719281
543.00758,214,228.995301
697.374029,232,229.339994
722.030081,241,229.674561
584.510993,217,229.910795
609.979055,233,231.334532
557.713889,220,231.57221
545.260759,201,231.785514
473.87044,184,231.980978
718.151467,257,232.285758
642.29111,244,232.548393
511.222185,185,232.743907
588.304599,216,232.972278
555.164222,200,233.18363
431.330219,185,234.19605
710.743762,247,234.461774
654.045942,238,234.716824
624.083173,230,235.023078
632.915808,232,235.384515
685.010538,237,235.701322
626.462025,224,235.960099
653.515657,230,236.206449
737.35815,284,236.516572
430.685769,178,237.856249
932.446569,289,238.172218
675.718659,241,238.483926
940.533154,306,239.025035
878.085455,274,239.333118
529.564591,192,239.536709
723.432793,248,239.798378
759.862011,262,240.074056
626.859283,247,241.468647
834.659338,279,241.888704
534.873726,192,242.179164
693.75882,236,242.494102
673.467474,243,242.852839
703.447796,242,243.183745
731.424833,249,243.529685
879.24369,289,243.970159
526.411512,209,244.209034
548.43136,219,245.773329
669.372381,240,246.056288
610.119118,229,246.297997
681.212076,249,246.669245
735.70433,270,246.955709
467.934246,187,247.15204
614.573151,217,247.381601
783.795513,321,247.718394
656.563316,231,249.147295
850.857191,290,249.505313
631.72811,229,249.840565
796.552173,269,250.229095
557.85018,232,250.516812
299.11814,133,250.660295
684.793655,240,250.918751
688.653257,239,251.175879
748.762411,250,251.446679
621.78536,225,252.835633
511.03436,207,253.055707
795.52577,261,253.352322
608.86144,214,253.604988
733.336698,257,253.882432
745.658925,256,254.181592
514.40244,195,254.397874
618.055817,217,254.637223
810.456574,275,254.952316
903.678362,290,256.300766
445.525012,181,256.497325
877.89154,278,256.790217
640.225895,222,257.062554
615.289612,237,257.314014
435.693825,183,257.512615
637.077043,237,257.791415
745.337095,249,258.214049
704.97232,244,259.947532
556.203635,213,260.208509
715.473989,236,260.460147
642.140653,241,260.774442
710.388857,237,261.165563
641.525084,234,261.483314
773.544889,267,261.854638
646.697418,238,262.135153
611.011661,222,262.377222
475.586591,191,263.681112
945.103504,320,264.027835
492.476467,193,264.232142
923.124215,308,264.687342
789.57979,260,264.99924
738.136572,265,265.355371
732.650516,251,265.631324
570.218417,221,265.8755
757.873905,246,267.475514
781.057665,267,267.847892
1090.925945,343,268.244291
463.47414,182,268.437673
662.767644,239,268.727795
614.946189,235,268.971985
736.654572,257,269.263859
778.552613,280,269.582946
741.558993,250,270.967219
529.391313,199,271.21443
628.586014,226,271.504084
671.917399,232,271.926253
706.937969,251,272.192598
628.128554,224,272.42981
653.963453,235,272.682264
479.765485,197,272.890656
1226.634524,376,274.427793
635.175372,224,274.71888
566.532829,207,274.978688
699.080363,240,275.232694
615.629824,214,275.458169
596.535358,215,275.685505
994.700085,310,276.008807
730.033591,250,276.391903
541.927463,202,276.619894
631.835762,219,277.858066
679.174923,235,278.106447
662.783551,241,278.359183
496.413278,203,278.577094
621.303559,229,278.856129
736.171228,250,279.130555
807.693019,255,279.40178
708.769712,262,279.682396
751.78262,261,280.006187
527.153371,199,281.515173
640.162211,221,281.74591
620.965469,214,281.9693
765.444591,249,282.233938
659.079255,226,282.487531
978.990541,307,282.920075
883.478547,328,283.358804
719.863613,254,283.628403
778.202706,259,284.959451
762.491032,272,285.390043
1023.316215,323,285.755262
500.165181,191,285.956994
700.225679,237,286.203496
837.998538,299,286.524715
941.22133,301,286.937346
810.442943,264,287.322661
795.464453,267,289.163409
832.269533,279,289.457811
827.403613,276,289.753118
492.263841,190,289.953557
993.683935,331,290.422208
860.695769,275,290.710079
777.31233,265,290.994354
800.2569,277,292.438957
472.468616,192,292.745379
882.411757,288,293.046087
1240.977921,364,293.462459
724.282904,246,293.882221
891.163963,300,294.306816
1086.913424,334,294.748274
622.571413,224,295.04594
443.337889,189,296.452356
839.338263,269,296.735639
791.792358,254,297.013847
871.645539,277,297.308775
703.191401,244,297.566474
870.842189,293,297.873695
841.153152,314,298.312681
603.608914,216,298.583587
542.148013,197,299.786517
672.454011,236,300.037483
621.519476,222,300.413246
620.922874,232,300.849407
967.213657,303,301.229619
896.320294,286,301.573659
959.399138,321,302.002261
645.579218,224,302.354214
1041.865524,317,304.07273
651.039372,232,304.415995
970.45612,310,305.007057
900.945418,282,305.451247
792.497537,283,305.770272
657.758074,241,306.102787
575.635738,205,306.410763
1176.812675,362,308.102395
664.245549,220,308.376725
745.985692,258,308.736854
1057.494786,328,309.320719
717.872123,241,309.678545
710.975176,239,310.056263
572.503576,197,310.279702
453.538009,175,310.501626
760.728827,246,311.926364
767.068291,254,312.332899
874.523859,294,312.802097
971.457928,310,313.241158
756.120563,253,313.541701
837.18416,290,313.948593
1045.467385,319,314.311238
1473.819053,425,315.899471
604.642779,208,316.188748
838.753997,267,316.480137
1020.793404,315,316.892472
926.780253,299,317.211357
1141.257307,349,317.607579
577.647754,220,317.980057
922.379152,300,319.558455
681.803054,232,319.925566
751.318091,258,320.412437
746.546842,261,320.766897
858.803872,278,321.118885
1084.755817,319,321.454147
982.838747,310,321.780056
791.779286,266,322.060311
880.21152,279,323.344417
791.715411,301,323.729979
1038.609365,337,324.186679
1086.758316,335,324.620195
586.476333,215,324.847927
713.12347,259,325.128495
975.12594,327,325.523187
1216.127282,364,327.136522
1133.386592,346,327.498426
765.372379,269,327.787738
768.359864,256,328.049617
1104.870639,334,328.397412
525.767654,201,328.645789
701.811887,244,328.941512
758.919301,265,330.356554
1090.499514,360,330.910779
695.926104,233,331.260724
801.913435,272,331.697294
1105.950405,351,332.302136
460.146506,184,332.531984
1411.580361,418,332.96847
554.525036,203,334.343607
1003.302974,317,334.826361
1212.07339,357,335.263006
903.995611,288,335.565159
716.427736,248,335.863487
1114.370887,365,336.281512
785.75056,266,336.560213
1190.394391,364,337.80712
738.203532,249,338.066617
701.900608,244,338.326644
1137.078915,337,338.680894
1029.74419,319,339.021781
603.594503,222,339.261539
1370.962293,411,339.69535
869.60792,277,341.067911
855.049592,277,341.36131
752.402845,268,341.681107
1002.684219,333,342.028824
581.575703,209,342.469755
581.70553,217,342.705048
782.945081,260,342.98203
1022.550376,329,344.313544
716.994634,251,344.618288
690.845844,254,344.883186
695.844416,244,345.139317
922.659851,294,345.459471
1187.031483,349,345.929622
939.357827,308,346.255213
871.208249,283,347.827587
1191.759281,369,348.217107
815.811496,259,348.487841
941.352895,296,348.799206
616.908804,226,349.033048
769.846118,250,349.339651
1033.548262,315,349.693471
758.743851,269,349.978524
786.619518,276,351.311124
1058.040619,320,351.728885
586.568288,207,352.068098
910.069444,286,352.474713
1092.385175,339,352.832629
998.859057,313,353.161633
1330.05694,405,354.705774
691.681267,236,355.006565
1055.057566,329,355.557629
844.72282,294,355.872657
681.623198,232,356.262748
562.629577,209,356.493287
616.799741,237,356.760352
1473.948109,442,358.577794
906.142347,291,358.923083
768.518266,277,359.21498
944.137337,308,359.535292
941.579899,290,359.843502
722.707255,237,360.094879
950.729951,299,360.411297
976.409831,323,360.752854
866.275027,298,362.236552
1676.676782,499,363.167895
840.338768,287,363.473698
1201.750171,354,363.851046
897.467838,291,364.213369
718.759329,242,364.559442
1258.154244,405,366.468171
1343.417223,402,366.893595
933.401306,299,367.206902
1263.857386,393,367.617435
958.63437,294,367.936773
682.188152,231,368.297349
1229.324397,384,369.807421
1246.030355,357,370.214319
1271.015836,370,370.75515
959.144652,325,371.296519
1738.934324,518,372.336822
946.04861,289,373.822706
1121.361136,359,374.408791
738.507672,247,374.668521
939.401236,281,374.964392
449.893567,199,375.221761
1213.362928,367,375.6618
929.883661,304,375.981546
1276.305048,377,377.661711
716.577395,242,378.085061
861.235336,292,378.519522
1107.360734,347,378.958466
699.310344,247,379.222748
752.66308,266,379.499995
661.332836,223,379.735995
776.957662,251,379.998174
1231.176293,369,381.569848
1129.553593,354,381.937768
931.057043,303,382.340015
695.469843,232,382.623559
1337.596829,390,383.037416
618.190499,228,383.279976
1188.721665,357,384.912862
509.009631,196,385.181403
878.120627,288,385.635322
1369.408791,399,386.205813
1060.76233,334,386.56683
1482.653148,437,387.081604
1527.011995,459,388.66888
601.564522,232,388.911816
834.399698,274,389.277081
1175.13895,365,389.713159
924.347646,304,390.162421
1480.079865,438,390.651885
654.094818,230,392.054794
616.258831,233,392.303852
1570.988083,447,392.875563
1066.021562,333,393.395373
1215.806315,366,393.790787
611.714192,219,394.01407
734.211249,275,394.305175
1212.093688,374,395.934081
1070.508003,354,396.47822
718.99376,258,396.745327
991.486513,302,397.125345
984.341172,340,397.562301
1041.777891,338,397.928148
933.4709,305,399.398801
1743.614333,497,400.188143
767.870644,290,400.696281
666.424739,218,400.955663
1186.041487,361,401.371084
909.45806,294,401.683276
1531.706924,468,403.053371
956.492234,320,403.416581
793.396116,276,403.704242
853.07101,299,404.016602
871.608373,274,404.299779
570.946946,222,404.529704
1224.667413,373,404.917164
1390.117868,431,406.562786
823.653152,284,406.876978
1707.050209,495,407.659844
690.631557,243,407.923927
1598.183605,454,408.40653
889.32112,290,410.119454
1564.910395,456,410.836965
676.302032,242,411.15389
1173.690842,354,411.635452
863.138425,285,411.933434
1189.332214,353,412.414129
589.835603,222,412.651844
787.257643,264,414.468445
1016.346175,336,414.850583
802.330135,271,415.204286
1697.36768,507,415.863767
927.421972,297,416.254588
1174.629464,367,416.752915
1003.333619,299,418.281189
827.476449,275,418.592294
1518.216273,440,419.062094
940.243387,293,419.37053
1065.69738,331,419.855165
872.825665,289,420.20881
590.637965,228,420.448755
1025.187729,387,422.362233
540.516657,211,422.616596
1205.422198,356,423.079074
1012.962841,312,423.501512
1596.15929,479,424.140315
1792.211372,515,425.682278
1428.144089,426,426.124999
1025.095497,341,426.47819
563.050198,222,426.711608
897.38118,297,427.066254
673.949368,225,427.333742
709.827143,253,427.60295
1506.744008,450,429.535265
1345.332103,387,430.079548
1576.592627,450,430.67329
932.240045,287,431.060526
1194.613172,366,431.5657
1051.942844,338,433.167814
715.666762,242,433.43875
1058.301709,344,433.799371
1348.01843,412,434.234416
800.696267,259,434.507731
1328.826114,389,434.916973
718.547233,244,435.172964
1119.739588,352,436.887728
662.264682,232,437.222706
1599.422033,464,437.843504
853.254301,266,438.16321
1099.307308,352,438.665522
889.055158,290,439.030245
1519.182638,475,440.747151
703.885368,231,440.993983
750.104841,245,441.254207
770.898646,253,441.72322
1097.947169,334,442.154439
1696.579814,503,442.678343
1018.935194,320,444.220765
716.410664,240,444.599417
921.737319,306,445.141696
699.910624,235,445.467244
1244.836923,374,446.030696
1140.782773,352,446.500874
1146.947476,352,447.900909
1359.594805,403,448.32035
976.699515,316,448.654796
1192.254327,360,449.032094
1670.49612,450,449.555074
1918.709792,515,451.338755
1445.14633,410,452.143984
721.433236,234,452.474847
748.458934,259,452.812771
896.9888,284,453.27951
1156.86794,368,453.666049
608.191212,200,453.880507
1037.769009,325,455.22797
867.655012,275,455.610572
632.762363,215,455.91887
1372.964176,397,456.364477
967.595574,307,456.83892
772.600277,261,457.189057
634.639559,220,457.533598
1540.305667,445,459.309549
990.733176,299,459.641137
1012.349308,323,460.105933
1013.036688,318,460.488878
1819.904853,520,461.03655
768.335682,266,461.311717
940.016762,303,462.801871
1123.597078,333,463.357557
1109.616032,340,463.718133
917.974067,277,464.007198
681.225838,229,464.36985
1874.681932,514,465.050291
1009.304459,318,466.748279
891.016825,301,467.220374
955.057001,305,467.682055
1307.340618,372,468.198108
1183.746491,363,468.681112
1341.790458,396,469.190456
698.633801,259,470.535871
684.629104,239,470.836727
988.853004,310,471.171322
1513.711995,419,471.606412
1531.728456,447,472.068434
1161.859738,385,472.472546
1071.78535,342,473.771722
1686.870273,496,474.289156
1319.43767,393,474.734678
956.011807,301,475.156362
996.644814,316,475.646258
1164.153953,351,476.01196
1613.875523,480,477.733865
989.663999,305,478.101616
950.242473,301,478.485395
1225.286961,367,478.967712
1301.391061,389,479.459223
742.650903,248,479.71986
792.52045,268,480.917665
1287.931025,404,481.345765
1109.213784,330,481.703822
1350.896161,409,482.311833
663.314296,244,482.637193
1212.78586,389,483.047881
1208.966768,382,484.894222
1126.588866,360,485.269423
1316.351181,403,485.686331
1124.634318,335,486.119589
1211.825206,349,486.490899
1173.095211,377,488.149096
1168.727729,361,488.679388
1530.640342,447,489.469903
609.219644,221,489.743859
1389.33604,421,490.185992
1439.263505,419,490.628055
1096.695729,330,492.016075
947.947652,292,492.320827
915.787373,293,492.815065
1083.415619,347,493.246205
1459.886702,430,493.855585
1070.388371,344,494.225091
929.203835,295,495.686268
1128.170459,360,496.066342
810.536129,258,496.337924
646.131775,216,496.577732
666.27663,227,496.92579
631.344149,221,497.200052
457.961425,193,497.406512
1403.921548,396,498.825908
1268.567665,353,499.321735
1340.349139,404,499.743438
1978.832247,560,500.330736
666.272631,220,500.616994
1031.532004,325,501.129214
685.940235,244,502.590217
1549.390755,423,503.095528
643.386006,222,503.435925
1235.1202,339,504.038566
731.252861,254,504.459442
732.794097,252,504.788918
1054.869125,317,505.122033
892.591176,298,506.426056
922.994225,298,506.85885
1040.988933,314,507.291332
1370.946324,411,507.720228
982.388597,315,508.054398
2207.615457,592,510.025134
1288.00687,397,510.533242
1145.489152,346,510.897149
1405.323619,420,511.341119
1202.049305,352,511.711961
1647.895117,461,512.195797
1347.262602,392,513.827647
1668.394238,472,514.521103
610.924839,220,514.797984
1213.532687,354,515.167027
649.717122,216,515.391611
668.811402,222,515.630545
1095.310787,329,517.004574
1219.813815,372,517.438081
1383.270509,427,517.940497
955.166532,307,518.316688
964.108652,314,518.683037
1491.23646,472,519.291078
1006.763932,341,520.90585
1662.219009,476,521.491785
1434.429124,428,521.938697
1373.656842,408,522.560886
1464.835535,414,523.035445
677.170846,232,524.351354
1279.20561,397,524.803918
1096.68005,340,525.161701
721.600824,236,525.412781
1287.772627,383,526.010045
662.767491,221,526.36592
2001.70123,548,528.270629
511.455087,181,528.460382
835.244219,263,528.736936
1579.975413,423,529.18225
896.748498,291,529.549906
726.494457,247,529.804236
1043.485028,329,530.246861
1500.001906,436,531.886166
842.730596,280,532.180114
937.213098,299,532.568591
717.355617,251,532.982023
1187.123388,362,533.421449
2553.158123,684,535.598765
958.265718,290,536.058135
1174.467301,364,536.489162
1026.422304,321,536.828958
1603.782591,455,537.308482
661.903367,232,537.668355
1350.201068,410,539.090585
1035.879907,337,539.574229
1033.619775,297,539.917097
1638.623684,461,540.673502
1255.835305,377,541.226679
764.248457,261,541.546054
1727.217862,481,543.090812
674.629971,221,543.320483
896.52026,291,543.628651
1521.195052,438,544.280937
1274.870599,383,544.69098
682.61759,227,544.932562
1255.123892,372,546.501424
1219.327636,364,546.986411
1268.281668,366,547.37714
942.94777,298,547.693296
532.924952,207,547.910846
1077.257006,322,548.248713
991.230911,308,549.819955
880.217507,283,550.173051
1072.266104,330,550.626412
929.639463,310,551.011117
1814.848469,487,551.513252
954.889633,296,551.825481
1050.009489,325,553.340031
807.74051,257,553.633335
1541.691239,430,554.23928
1354.176295,388,554.776914
2530.104679,714,555.605467
1304.982774,356,557.269828
456.263727,195,557.477834
699.212936,241,557.791696
1243.321628,359,558.209418
1296.8801,392,558.717515
1227.428374,364,559.096262
1007.785848,328,560.582245
1509.921307,421,561.192332
1338.738193,382,561.619257
1257.498513,376,562.07882
1001.159374,334,562.463256
671.899419,218,562.691102
1266.486519,372,564.174739
1495.927827,438,564.637551
682.155716,244,564.898499
653.561852,212,565.121704
1339.759969,396,565.533248
1252.648451,402,566.099686
1044.061579,303,567.357797
1249.897305,366,567.736659
1307.840698,381,568.143829
1198.880996,349,568.51323
799.466669,271,568.800601
1149.367041,356,569.172371
1187.841661,357,570.746205
1267.82554,366,571.238628
667.120074,219,571.52957
1062.817702,341,571.907673
1190.010745,370,572.29632
659.987912,215,572.620538
1098.880468,334,573.00841
813.199355,273,574.507595
1171.585418,347,574.866585
1321.366367,400,575.277843
1498.520681,425,575.71747
2376.684178,637,576.479593
2717.486729,722,578.402323
742.777553,235,578.730025
1232.943232,342,579.133544
808.887709,243,579.501334
1504.750483,420,580.117165
1792.353797,485,582.117198
1180.757304,331,582.472538
1037.721497,309,582.799485
1636.929771,453,583.274627
1496.949269,431,583.72382
1750.546265,476,585.690428
1464.838492,434,586.158566
1588.534348,421,586.60141
1200.457223,363,587.014135
1007.64872,303,587.364114
2407.218408,679,589.383887
1362.158935,409,589.973746
1576.522452,451,590.438822
1178.14826,380,590.899124
1236.95998,374,591.297917
864.346045,267,592.782934
1328.502985,392,593.190852
1121.362661,340,593.596542
1659.070787,484,594.161134
1348.914739,390,594.570295
1581.77202,461,596.34089
2647.315052,732,597.116344
1396.918725,407,597.579447
987.313917,280,597.919152
694.289326,225,598.158593
2216.222624,600,600.084348
2612.846268,706,600.904077
1300.166574,387,601.313325
1185.43031,348,601.680652
1662.931185,452,603.408334
1072.515051,329,603.751431
898.810947,282,604.208586
1081.078334,319,604.609527
1561.576537,467,605.338229
1426.404486,456,607.052108
1359.992123,392,607.668462
1628.369674,473,608.165588
1452.293593,421,608.608852
1430.939133,411,609.04647
1191.818495,342,610.68988
1219.400373,361,611.25274
685.023653,225,611.61715
1534.367753,496,612.355353
1415.299265,406,612.952587
1194.648735,362,613.547465
936.835631,310,615.224118
1604.364018,497,615.982665
662.576327,217,616.290297
1467.752423,410,616.912029
1510.387664,450,617.442772
2055.487316,595,619.301407
1705.5312,478,619.838259
1259.57124,377,620.258714
855.305604,281,620.623924
1807.895781,506,621.306813
2137.248305,584,623.250042
905.010175,284,623.599095
718.786536,253,623.967017
1213.724952,367,624.538634
1324.602212,387,625.073718
1359.468554,400,626.69388
1118.074193,337,627.203202
1176.632152,344,627.582737
1623.617387,475,628.253405
948.148084,293,628.644989
572.545611,194,628.985963
2484.448099,654,630.927371
1262.862441,359,631.301653
1246.340245,383,631.700928
1058.019621,329,632.042727
2444.888819,648,634.258369
1382.921866,389,634.663728
796.000156,249,634.926673
938.94657,302,635.243859
2032.597718,555,635.823751
1022.920951,317,636.150232
1790.604933,501,638.215757
1679.029869,488,638.779734
1315.04351,378,639.328653
1341.78754,393,639.741054
1507.348815,438,640.199139
1114.578664,327,641.510249
2206.084698,619,642.265639
1464.882393,396,642.740036
1419.439908,421,643.391394
935.932194,302,644.908765
1215.712375,356,645.341068
816.319075,255,645.681177
1425.255606,394,646.196571
886.773244,290,646.64492
1198.134135,356,647.189332
1108.481211,340,647.544842
1320.642399,391,649.03722
1850.926108,490,649.553997
1296.555006,382,649.960577
1518.467839,441,650.517386
1904.578233,538,652.444095
1108.11878,330,652.858627
1156.566843,368,653.407109
1867.018206,519,654.179131
1576.184444,465,654.665391
1256.180265,347,656.344787
2519.809335,715,657.086758
1226.281416,370,657.589819
781.52214,261,657.860211
1748.102098,508,658.400843
1613.2436,440,659.886633
1518.488921,448,660.491931
1703.302895,504,661.051895
1280.893316,362,661.603503
1464.687604,424,662.961423
1020.7215,320,663.447397
1512.678235,430,663.976612
1260.981011,366,664.472257
1317.750214,386,664.902701
1296.33649,380,665.385585
1116.320807,341,667.271654
1689.301952,478,667.922774
722.751228,244,668.17912
1389.071612,407,668.607722
1421.592335,416,669.043086
935.054542,303,670.321115
790.731699,262,670.59761
750.162707,243,670.983928
1527.333579,427,671.428202
1329.959741,399,671.951799
1211.195746,353,672.314633
1073.157723,322,673.600318
1773.734675,506,674.137266
1298.163414,409,674.580348
1836.341022,509,675.155563
1325.278766,372,675.66449
1176.579417,351,677.328555
1822.499042,518,677.867963
1658.484668,457,678.342875
1347.497219,393,678.754888
2091.157679,588,680.413043
1351.677286,382,680.904713
1311.76915,398,681.484312
1725.917682,475,682.003547
1468.878078,439,682.498086
1465.791407,415,683.926676
1499.006398,424,684.371691
1226.114903,380,684.770916
1012.049063,320,685.104318
1914.957541,561,685.690567
1068.712053,325,687.198093
1376.884183,395,687.658291
1878.565542,511,688.265757
1358.627888,438,688.833951
1381.747485,413,689.328767
1919.946419,567,691.193043
2474.803826,684,692.161692
1329.97661,401,692.619876
1247.340926,363,693.139219
967.639332,298,694.499787
987.059454,308,694.908991
1375.404622,421,695.414225
1331.575355,374,695.811152
1229.022758,382,696.210196
933.491283,290,696.510108
1252.38449,381,698.187116
1303.986458,385,698.706897
1467.414849,416,699.141717
1728.635513,485,699.642938
1306.217617,383,700.10322
2107.96389,565,701.813555
1391.939974,398,702.231528
1377.636277,389,702.639284
1969.381136,549,703.214978
1311.328131,391,703.622994
1768.982608,495,705.444407
1277.157487,355,705.896829
1624.19037,455,706.372061
1172.45377,344,706.79305
1776.387326,477,708.425941
1344.017869,399,709.013675
1945.860154,532,709.563893
1555.590277,434,710.174051
582.844968,198,710.480629
2861.397844,760,712.271002
1836.011454,505,712.883884
1481.419586,409,713.423131
1000.860589,304,713.902185
3511.921731,960,716.755794
1784.691799,512,717.349278
1253.396294,378,717.821038
1386.71395,398,718.491942
2051.914498,583,720.218909
975.882034,315,720.664899
1372.524412,391,721.073811
1417.905135,395,721.486547
865.714602,277,721.774383
2165.977094,584,723.536898
1329.272321,403,724.154482
1510.581701,427,724.62537
1040.098517,316,724.952681
2726.369642,724,726.835453
1755.294257,494,727.350119
1048.453485,300,727.662125
755.809019,237,727.907883
1572.651982,513,728.679207
1083.72803,302,729.148036
1920.962669,534,730.899454
2403.829768,634,731.738254
1341.108136,365,732.281519
1476.201349,426,732.758496
1426.004257,397,734.527513
1334.290277,382,735.06595
1238.034292,366,735.579139
1969.375054,512,736.369063
647.600458,221,736.599359
1010.627234,310,737.032283
1580.861242,441,738.904686
2418.796441,632,739.788321
2455.626194,651,740.872567
3118.521452,802,742.908287
1372.362252,397,743.533694
2861.341129,722,744.460757
1797.28507,484,745.039315
1164.676874,345,746.648552
2292.3624,599,747.502753
977.765744,304,747.822007
1330.458619,377,748.238325
1383.699909,389,748.670154
1444.397186,420,750.352254
1918.897526,523,751.173319
2615.388527,676,752.016529
2523.566378,659,754.052757
938.825582,290,754.494259
1499.866384,421,755.109312
1470.976952,414,755.592053
1622.706705,460,756.368
459.378049,167,756.622534
462.006687,175,756.824811
2083.07025,545,758.898276
1188.832917,351,759.296485
1284.821514,382,759.789583
1024.665978,304,760.11302
1659.966486,460,760.666966
1227.737539,346,762.297269
3974.107331,993,763.720678
1875.350558,485,764.227965
1938.836127,536,765.90678
1186.480036,348,766.266645
3696.03625,910,767.236334
1200.236566,374,767.629068
1647.847654,466,769.41651
2060.69686,553,770.213347
1153.560223,364,770.593317
820.896309,265,770.869325
1358.169013,398,771.282892
2843.596204,745,773.435685
3582.287374,884,774.347128
2901.361522,741,776.011615
1604.998071,443,776.650506
2507.688841,652,777.616538
1012.564368,320,777.98697
1035.162972,322,778.321853
1405.676555,399,779.952491
566.118716,201,780.164448
3902.315406,943,781.261903
1209.524909,359,781.639279
1187.265477,357,783.057055
3578.645028,867,783.971244
1441.838136,420,784.416675
2618.746392,674,786.195002
1000.088384,315,786.612926
4072.01618,1000,787.75702
1892.403417,512,788.468754
2063.278702,548,790.54618
1757.91247,465,791.03879
1553.536855,444,791.552422
1873.299342,521,792.132275
4003.252989,1000,794.199825
1825.135526,491,794.784589
1464.059334,409,795.21098
4104.29678,1000,797.414187
3230.671704,861,798.408106
1964.762157,499,798.977666
2473.670084,642,800.809135
1427.009997,409,801.338614
923.526948,294,801.648953
1885.828298,510,802.262839
2312.684453,592,803.81774
3686.946792,917,804.76844
1399.056948,394,805.180659
945.316458,295,805.491362
2330.02675,628,806.896529
4046.130192,1000,807.928897
1127.760506,335,808.274613
1758.182758,516,809.605217
2616.177776,691,810.467782
1494.272503,421,810.90519
4023.861507,1000,812.911821
2690.176772,699,813.637376
3087.782907,802,814.817151
1434.440706,415,816.15816
1873.445872,506,816.685509
3231.371322,825,817.662925
3920.485353,958,820.372515
4078.617261,1000,821.482699
973.084526,300,821.94514
4022.440054,1000,824.347773
1683.294685,467,824.825862
2250.255489,600,825.477227
2562.521519,663,827.325751
2969.717719,801,828.156351
1202.908347,375,828.551051
3005.136106,761,830.564107
1789.932684,498,831.10176
2525.992089,670,831.850048
2403.266034,641,833.667386
1164.863616,359,834.223684
2210.672161,581,834.865897
3912.398594,1000,836.012302
1248.855785,366,837.434077
3457.128867,870,838.336397
1665.976904,482,838.876474
2700.658853,671,840.822638
1571.643535,453,841.439175
2757.954414,720,842.320013
1890.14464,555,842.905736
3806.568174,950,845.120848
1184.457027,348,845.482718
3561.656746,894,847.460297
3031.21449,731,848.438371
4270.297225,1000,849.785413
3040.224429,761,851.876761
1383.274223,399,852.290305
3304.966662,841,853.339439
4128.798012,1000,855.967186
2456.341785,659,856.882447
1974.24656,523,857.488336
4022.514167,1000,859.847352
2519.487561,657,860.564713
4155.44917,1000,862.913619
4057.774326,1000,863.98951
3556.274676,907,866.422258
1460.201989,419,866.858156
2556.206527,649,867.525493
4047.650913,1000,870.030537
1255.716778,375,870.523171
1032.304301,320,870.862669
4090.949812,1000,872.234747
1875.947486,517,874.066045
2556.708946,653,874.878123
4008.084975,978,877.450863
2687.425959,704,878.270144
4023.180197,1000,879.603905
1807.269012,495,881.345351
1709.511914,467,881.912761
1658.920111,481,882.439081
1822.379222,515,883.202781
4061.241067,1000,885.253886
3210.763416,852,886.140121
4055.969775,1000,888.145137
3896.419517,1000,889.201302
2149.192064,586,889.970722
4294.418721,1000,892.303718
1514.36789,435,892.927287
2499.683077,654,894.676103
3470.631778,843,895.876927
1512.246522,418,896.319904
2301.071171,586,896.970084
4058.098919,1000,899.082923
3629.517796,871,900.040745
4135.296652,1000,902.38882
3953.738175,1000,903.660968
2111.236961,574,905.527899
4263.635957,1000,906.789361
3054.044236,770,907.774802
1875.350025,525,909.879216
1982.074376,530,910.541692
4014.143605,997,911.813183
3970.266774,1000,914.016885
