#{"t_start": 1533208218.26495, "env_id": "Swimmer-v2"}
r,l,t
-4.690466,1000,0.445532
-22.270527,1000,0.892262
-20.677209,1000,1.893205
-15.603614,1000,2.350883
-15.356092,1000,3.290676
-2.816932,1000,3.740345
-18.914013,1000,4.618984
-21.358668,1000,5.068649
14.569081,1000,5.942244
-2.349846,1000,6.391355
-4.183158,1000,7.296087
3.196203,1000,7.747057
16.863018,1000,8.739921
11.096412,1000,9.191839
8.554832,1000,10.100565
43.858857,1000,10.554152
17.411344,1000,11.48858
52.026838,1000,11.9389
51.327935,1000,12.839508
43.19024,1000,13.302168
36.122769,1000,14.199936
8.416607,1000,14.659156
38.480442,1000,15.54738
17.578086,1000,16.012324
22.807109,1000,16.888238
15.238382,1000,17.353345
35.509537,1000,18.229138
18.194694,1000,18.696758
16.22288,1000,19.579011
18.512617,1000,20.046461
18.231278,1000,20.939859
20.618297,1000,21.431906
22.274978,1000,22.333043
23.126397,1000,22.844792
49.76399,1000,23.81199
36.131721,1000,24.336398
22.096933,1000,25.297171
35.550419,1000,25.815166
21.895329,1000,26.768756
45.564346,1000,27.226645
19.656154,1000,28.158517
20.662757,1000,28.62189
26.816213,1000,29.081467
23.236261,1000,30.034083
24.368072,1000,30.513024
16.758437,1000,31.502715
20.354721,1000,31.98806
20.811236,1000,32.967247
15.961804,1000,33.437608
31.458949,1000,34.396769
23.502083,1000,34.863017
36.84226,1000,35.81378
20.143943,1000,36.281922
35.905287,1000,37.236656
20.872322,1000,37.704831
19.076942,1000,38.656765
23.90996,1000,39.124318
30.250575,1000,40.081801
34.387314,1000,40.539732
21.882613,1000,41.521615
22.304053,1000,41.985427
24.432679,1000,42.892711
18.65396,1000,43.353677
30.449991,1000,44.29631
35.977538,1000,44.76101
42.258184,1000,45.657759
48.731679,1000,46.13365
31.426766,1000,47.035687
44.46882,1000,47.503477
38.417637,1000,48.399164
30.395039,1000,48.870394
51.28717,1000,49.781608
39.161613,1000,50.24044
35.867103,1000,51.124187
38.216805,1000,51.58302
42.85704,1000,52.473812
34.295552,1000,52.935079
29.69841,1000,53.82346
31.564527,1000,54.283298
34.2918,1000,55.176447
31.634697,1000,55.641675
31.786318,1000,56.549368
29.751907,1000,57.018182
34.963491,1000,57.950445
25.425273,1000,58.418852
36.2874,1000,58.945066
39.305009,1000,59.81991
36.750385,1000,60.344774
35.794128,1000,61.221672
28.477931,1000,61.686163
35.523526,1000,62.590784
34.134458,1000,63.064819
35.616878,1000,63.997659
40.192863,1000,64.488019
34.422594,1000,65.404105
36.7389,1000,65.874582
37.778182,1000,66.831252
33.345514,1000,67.322207
35.758185,1000,68.244272
34.826272,1000,68.714258
34.875873,1000,69.587281
36.994874,1000,70.061857
38.41179,1000,70.962694
35.833751,1000,71.434687
39.10634,1000,72.402552
37.198627,1000,72.877005
37.612826,1000,73.818959
39.031068,1000,74.291178
38.803562,1000,75.239243
40.356283,1000,75.705375
38.053711,1000,76.58685
42.728109,1000,77.053967
39.986401,1000,77.935899
38.082057,1000,78.402881
38.051939,1000,79.281426
43.162478,1000,79.747985
42.83053,1000,80.632079
37.814078,1000,81.097614
39.670708,1000,81.981287
39.732347,1000,82.447869
42.220133,1000,83.323574
43.161557,1000,83.790179
42.715783,1000,84.67409
44.540843,1000,85.140408
44.077958,1000,86.034682
44.447144,1000,86.498413
43.179504,1000,87.44487
40.392962,1000,87.907768
38.850298,1000,88.374214
38.084167,1000,89.287425
44.599465,1000,89.778026
39.588407,1000,90.662821
42.579433,1000,91.128735
42.088148,1000,92.009725
42.64275,1000,92.47096
41.048188,1000,93.393634
43.049631,1000,93.853883
41.302126,1000,94.754563
41.744587,1000,95.220121
38.933472,1000,96.170245
43.324666,1000,96.636804
42.334874,1000,97.559704
42.717942,1000,98.028244
42.643378,1000,98.944144
47.18148,1000,99.409764
45.104893,1000,100.312318
39.527828,1000,100.779764
44.261988,1000,101.671479
42.284102,1000,102.142833
41.945756,1000,103.038723
38.55627,1000,103.503637
41.85733,1000,104.44512
39.452036,1000,104.910529
41.768538,1000,105.795678
43.429536,1000,106.26137
43.694434,1000,107.128033
40.426136,1000,107.593799
42.334876,1000,108.462136
43.588862,1000,108.927914
39.704457,1000,109.793453
48.841107,1000,110.257602
41.114368,1000,111.12392
41.930537,1000,111.58854
36.000026,1000,112.456033
45.053761,1000,112.925323
42.073277,1000,113.792603
42.245474,1000,114.261317
50.426793,1000,115.129688
40.172192,1000,115.592763
37.587294,1000,116.463954
45.595442,1000,116.92742
43.120582,1000,117.399545
40.427527,1000,118.265279
38.480702,1000,118.742845
41.540266,1000,119.610192
37.568728,1000,120.075348
40.281509,1000,120.955281
39.696004,1000,121.419487
43.904782,1000,122.312302
41.583759,1000,122.801549
42.493141,1000,123.697005
42.053562,1000,124.16186
43.270765,1000,125.038828
42.51552,1000,125.505197
45.001098,1000,126.393542
39.854327,1000,126.857908
38.943063,1000,127.74817
42.513249,1000,128.213116
41.024214,1000,129.083491
41.654942,1000,129.547487
39.362393,1000,130.454777
42.46316,1000,130.919093
42.453745,1000,131.84032
43.174164,1000,132.305039
42.244593,1000,133.239274
40.733926,1000,133.701705
42.515991,1000,134.642164
42.912988,1000,135.107517
44.682517,1000,135.979375
43.928771,1000,136.445901
43.049007,1000,137.338496
43.415692,1000,137.798952
46.365988,1000,138.748435
44.498895,1000,139.214099
46.587,1000,140.104504
38.439709,1000,140.569077
40.819483,1000,141.455165
45.401724,1000,141.918941
47.710627,1000,142.830175
44.213399,1000,143.301531
45.624033,1000,144.242179
48.012203,1000,144.720924
45.892078,1000,145.646475
45.50059,1000,146.12831
46.760715,1000,146.598607
46.599367,1000,147.525683
52.157006,1000,147.987483
44.528676,1000,148.909603
48.594563,1000,149.369687
49.142464,1000,150.335822
46.678062,1000,150.803081
50.807183,1000,151.740201
48.028311,1000,152.207264
50.946916,1000,153.162541
50.152527,1000,153.629399
56.495883,1000,154.553846
52.323673,1000,155.011152
56.815734,1000,155.976153
55.199726,1000,156.470988
42.917317,1000,157.43098
52.364067,1000,157.902201
55.552335,1000,158.84101
51.554594,1000,159.31944
54.014206,1000,160.207357
6.477342,1000,160.666076
55.222891,1000,161.544972
51.770564,1000,162.039106
52.970069,1000,162.927984
56.776172,1000,163.411504
54.797317,1000,164.297779
55.777221,1000,164.772154
50.350628,1000,165.678002
60.398047,1000,166.198058
54.249437,1000,167.073193
54.002753,1000,167.585389
54.030439,1000,168.463476
58.088512,1000,168.963667
56.029883,1000,169.851217
55.601578,1000,170.342803
52.749505,1000,171.236778
63.275512,1000,171.717911
57.806812,1000,172.637825
60.875343,1000,173.09989
54.589078,1000,173.963148
56.443244,1000,174.424005
54.215012,1000,174.885636
61.529076,1000,175.796286
60.490278,1000,176.260675
59.368873,1000,177.151564
60.369419,1000,177.611838
62.217895,1000,178.496515
51.737529,1000,178.959996
60.730337,1000,179.94506
53.330708,1000,180.415951
62.406797,1000,181.361948
57.281969,1000,181.839178
63.549973,1000,182.75492
49.98033,1000,183.220727
63.796953,1000,184.189177
64.058563,1000,184.654822
64.586825,1000,185.644575
58.675818,1000,186.113096
44.542441,1000,187.068429
60.267326,1000,187.535348
69.702036,1000,188.496916
66.203894,1000,188.964376
58.24595,1000,189.921996
55.643656,1000,190.390772
56.119346,1000,191.345747
65.813222,1000,191.811912
56.391699,1000,192.759189
63.985402,1000,193.226635
57.650852,1000,194.161359
61.539146,1000,194.623094
58.453457,1000,195.552123
63.47509,1000,196.010433
68.670383,1000,196.941862
59.83467,1000,197.400113
66.219084,1000,198.332302
57.901522,1000,198.790185
60.743443,1000,199.724478
66.286292,1000,200.186756
62.711222,1000,201.124454
63.977938,1000,201.588584
57.854953,1000,202.56349
59.234139,1000,203.026207
64.407773,1000,203.987271
71.779936,1000,204.446749
62.177128,1000,204.921928
63.787596,1000,205.885587
67.296432,1000,206.362217
64.623326,1000,207.315389
68.263434,1000,207.788553
60.950221,1000,208.696176
58.816175,1000,209.153465
62.460761,1000,210.093095
70.109499,1000,210.552143
68.152535,1000,211.508421
74.190193,1000,211.971374
64.983152,1000,212.879092
71.26374,1000,213.343334
70.680019,1000,214.268826
74.565326,1000,214.730994
73.547002,1000,215.695302
75.870928,1000,216.150085
77.151549,1000,217.091402
71.220958,1000,217.548559
73.706371,1000,218.484089
77.169795,1000,218.946779
72.139782,1000,219.883526
77.614023,1000,220.355146
77.790682,1000,221.316098
77.715605,1000,221.785819
77.660348,1000,222.729877
71.259983,1000,223.202189
76.593664,1000,224.134261
70.255465,1000,224.597382
83.541414,1000,225.527613
77.11378,1000,225.989998
77.16634,1000,226.962086
53.786282,1000,227.424345
76.382355,1000,228.375589
65.068501,1000,228.835515
65.866204,1000,229.825181
65.044617,1000,230.29941
46.425846,1000,231.26599
75.180484,1000,231.724285
75.693905,1000,232.710984
73.565284,1000,233.16975
70.869021,1000,234.153571
86.411852,1000,234.612748
82.040499,1000,235.099688
89.326586,1000,236.039849
77.08655,1000,236.498352
82.80137,1000,237.43794
81.226845,1000,237.913041
88.084404,1000,238.797047
86.797835,1000,239.255146
79.80065,1000,240.112053
73.9885,1000,240.569594
89.700126,1000,241.425948
68.025389,1000,241.884792
62.586531,1000,242.742551
85.079128,1000,243.201249
87.573025,1000,244.062085
82.34549,1000,244.519236
74.17617,1000,245.376476
81.8916,1000,245.833015
73.262571,1000,246.733407
87.13661,1000,247.190557
83.662162,1000,248.066969
81.6695,1000,248.525642
89.573207,1000,249.476245
84.672174,1000,249.935545
85.056049,1000,250.897947
88.63655,1000,251.354656
86.726259,1000,252.309167
87.443728,1000,252.766393
77.226707,1000,253.744113
87.356519,1000,254.211777
82.283407,1000,255.17494
88.15515,1000,255.643346
84.599608,1000,256.616902
81.650912,1000,257.085036
17.336334,1000,258.017025
80.729968,1000,258.486178
82.635651,1000,259.424305
87.694703,1000,259.89326
83.161967,1000,260.834403
86.645711,1000,261.304246
74.402237,1000,262.283493
81.865047,1000,262.745523
83.362395,1000,263.710718
81.753148,1000,264.178231
86.661327,1000,264.643995
69.351315,1000,265.601856
78.346686,1000,266.069286
82.445698,1000,267.020971
84.770004,1000,267.488096
85.912368,1000,268.464769
83.912084,1000,268.93057
85.034369,1000,269.842103
85.171921,1000,270.310216
70.462944,1000,271.222324
85.67917,1000,271.690038
86.220841,1000,272.597626
74.472384,1000,273.06994
73.091471,1000,274.025778
87.1371,1000,274.499567
85.942164,1000,275.404508
75.828061,1000,275.874999
77.057525,1000,276.774722
84.41268,1000,277.259641
65.847932,1000,278.159402
89.868572,1000,278.643567
87.396985,1000,279.540363
85.263385,1000,280.024889
89.471439,1000,280.918641
87.189794,1000,281.404953
70.58184,1000,282.308676
90.514593,1000,282.780411
88.12185,1000,283.654335
87.702207,1000,284.138051
73.802909,1000,285.034501
87.890526,1000,285.526592
85.083086,1000,286.415465
72.99434,1000,286.886322
90.113904,1000,287.75606
71.202871,1000,288.215574
91.738186,1000,289.09892
72.885449,1000,289.55867
83.955568,1000,290.42257
88.098359,1000,290.882096
83.330453,1000,291.747364
92.385815,1000,292.206474
82.69578,1000,293.079967
90.552579,1000,293.539479
91.224368,1000,294.000161
88.322975,1000,294.872995
88.843756,1000,295.332505
84.439084,1000,296.216095
91.46269,1000,296.675762
90.105986,1000,297.622406
90.071008,1000,298.081735
88.337945,1000,298.977325
85.747853,1000,299.445026
86.85144,1000,300.332726
85.364945,1000,300.800613
93.304351,1000,301.686114
37.129607,1000,302.154513
86.004434,1000,303.040709
37.480273,1000,303.516352
85.225376,1000,304.396077
90.237863,1000,304.875725
90.621157,1000,305.750103
73.140919,1000,306.234432
92.157607,1000,307.104792
88.011067,1000,307.592645
88.247484,1000,308.46286
89.58023,1000,308.949003
83.072346,1000,309.820041
91.373544,1000,310.326442
90.057023,1000,311.197485
93.194271,1000,311.66947
90.126808,1000,312.546398
91.307163,1000,313.027388
91.447817,1000,313.927277
87.710975,1000,314.394789
92.981179,1000,315.295778
93.097888,1000,315.755336
91.117959,1000,316.679418
71.880366,1000,317.142702
90.760964,1000,318.084305
69.235311,1000,318.553125
88.316551,1000,319.495603
93.485556,1000,319.962502
92.0834,1000,320.892747
92.764054,1000,321.362484
95.324235,1000,322.288501
88.273861,1000,322.747208
85.991479,1000,323.220117
95.202108,1000,324.089818
91.549857,1000,324.556125
93.292062,1000,325.435539
93.80306,1000,325.897169
92.485636,1000,326.858715
97.55729,1000,327.327761
87.348931,1000,328.288165
95.434694,1000,328.777496
95.626915,1000,329.742107
88.774676,1000,330.255077
96.46422,1000,331.206058
89.655226,1000,331.679523
96.902504,1000,332.624346
90.80736,1000,333.143512
92.717279,1000,334.053542
92.558931,1000,334.527075
96.117433,1000,335.412401
96.093947,1000,335.88449
96.20606,1000,336.772487
93.845447,1000,337.238947
96.009735,1000,338.131499
98.472042,1000,338.597586
89.785724,1000,339.494173
89.334175,1000,339.959991
76.57691,1000,340.922701
90.449434,1000,341.389259
97.479736,1000,342.346772
66.089063,1000,342.810848
96.339268,1000,343.709579
93.046722,1000,344.171468
94.160656,1000,345.056576
86.61053,1000,345.519258
93.156363,1000,346.458971
95.765272,1000,346.918801
95.884671,1000,347.891664
97.605284,1000,348.352265
91.2839,1000,349.358638
100.153361,1000,349.820608
66.270373,1000,350.728225
96.126396,1000,351.188459
92.0787,1000,351.650162
91.02848,1000,352.523821
92.959915,1000,352.985944
95.806751,1000,353.865535
100.370571,1000,354.32825
65.029868,1000,355.203305
99.421852,1000,355.664644
97.562583,1000,356.540169
100.050501,1000,357.001312
96.748794,1000,357.87335
102.255652,1000,358.334036
94.983327,1000,359.205352
97.181161,1000,359.664461
99.051088,1000,360.529612
99.299871,1000,360.990943
94.506458,1000,361.855546
94.110769,1000,362.322596
101.130433,1000,363.18745
76.299179,1000,363.651049
96.31685,1000,364.514374
93.116375,1000,364.974895
95.57393,1000,365.837681
95.961064,1000,366.30058
96.290046,1000,367.164121
85.505398,1000,367.626082
83.161495,1000,368.550524
95.043482,1000,369.013258
103.41267,1000,369.901856
99.382372,1000,370.366138
96.384341,1000,371.261018
87.047116,1000,371.724044
98.818284,1000,372.632488
95.80428,1000,373.098675
99.266662,1000,374.028166
97.731173,1000,374.491683
57.281011,1000,375.416803
103.576965,1000,375.88032
100.789219,1000,376.822482
101.398767,1000,377.28611
102.989012,1000,378.172477
96.506673,1000,378.640187
99.176363,1000,379.54426
100.309986,1000,380.007274
102.385656,1000,380.470357
97.776462,1000,381.346774
102.171164,1000,381.808589
102.189545,1000,382.704147
100.406435,1000,383.170779
95.888783,1000,384.105306
99.280095,1000,384.566735
97.204549,1000,385.454927
99.852639,1000,385.92181
75.934958,1000,386.80662
98.798271,1000,387.277962
92.470143,1000,388.168724
95.727574,1000,388.639061
95.716583,1000,389.593033
99.565061,1000,390.060499
98.405489,1000,390.961053
96.955588,1000,391.424958
98.982149,1000,392.326482
94.6853,1000,392.788982
95.902683,1000,393.762725
99.849689,1000,394.220319
98.895174,1000,395.139953
93.891382,1000,395.598249
95.551708,1000,396.497457
96.756325,1000,396.959575
96.081522,1000,397.857469
94.667851,1000,398.321087
76.32536,1000,399.234776
92.139534,1000,399.690698
93.768568,1000,400.613864
99.699748,1000,401.072538
98.778101,1000,401.946966
101.142863,1000,402.406577
97.657486,1000,403.297443
92.306347,1000,403.756626
96.882685,1000,404.699379
103.561119,1000,405.15688
94.01948,1000,406.028621
98.626647,1000,406.489323
68.453781,1000,407.362433
96.709659,1000,407.824531
92.611045,1000,408.687733
99.079873,1000,409.154536
103.500071,1000,409.612667
92.553424,1000,410.485395
104.44982,1000,410.941982
96.268845,1000,411.812865
102.946919,1000,412.270284
97.412303,1000,413.177369
81.809287,1000,413.636047
98.321696,1000,414.576372
98.306723,1000,415.03349
97.981837,1000,416.016557
99.422908,1000,416.475443
102.89194,1000,417.395267
102.627448,1000,417.85181
96.729717,1000,418.745242
101.220951,1000,419.203019
101.144809,1000,420.09496
95.965324,1000,420.552575
101.402209,1000,421.474721
100.270038,1000,421.960174
72.723287,1000,422.854657
101.000084,1000,423.347593
80.260916,1000,424.213645
100.850365,1000,424.676384
97.621547,1000,425.553146
74.236061,1000,426.022752
99.116062,1000,426.90016
62.964607,1000,427.401345
59.170934,1000,428.288161
75.617524,1000,428.750593
97.185212,1000,429.670849
40.519319,1000,430.136974
98.05288,1000,431.033361
103.827122,1000,431.495406
74.096182,1000,432.380183
97.151056,1000,432.84051
102.08188,1000,433.759969
99.4227,1000,434.269015
104.419826,1000,435.204926
69.194241,1000,435.711168
78.911786,1000,436.644602
74.384603,1000,437.116631
99.713244,1000,438.109992
98.224881,1000,438.614867
68.816268,1000,439.078544
76.466947,1000,440.049458
100.750231,1000,440.510801
101.487183,1000,441.471766
101.454782,1000,441.936952
53.087334,1000,442.882279
105.118581,1000,443.347408
100.545618,1000,444.311346
102.018217,1000,444.77452
97.391954,1000,445.664659
101.20952,1000,446.130651
45.574221,1000,447.017246
98.635943,1000,447.482517
102.10889,1000,448.363557
103.648354,1000,448.831043
83.859351,1000,449.710227
87.93936,1000,450.181037
103.333139,1000,451.053681
101.696616,1000,451.525679
99.344617,1000,452.396561
104.164782,1000,452.868192
88.489249,1000,453.736854
105.382181,1000,454.210092
101.038251,1000,455.085864
92.92993,1000,455.574857
92.29205,1000,456.445594
104.486626,1000,456.913514
74.986735,1000,457.783458
103.581627,1000,458.25047
103.871667,1000,459.116701
87.506613,1000,459.582662
99.877396,1000,460.466056
107.143472,1000,460.933527
95.349122,1000,461.8088
105.303269,1000,462.274605
102.751357,1000,463.163265
102.253268,1000,463.628277
95.83294,1000,464.574713
106.378768,1000,465.040073
89.737969,1000,465.94253
103.815146,1000,466.414828
105.317514,1000,467.315161
103.846897,1000,467.78353
101.845694,1000,468.254064
82.994389,1000,469.205719
102.318597,1000,469.67226
105.811835,1000,470.606416
100.073883,1000,471.07308
109.84064,1000,472.027001
105.980376,1000,472.544702
96.943104,1000,473.483386
107.985216,1000,473.953265
88.184638,1000,474.904911
107.789599,1000,475.373264
108.974583,1000,476.292748
102.66455,1000,476.749718
108.454441,1000,477.669864
97.63527,1000,478.126491
105.282828,1000,479.007721
105.575519,1000,479.464211
106.026803,1000,480.345821
103.744342,1000,480.803796
105.621138,1000,481.686327
106.219211,1000,482.14529
108.569288,1000,483.044206
78.043082,1000,483.517776
73.668339,1000,484.430608
105.562791,1000,484.900664
102.914971,1000,485.807036
71.346333,1000,486.280527
106.002377,1000,487.205793
108.450836,1000,487.672564
112.019942,1000,488.592479
66.565567,1000,489.057994
74.714567,1000,489.977396
70.354734,1000,490.442498
108.354542,1000,491.391799
107.773622,1000,491.853819
108.595667,1000,492.803723
106.057881,1000,493.266081
103.431562,1000,494.212824
107.424063,1000,494.695965
100.273754,1000,495.610026
102.66712,1000,496.07964
107.277746,1000,496.970326
102.327004,1000,497.432974
102.353475,1000,497.896242
101.848847,1000,498.785751
107.427536,1000,499.26203
103.356319,1000,500.156888
107.05036,1000,500.622347
103.919398,1000,501.557447
73.72889,1000,502.025193
106.452426,1000,502.981307
102.680717,1000,503.445135
106.235081,1000,504.413215
104.206369,1000,504.918545
46.963959,1000,505.896065
109.442445,1000,506.395591
101.958021,1000,507.371243
103.414417,1000,507.863042
68.762206,1000,508.845262
104.59158,1000,509.332357
105.282884,1000,510.3104
84.905853,1000,510.798652
102.40592,1000,511.731896
106.825337,1000,512.211455
96.693715,1000,513.157893
105.613674,1000,513.629962
104.951508,1000,514.581304
109.319011,1000,515.084534
105.181465,1000,515.958833
100.719173,1000,516.468812
112.323619,1000,517.395483
107.464703,1000,517.859964
57.423656,1000,518.856315
82.957716,1000,519.315616
101.644176,1000,520.267121
108.524185,1000,520.76371
108.004327,1000,521.704586
101.748499,1000,522.192247
106.134591,1000,523.059943
67.286213,1000,523.524976
112.750604,1000,524.438755
105.517167,1000,524.902245
103.251019,1000,525.809709
106.996632,1000,526.271514
90.587707,1000,526.733211
48.295962,1000,527.616502
106.029725,1000,528.079703
102.947965,1000,528.982306
109.399515,1000,529.454
102.99743,1000,530.340923
112.345253,1000,530.801594
113.19275,1000,531.681857
103.32824,1000,532.149776
105.363469,1000,533.118311
112.543334,1000,533.617487
108.175836,1000,534.579365
101.588637,1000,535.055172
107.015463,1000,536.008691
109.466423,1000,536.473491
105.115071,1000,537.383213
108.114608,1000,537.845411
107.336759,1000,538.745371
112.828915,1000,539.253178
112.84014,1000,540.143179
107.995565,1000,540.654609
101.069894,1000,541.642356
107.106085,1000,542.110646
114.127234,1000,543.094991
108.010438,1000,543.561705
113.486939,1000,544.490113
108.01177,1000,544.982088
109.015341,1000,545.878453
104.215085,1000,546.379539
111.74564,1000,547.285573
111.276284,1000,547.774978
111.0742,1000,548.694957
110.24914,1000,549.163179
108.121208,1000,550.087471
111.645579,1000,550.554542
109.288142,1000,551.508284
106.772779,1000,551.974173
108.169319,1000,552.935441
110.466896,1000,553.40466
111.280834,1000,554.361176
107.900962,1000,554.836109
103.656138,1000,555.786063
109.890006,1000,556.262522
109.241809,1000,556.731336
107.179623,1000,557.680746
110.868955,1000,558.147892
108.066282,1000,559.114863
112.326217,1000,559.583481
105.410751,1000,560.522477
109.069644,1000,560.990097
108.771489,1000,561.940287
109.522936,1000,562.409228
108.887699,1000,563.377216
111.340484,1000,563.867452
110.424527,1000,564.800764
109.229561,1000,565.268873
109.201811,1000,566.126635
106.355846,1000,566.586076
107.816061,1000,567.443093
109.433018,1000,567.900882
105.847948,1000,568.770592
109.311577,1000,569.236402
41.213769,1000,570.097962
107.454163,1000,570.559662
109.532382,1000,571.460119
110.608816,1000,571.920858
106.182008,1000,572.863106
112.426908,1000,573.327347
107.524026,1000,574.242772
110.613262,1000,574.702849
109.977329,1000,575.57077
111.96622,1000,576.028639
109.166925,1000,576.904308
106.420105,1000,577.361817
103.650577,1000,578.232791
108.999771,1000,578.690343
106.413163,1000,579.560197
108.280778,1000,580.019115
109.752074,1000,580.8884
108.251646,1000,581.347971
104.144787,1000,582.293463
105.765835,1000,582.76041
107.257591,1000,583.740962
104.453308,1000,584.200323
106.207808,1000,585.122245
107.477082,1000,585.581211
110.140864,1000,586.057486
108.629315,1000,587.01215
109.306561,1000,587.47439
106.900801,1000,588.420218
108.446309,1000,588.895974
104.683225,1000,589.828973
107.662047,1000,590.295502
107.516806,1000,591.232878
103.968316,1000,591.701363
106.191655,1000,592.633186
110.450898,1000,593.095141
105.205922,1000,594.003491
44.917278,1000,594.471949
106.901322,1000,595.494182
106.584925,1000,595.958783
104.105994,1000,596.875222
102.726189,1000,597.417428
105.240566,1000,598.385003
100.032373,1000,598.912508
109.742402,1000,599.891268
107.729626,1000,600.422082
103.36885,1000,601.369056
107.138946,1000,601.889457
106.925176,1000,602.816929
106.230758,1000,603.332709
104.157173,1000,604.18908
110.833536,1000,604.710168
107.571981,1000,605.569153
107.941298,1000,606.041227
111.486922,1000,606.904915
108.554534,1000,607.364335
110.197744,1000,608.231988
109.456372,1000,608.689809
98.461296,1000,609.580485
107.289527,1000,610.039448
101.237549,1000,610.941575
105.880979,1000,611.398401
107.011778,1000,612.31973
106.983949,1000,612.777173
105.341887,1000,613.718422
104.308487,1000,614.176081
106.024732,1000,615.051392
108.813564,1000,615.508211
110.113164,1000,615.966946
110.342337,1000,616.86051
106.093352,1000,617.32661
110.226812,1000,618.222944
108.310086,1000,618.690389
108.304884,1000,619.57809
109.43477,1000,620.044194
109.697541,1000,620.927794
102.510644,1000,621.395037
102.947409,1000,622.27568
105.625004,1000,622.742666
38.474232,1000,623.623555
106.835612,1000,624.090673
21.821564,1000,624.967893
109.686774,1000,625.43807
112.848303,1000,626.308106
99.126843,1000,626.774573
108.125836,1000,627.645192
108.512992,1000,628.112131
105.887033,1000,628.98197
108.572148,1000,629.447984
107.464835,1000,630.33348
111.022422,1000,630.82453
111.037927,1000,631.709811
110.454706,1000,632.176753
106.60636,1000,633.047588
111.021017,1000,633.512512
112.845467,1000,634.383334
109.50995,1000,634.85014
110.686892,1000,635.728138
104.249417,1000,636.194233
107.856646,1000,637.08574
114.782423,1000,637.553489
113.351974,1000,638.472631
109.926022,1000,638.93155
115.569774,1000,639.82237
110.352344,1000,640.287366
112.756725,1000,641.188858
111.011611,1000,641.655686
107.834108,1000,642.535213
112.255493,1000,643.00316
110.884824,1000,643.887957
111.502699,1000,644.354817
114.011987,1000,644.821621
113.6847,1000,645.70759
106.91591,1000,646.175287
110.520165,1000,647.119082
105.262249,1000,647.577261
112.850182,1000,648.503865
114.31279,1000,648.96113
105.60184,1000,649.838882
111.242783,1000,650.295744
110.339046,1000,651.164283
104.246244,1000,651.620471
101.571079,1000,652.482234
107.692466,1000,652.938181
107.82602,1000,653.795094
106.798603,1000,654.252811
105.023725,1000,655.108971
100.633157,1000,655.565702
111.425941,1000,656.421109
109.820955,1000,656.879958
111.199784,1000,657.74082
110.169281,1000,658.202963
70.426937,1000,659.063572
111.868786,1000,659.520707
102.195359,1000,660.378042
106.577522,1000,660.835359
38.341371,1000,661.694684
109.347077,1000,662.152
102.943769,1000,663.024467
104.137869,1000,663.483318
103.523664,1000,664.352823
98.367615,1000,664.811189
102.913862,1000,665.675355
106.399893,1000,666.133693
106.22548,1000,666.99666
112.783646,1000,667.458797
105.363579,1000,668.328526
105.642453,1000,668.792743
111.917868,1000,669.655221
109.090486,1000,670.119388
-5.594508,1000,670.981277
109.666719,1000,671.440588
103.098877,1000,672.294337
103.057121,1000,672.752666
110.119909,1000,673.213185
106.994888,1000,674.071234
-5.134942,1000,674.534784
99.069185,1000,675.393184
108.766268,1000,675.853851
102.528253,1000,676.711396
106.428717,1000,677.179973
105.231219,1000,678.039068
106.409733,1000,678.538707
110.432513,1000,679.400762
108.441278,1000,679.89634
107.170291,1000,680.771625
104.851349,1000,681.252974
105.413574,1000,682.168736
110.719854,1000,682.646486
111.927473,1000,683.571828
106.379811,1000,684.04397
107.004604,1000,684.958868
110.79521,1000,685.417294
109.462006,1000,686.306798
108.04909,1000,686.764392
111.517937,1000,687.665347
109.985247,1000,688.134263
111.20679,1000,689.126807
112.452437,1000,689.646024
105.090873,1000,690.632632
102.949569,1000,691.143399
104.422606,1000,692.019621
106.537289,1000,692.483217
105.430671,1000,693.406094
102.441967,1000,693.870438
98.784077,1000,694.755485
96.401654,1000,695.218966
104.707707,1000,696.103029
103.556423,1000,696.565304
104.549106,1000,697.444805
104.786359,1000,697.908986
95.786007,1000,698.790875
104.704132,1000,699.254018
105.586665,1000,700.131732
103.380435,1000,700.595547
107.658539,1000,701.058342
102.059918,1000,701.951283
92.392489,1000,702.416619
97.613425,1000,703.304879
102.002471,1000,703.769628
90.981754,1000,704.650197
84.256848,1000,705.116377
91.27481,1000,706.022825
83.321854,1000,706.486636
100.304745,1000,707.416544
96.396513,1000,707.886074
103.108645,1000,708.811492
103.248537,1000,709.276874
100.28123,1000,710.262264
100.648029,1000,710.721057
100.630213,1000,711.618289
99.943734,1000,712.076039
24.634386,1000,713.017463
103.450715,1000,713.476941
97.622249,1000,714.415918
100.79432,1000,714.876214
107.045493,1000,715.818906
103.75066,1000,716.279897
108.275897,1000,717.207403
107.661248,1000,717.666871
106.077861,1000,718.579776
105.285018,1000,719.040473
105.619204,1000,719.983141
109.361473,1000,720.442523
103.749606,1000,721.389371
104.832339,1000,721.848052
103.374021,1000,722.765435
28.118231,1000,723.232945
108.389044,1000,724.172953
104.076191,1000,724.63663
102.285886,1000,725.570865
106.29721,1000,726.039442
102.731965,1000,726.970965
106.882954,1000,727.438754
105.671572,1000,728.42715
109.212239,1000,728.895403
25.415152,1000,729.856586
102.893584,1000,730.34839
106.855298,1000,730.836718
30.14541,1000,731.771172
102.77025,1000,732.261626
107.126814,1000,733.170986
106.691152,1000,733.673457
111.301027,1000,734.63128
108.135298,1000,735.10028
110.198739,1000,736.010944
106.084952,1000,736.4741
108.833304,1000,737.430668
105.35795,1000,737.897907
107.064201,1000,738.798555
106.114647,1000,739.275712
104.451246,1000,740.223395
103.812903,1000,740.691625
105.878858,1000,741.647237
36.744765,1000,742.128904
34.003201,1000,743.088355
107.704924,1000,743.558827
106.049985,1000,744.518728
108.933717,1000,744.989188
109.18051,1000,745.923785
107.526253,1000,746.392874
101.951958,1000,747.351614
101.164187,1000,747.815657
107.994817,1000,748.756893
95.171695,1000,749.224462
102.124879,1000,750.189477
101.835592,1000,750.657001
98.976148,1000,751.63578
100.199689,1000,752.105251
93.41444,1000,753.033132
100.561567,1000,753.50078
99.678454,1000,754.421364
93.942805,1000,754.88914
96.829575,1000,755.834992
102.536497,1000,756.296194
103.019158,1000,757.251279
98.580651,1000,757.732761
99.453666,1000,758.659642
101.852796,1000,759.129573
98.272804,1000,760.02088
104.031208,1000,760.493165
98.839072,1000,760.961194
104.873745,1000,761.930443
100.928464,1000,762.399657
105.678453,1000,763.389016
99.346239,1000,763.849347
102.684299,1000,764.727565
101.466587,1000,765.197216
103.81565,1000,766.083876
102.392299,1000,766.556549
101.624544,1000,767.431219
95.371091,1000,767.904262
103.126518,1000,768.776597
97.717371,1000,769.251477
94.391304,1000,770.122702
97.571486,1000,770.598869
100.125591,1000,771.507962
95.944185,1000,771.989831
93.683456,1000,772.929984
95.074325,1000,773.400838
98.132017,1000,774.306944
101.087838,1000,774.778365
103.128394,1000,775.696289
100.451384,1000,776.199129
104.538358,1000,777.108825
103.21479,1000,777.607196
92.933557,1000,778.493677
102.600802,1000,778.966854
108.685544,1000,779.874679
104.287493,1000,780.337704
99.83586,1000,781.28129
104.930618,1000,781.740149
107.095064,1000,782.686535
112.829705,1000,783.144718
108.475528,1000,784.045642
109.941841,1000,784.505332
106.668508,1000,785.395364
109.908765,1000,785.85359
114.689287,1000,786.748332
113.462076,1000,787.207752
109.585835,1000,788.104618
111.75026,1000,788.572053
113.578007,1000,789.452272
111.427977,1000,789.919796
112.478533,1000,790.394963
104.821978,1000,791.267884
107.452528,1000,791.742327
116.672624,1000,792.615814
111.260455,1000,793.088156
106.749848,1000,793.985798
106.88145,1000,794.467549
112.272459,1000,795.359668
105.65516,1000,795.828495
109.140331,1000,796.772958
107.407149,1000,797.242329
104.956293,1000,798.138384
108.882984,1000,798.605664
112.564147,1000,799.552302
106.790101,1000,800.019399
109.893154,1000,800.953061
112.69859,1000,801.413042
112.142935,1000,802.4259
112.358177,1000,802.88581
112.609867,1000,803.810269
112.188262,1000,804.273018
105.191089,1000,805.149077
108.483413,1000,805.611698
107.054261,1000,806.55718
107.098447,1000,807.015627
112.600282,1000,807.947014
108.2096,1000,808.434299
107.678095,1000,809.381193
104.96116,1000,809.840023
110.53602,1000,810.785105
109.552354,1000,811.261676
107.66859,1000,812.214154
109.466855,1000,812.673745
108.185417,1000,813.589896
108.335542,1000,814.050018
108.794988,1000,814.933708
106.627378,1000,815.391615
112.691767,1000,816.252379
114.473705,1000,816.712034
110.133835,1000,817.581799
104.48437,1000,818.042362
107.546633,1000,818.912731
109.044941,1000,819.373941
108.291146,1000,819.835629
111.3158,1000,820.713091
107.098705,1000,821.173255
111.818268,1000,822.099162
111.540084,1000,822.561177
110.836412,1000,823.498752
109.986095,1000,823.959713
106.223778,1000,824.89849
110.44501,1000,825.359739
105.625336,1000,826.308246
112.305222,1000,826.7688
114.095251,1000,827.723653
111.692097,1000,828.190949
109.204695,1000,829.158856
110.361647,1000,829.626518
114.340016,1000,830.605225
108.655088,1000,831.072083
106.274908,1000,832.03352
113.432448,1000,832.493943
112.35799,1000,833.435996
114.429076,1000,833.892999
108.083386,1000,834.826132
113.529659,1000,835.28365
110.954983,1000,836.239441
116.929108,1000,836.696026
116.23161,1000,837.822225
118.110647,1000,838.290524
120.13033,1000,839.263447
116.333149,1000,839.730333
116.389452,1000,840.669216
118.006596,1000,841.137834
117.633983,1000,842.078383
114.793326,1000,842.547627
113.214061,1000,843.541616
109.452608,1000,844.077641
118.132977,1000,845.037729
112.587377,1000,845.504884
115.900178,1000,846.388152
118.683086,1000,846.85518
119.199951,1000,847.727867
118.322811,1000,848.202239
119.117584,1000,849.124041
113.289148,1000,849.587082
116.800347,1000,850.045882
117.901163,1000,851.011298
118.625886,1000,851.469413
118.387868,1000,852.461585
120.2167,1000,852.927588
112.195317,1000,853.917951
116.438056,1000,854.385122
116.077063,1000,855.349888
116.06418,1000,855.80835
117.524596,1000,856.765523
118.553856,1000,857.226605
116.984383,1000,858.177945
115.67494,1000,858.649428
112.557789,1000,859.59779
118.076564,1000,860.057598
113.231521,1000,860.995668
118.375446,1000,861.455638
117.595427,1000,862.348731
115.303207,1000,862.816356
111.395086,1000,863.688955
117.273761,1000,864.155502
111.034408,1000,865.027134
116.198888,1000,865.495141
108.464702,1000,866.369525
117.532097,1000,866.82915
117.890064,1000,867.732638
115.183998,1000,868.194058
114.785117,1000,869.097955
114.851419,1000,869.558974
114.911899,1000,870.471903
114.439278,1000,870.939232
116.515912,1000,871.861555
117.344989,1000,872.328799
112.557596,1000,873.276335
110.78907,1000,873.744624
114.144389,1000,874.706166
108.661244,1000,875.179727
115.323141,1000,876.106846
113.606709,1000,876.578059
115.312526,1000,877.643841
108.147055,1000,878.110477
110.959338,1000,878.577221
113.091081,1000,879.463819
112.189653,1000,879.928729
115.348609,1000,880.81697
103.49553,1000,881.281576
111.965374,1000,882.195371
111.520625,1000,882.672579
117.484324,1000,883.552744
114.739599,1000,884.03561
108.643891,1000,884.905497
117.103539,1000,885.364206
114.905636,1000,886.228009
108.79989,1000,886.686852
116.780821,1000,887.551011
112.420293,1000,888.009579
112.849869,1000,888.876015
114.561816,1000,889.335903
109.657795,1000,890.203762
116.348705,1000,890.66257
113.58158,1000,891.520531
114.531939,1000,891.979701
111.96392,1000,892.846027
119.616531,1000,893.303918
117.897867,1000,894.177166
116.873127,1000,894.635953
113.889951,1000,895.606061
114.500642,1000,896.068385
108.566832,1000,897.023656
114.477686,1000,897.485073
115.051356,1000,898.535045
113.326492,1000,898.992653
114.337951,1000,899.95513
115.318929,1000,900.419214
118.565766,1000,901.378039
114.71795,1000,901.845426
117.196629,1000,902.811104
120.418093,1000,903.282969
116.289859,1000,904.250605
116.773683,1000,904.730233
117.729267,1000,905.704003
117.185361,1000,906.169524
112.460105,1000,907.153545
114.313864,1000,907.640386
113.023183,1000,908.115571
114.436727,1000,909.093385
108.42615,1000,909.566688
111.666654,1000,910.535892
108.208636,1000,911.003509
109.04932,1000,911.96685
108.147405,1000,912.434365
114.64531,1000,913.392582
112.259279,1000,913.861853
111.753908,1000,914.820281
109.989505,1000,915.289933
116.699951,1000,916.226496
115.092377,1000,916.692702
115.80144,1000,917.663144
119.167293,1000,918.129594
119.681876,1000,919.098571
117.878424,1000,919.60075
116.980807,1000,920.536764
116.645387,1000,921.048813
112.790582,1000,921.986936
111.104055,1000,922.505164
112.17415,1000,923.444705
113.560499,1000,923.934064
115.786334,1000,924.930944
114.883026,1000,925.398724
113.616375,1000,926.356135
113.345075,1000,926.872258
111.405331,1000,927.798077
110.344846,1000,928.274047
115.643457,1000,929.192672
112.358905,1000,929.655822
113.145005,1000,930.581795
114.330126,1000,931.044883
112.197396,1000,931.99029
116.127425,1000,932.456454
108.748446,1000,933.414892
113.733735,1000,933.874671
112.072446,1000,934.767102
108.901375,1000,935.22711
107.738901,1000,936.110234
97.889556,1000,936.575268
116.46947,1000,937.458115
109.492859,1000,937.925931
101.205532,1000,938.384454
115.634707,1000,939.248756
107.487536,1000,939.710476
101.631267,1000,940.57387
105.685914,1000,941.033546
101.834897,1000,941.928166
110.477191,1000,942.426156
115.348376,1000,943.307058
108.613109,1000,943.771947
104.898637,1000,944.636845
111.78305,1000,945.112451
105.640434,1000,945.977129
118.322664,1000,946.443796
115.851235,1000,947.313455
105.85602,1000,947.775702
112.618825,1000,948.652252
111.658337,1000,949.115544
113.589249,1000,949.994767
113.927547,1000,950.458002
113.710204,1000,951.401345
110.673882,1000,951.861717
116.177173,1000,952.817736
113.751666,1000,953.280903
113.609428,1000,954.231978
115.788955,1000,954.693394
108.875807,1000,955.642951
112.986443,1000,956.105233
114.572856,1000,957.037916
115.236133,1000,957.499944
111.618907,1000,958.43597
111.056153,1000,958.899161
114.480331,1000,959.868965
112.258867,1000,960.347629
117.495246,1000,961.322787
112.107316,1000,961.805751
114.352324,1000,962.761243
111.716977,1000,963.24352
107.50248,1000,964.18993
112.017398,1000,964.665108
115.758701,1000,965.537118
116.246831,1000,966.01916
112.82533,1000,966.893973
105.67187,1000,967.375736
113.592434,1000,967.842584
112.035197,1000,968.725474
116.028491,1000,969.191846
109.584817,1000,970.082389
113.827588,1000,970.552789
116.175014,1000,971.436867
111.69472,1000,971.943208
105.528608,1000,972.84516
111.972877,1000,973.349021
116.300654,1000,974.244958
109.049798,1000,974.737669
111.339552,1000,975.620335
113.879905,1000,976.087931
106.167888,1000,976.96741
111.773516,1000,977.436468
112.717266,1000,978.312671
110.551283,1000,978.810887
110.948369,1000,979.683678
115.620615,1000,980.165351
111.208719,1000,981.035959
114.200881,1000,981.545154
111.977153,1000,982.416535
116.373612,1000,982.890913
109.717688,1000,983.762072
113.560867,1000,984.239272
110.24258,1000,985.111692
113.116564,1000,985.588382
109.377558,1000,986.468769
111.593507,1000,986.936185
113.736376,1000,987.812235
118.776375,1000,988.280779
108.439222,1000,989.160075
114.392487,1000,989.628722
113.311862,1000,990.509496
106.045208,1000,990.995986
113.432909,1000,991.87669
115.59127,1000,992.345658
110.889531,1000,993.242977
110.471116,1000,993.712159
107.883031,1000,994.587261
118.074441,1000,995.054644
110.103016,1000,995.93103
109.979508,1000,996.398008
117.823538,1000,996.865455
116.45721,1000,997.746099
111.289255,1000,998.215647
104.76209,1000,999.101647
102.172156,1000,999.572201
110.397565,1000,1000.452425
111.378135,1000,1000.922647
106.551827,1000,1001.799514
104.809916,1000,1002.266967
114.659545,1000,1003.163969
117.173378,1000,1003.654927
112.77323,1000,1004.535777
99.262147,1000,1005.002958
110.618459,1000,1005.877617
111.422053,1000,1006.345262
109.559721,1000,1007.218079
110.373467,1000,1007.686759
110.908765,1000,1008.559441
112.001732,1000,1009.027206
112.307515,1000,1009.900032
113.610999,1000,1010.367137
111.521497,1000,1011.240449
112.775683,1000,1011.709126
113.533072,1000,1012.581241
113.952675,1000,1013.050156
114.832645,1000,1013.922981
113.110134,1000,1014.43442
109.762139,1000,1015.308596
110.449925,1000,1015.820214
116.839091,1000,1016.702353
113.969961,1000,1017.170514
112.975139,1000,1018.043203
109.127232,1000,1018.511423
114.147894,1000,1019.38264
112.999308,1000,1019.851698
108.189382,1000,1020.724933
114.425363,1000,1021.194249
107.383029,1000,1022.067831
110.643291,1000,1022.537269
113.438616,1000,1023.409417
110.032424,1000,1023.875986
112.689217,1000,1024.779956
113.690723,1000,1025.248866
114.540427,1000,1025.716817
110.114158,1000,1026.617584
110.544662,1000,1027.085745
108.855679,1000,1027.991973
106.09219,1000,1028.461138
112.15074,1000,1029.367548
106.524255,1000,1029.836601
114.715159,1000,1030.736795
112.65276,1000,1031.204746
112.45547,1000,1032.106189
118.525311,1000,1032.575312
115.033786,1000,1033.529075
117.860072,1000,1034.028655
112.5382,1000,1034.93533
113.519887,1000,1035.440247
112.727825,1000,1036.38006
108.352588,1000,1036.841558
111.900297,1000,1037.803443
112.77314,1000,1038.283426
110.407899,1000,1039.207409
100.588063,1000,1039.677554
108.596856,1000,1040.555254
108.649047,1000,1041.094502
112.935475,1000,1041.969357
111.40423,1000,1042.439258
106.232672,1000,1043.312322
106.162061,1000,1043.787908
109.79791,1000,1044.661542
110.342986,1000,1045.136911
110.821091,1000,1046.010277
111.08953,1000,1046.480142
113.518313,1000,1047.353438
113.160636,1000,1047.823481
108.176093,1000,1048.698187
116.578515,1000,1049.16745
118.213961,1000,1050.041181
114.746569,1000,1050.508371
114.374127,1000,1051.381409
113.380724,1000,1051.848119
113.376633,1000,1052.721327
119.496151,1000,1053.188607
117.070469,1000,1053.657061
116.811036,1000,1054.528989
114.411,1000,1054.99657
114.851884,1000,1055.86925
111.749123,1000,1056.337299
121.047656,1000,1057.210552
121.041389,1000,1057.67661
116.359531,1000,1058.549458
119.068825,1000,1059.017833
115.103183,1000,1059.890695
117.762688,1000,1060.381918
115.166644,1000,1061.255592
78.361428,1000,1061.796345
116.103484,1000,1062.721792
119.870928,1000,1063.190962
107.326641,1000,1064.063296
116.577993,1000,1064.531736
114.357649,1000,1065.410311
111.693905,1000,1065.898935
104.125895,1000,1066.815616
115.46773,1000,1067.283888
120.999194,1000,1068.160316
118.856191,1000,1068.627529
119.794275,1000,1069.520933
120.667437,1000,1070.010668
117.841411,1000,1070.902471
124.401234,1000,1071.369818
119.468243,1000,1072.25738
118.595195,1000,1072.725656
121.451162,1000,1073.726124
118.035516,1000,1074.189954
105.526478,1000,1075.142355
119.276276,1000,1075.603978
110.996274,1000,1076.557879
119.46604,1000,1077.024457
102.5354,1000,1078.011752
111.270102,1000,1078.470749
112.84936,1000,1079.415263
117.152518,1000,1079.882977
113.101063,1000,1080.812126
115.037193,1000,1081.281512
110.837109,1000,1082.248584
118.829313,1000,1082.705199
111.917335,1000,1083.162932
115.775434,1000,1084.142855
118.179556,1000,1084.600636
112.446893,1000,1085.574668
114.186758,1000,1086.042115
114.538098,1000,1087.017355
120.694375,1000,1087.477845
116.973491,1000,1088.439375
121.337142,1000,1088.902179
119.762747,1000,1089.832933
118.1815,1000,1090.299397
122.915739,1000,1091.252866
117.687632,1000,1091.716864
115.984485,1000,1092.659436
122.371845,1000,1093.122403
119.456932,1000,1094.074178
123.857171,1000,1094.535538
121.826678,1000,1095.444083
117.559182,1000,1095.911873
121.83479,1000,1096.792046
118.423732,1000,1097.260197
119.921382,1000,1098.141086
121.747551,1000,1098.606478
110.509696,1000,1099.478547
115.23781,1000,1099.947676
120.426645,1000,1100.819257
119.639724,1000,1101.286623
118.666257,1000,1102.159566
120.671855,1000,1102.625852
116.682111,1000,1103.509172
112.730121,1000,1104.000457
120.917199,1000,1104.888768
116.83711,1000,1105.356115
121.979911,1000,1106.234499
118.578633,1000,1106.701589
112.779152,1000,1107.583588
118.23925,1000,1108.049135
111.569304,1000,1108.965406
113.521249,1000,1109.423988
117.383293,1000,1110.352734
117.947927,1000,1110.809662
116.102052,1000,1111.730759
121.405118,1000,1112.194023
114.261625,1000,1112.655537
117.093177,1000,1113.584233
111.539905,1000,1114.044867
114.748615,1000,1114.935328
117.797377,1000,1115.394833
124.57266,1000,1116.321251
113.80303,1000,1116.786593
111.681833,1000,1117.782785
120.164261,1000,1118.263467
121.713187,1000,1119.261181
118.757738,1000,1119.725179
115.384248,1000,1120.706523
117.166926,1000,1121.178632
112.389283,1000,1122.117844
114.289428,1000,1122.595363
121.375406,1000,1123.552518
119.585969,1000,1124.054626
121.260364,1000,1125.041982
118.465017,1000,1125.536236
117.999501,1000,1126.448867
116.958676,1000,1126.918634
117.320102,1000,1127.784153
116.786062,1000,1128.259728
120.08101,1000,1129.12549
108.949139,1000,1129.595771
119.864091,1000,1130.46545
113.708959,1000,1130.930837
112.899344,1000,1131.80107
111.353406,1000,1132.273945
115.8989,1000,1133.15764
112.878545,1000,1133.623805
112.004911,1000,1134.551663
109.765442,1000,1135.015696
115.721677,1000,1135.913175
108.358969,1000,1136.374246
115.024163,1000,1137.304328
113.675298,1000,1137.77029
114.335471,1000,1138.72016
112.760114,1000,1139.183096
118.1203,1000,1140.133226
114.022779,1000,1140.597144
119.251333,1000,1141.505489
110.926091,1000,1141.966748
111.404423,1000,1142.429256
113.803283,1000,1143.310093
115.269764,1000,1143.774774
113.814993,1000,1144.806481
108.293589,1000,1145.273245
117.184909,1000,1146.230616
118.418941,1000,1146.694016
118.149192,1000,1147.659754
114.073982,1000,1148.120504
117.147409,1000,1149.069218
113.551911,1000,1149.527727
110.194031,1000,1150.469981
110.10069,1000,1150.928469
107.760445,1000,1151.874374
116.804217,1000,1152.336763
114.985902,1000,1153.299396
106.789015,1000,1153.76341
116.906241,1000,1154.688137
116.999843,1000,1155.146546
115.999873,1000,1156.08572
118.688822,1000,1156.545957
116.500766,1000,1157.515468
116.089623,1000,1157.980776
115.915606,1000,1158.927351
117.628425,1000,1159.399864
118.018955,1000,1160.342751
113.121959,1000,1160.805553
115.435073,1000,1161.72768
118.430616,1000,1162.199663
114.692259,1000,1163.168946
110.100226,1000,1163.628253
109.293591,1000,1164.529338
117.969731,1000,1164.987933
116.355178,1000,1165.967287
116.37949,1000,1166.432409
120.140299,1000,1167.409303
116.475193,1000,1167.902416
114.617385,1000,1168.84794
113.179408,1000,1169.317324
112.166796,1000,1170.287768
112.622275,1000,1170.783162
114.411069,1000,1171.691353
109.576026,1000,1172.192678
107.108775,1000,1172.657225
113.464886,1000,1173.602565
115.610778,1000,1174.06395
109.774916,1000,1174.96312
117.067062,1000,1175.429304
113.85002,1000,1176.328894
112.906067,1000,1176.793416
97.921937,1000,1177.668874
108.346371,1000,1178.132441
115.491999,1000,1179.025329
116.134377,1000,1179.490887
119.714442,1000,1180.384232
114.565159,1000,1180.846809
116.713137,1000,1181.777074
116.108576,1000,1182.240753
113.669257,1000,1183.193982
111.68733,1000,1183.659081
110.539482,1000,1184.605736
112.394334,1000,1185.072253
116.900415,1000,1186.018477
114.119939,1000,1186.491804
113.987335,1000,1187.394148
103.45563,1000,1187.857681
111.29437,1000,1188.752951
116.798985,1000,1189.226625
115.307939,1000,1190.122556
114.931477,1000,1190.586854
115.554529,1000,1191.461022
116.432476,1000,1191.926591
116.871581,1000,1192.793037
111.203752,1000,1193.256597
112.826745,1000,1194.121897
116.327617,1000,1194.584666
110.753525,1000,1195.450692
114.671887,1000,1195.91531
114.549041,1000,1196.783453
114.85617,1000,1197.247109
114.873667,1000,1198.11451
114.483457,1000,1198.577868
119.4376,1000,1199.459333
113.582702,1000,1199.922993
116.545836,1000,1200.792393
115.568291,1000,1201.254334
117.489073,1000,1201.716766
118.422576,1000,1202.585353
111.440124,1000,1203.051071
119.362748,1000,1203.916666
114.42279,1000,1204.381377
116.867252,1000,1205.275897
112.073491,1000,1205.763858
118.384267,1000,1206.658284
117.650832,1000,1207.121621
118.44083,1000,1207.998145
118.292079,1000,1208.462617
115.648232,1000,1209.343033
107.784204,1000,1209.825751
114.408244,1000,1210.706727
116.462088,1000,1211.170889
116.121412,1000,1212.046516
118.302151,1000,1212.511664
117.146416,1000,1213.386119
114.325777,1000,1213.851345
117.521352,1000,1214.726333
116.280057,1000,1215.191196
117.177958,1000,1216.063405
118.831037,1000,1216.528652
115.139159,1000,1217.397633
120.284662,1000,1217.861632
115.430249,1000,1218.74522
119.126938,1000,1219.209662
120.608939,1000,1220.094118
116.595128,1000,1220.556589
114.03045,1000,1221.439856
116.38577,1000,1221.904128
119.805787,1000,1222.787699
120.361663,1000,1223.251858
118.038825,1000,1224.136405
115.118413,1000,1224.605126
109.787761,1000,1225.52933
118.406088,1000,1226.008829
123.914292,1000,1226.887314
122.506729,1000,1227.358326
118.858982,1000,1228.21655
124.028289,1000,1228.695339
112.395625,1000,1229.15244
124.334816,1000,1230.021068
121.827431,1000,1230.482503
121.808656,1000,1231.346579
124.338285,1000,1231.810439
122.064051,1000,1232.670643
120.653728,1000,1233.139586
124.133759,1000,1233.99839
120.676897,1000,1234.466042
126.337685,1000,1235.325691
125.637349,1000,1235.79335
125.155143,1000,1236.657421
119.399911,1000,1237.124194
120.0961,1000,1238.062579
125.90392,1000,1238.549634
118.797614,1000,1239.484552
124.685261,1000,1239.969415
111.492781,1000,1240.900884
123.808486,1000,1241.399095
120.020945,1000,1242.285901
116.063718,1000,1242.751837
124.736442,1000,1243.629964
124.540573,1000,1244.09346
121.847789,1000,1245.02755
121.652952,1000,1245.519038
121.621539,1000,1246.469883
119.492882,1000,1246.93605
121.307705,1000,1247.832892
120.939024,1000,1248.300522
122.221058,1000,1249.197613
121.954017,1000,1249.654174
122.830885,1000,1250.604246
122.53924,1000,1251.066009
114.571968,1000,1251.978963
118.001001,1000,1252.445894
115.452962,1000,1253.445734
117.136463,1000,1253.917946
117.499167,1000,1254.928004
109.814709,1000,1255.403748
115.193284,1000,1256.409684
116.785206,1000,1256.893253
113.442303,1000,1257.877969
113.408522,1000,1258.34546
116.612977,1000,1258.813345
109.750146,1000,1259.760908
106.019684,1000,1260.229054
112.613772,1000,1261.172887
113.439088,1000,1261.663929
108.074919,1000,1262.617707
112.696106,1000,1263.090471
112.73358,1000,1264.041362
106.564148,1000,1264.521971
112.971914,1000,1265.450831
114.492602,1000,1265.926664
114.61764,1000,1266.881911
109.52341,1000,1267.364818
114.910592,1000,1268.313788
114.821827,1000,1268.863291
115.790661,1000,1269.811077
119.585298,1000,1270.34064
110.919552,1000,1271.296855
115.255839,1000,1271.793101
117.555557,1000,1272.736106
109.247996,1000,1273.208584
113.239604,1000,1274.154927
110.989104,1000,1274.627408
117.032596,1000,1275.501686
119.235399,1000,1275.972527
112.438728,1000,1276.923145
115.363792,1000,1277.39198
118.451749,1000,1278.339089
116.293757,1000,1278.807532
117.174396,1000,1279.75781
114.901628,1000,1280.236918
117.90737,1000,1281.143748
120.597024,1000,1281.614781
116.648219,1000,1282.536562
117.749815,1000,1283.038141
116.250817,1000,1284.006913
120.038951,1000,1284.509512
121.246195,1000,1285.456569
119.75739,1000,1285.949888
115.606941,1000,1286.874766
111.165706,1000,1287.363836
116.739761,1000,1288.267866
121.27563,1000,1288.737589
118.959635,1000,1289.206574
117.308544,1000,1290.076769
114.013625,1000,1290.547251
117.730403,1000,1291.421212
116.641749,1000,1291.899175
117.629172,1000,1292.763292
117.91901,1000,1293.227826
116.191979,1000,1294.093271
116.324973,1000,1294.556816
119.153164,1000,1295.420441
119.227853,1000,1295.88431
119.3337,1000,1296.749307
117.900122,1000,1297.212813
114.948441,1000,1298.082215
114.097005,1000,1298.546126
120.130202,1000,1299.417581
122.501208,1000,1299.879846
120.652873,1000,1300.759274
116.786901,1000,1301.223383
121.090503,1000,1302.135165
123.220664,1000,1302.598946
121.119213,1000,1303.559829
117.769992,1000,1304.032755
124.665929,1000,1304.986129
122.250747,1000,1305.454746
114.631537,1000,1306.376049
119.594225,1000,1306.840986
118.592734,1000,1307.717621
119.466215,1000,1308.180794
117.955066,1000,1309.10177
121.669479,1000,1309.577403
121.001328,1000,1310.489564
120.717474,1000,1310.958164
122.030331,1000,1311.862802
119.956021,1000,1312.379667
117.50515,1000,1313.30788
122.32642,1000,1313.766539
118.934992,1000,1314.646322
112.541286,1000,1315.103625
116.828799,1000,1315.984879
116.179741,1000,1316.444206
120.862019,1000,1317.376866
120.818987,1000,1317.83642
120.440908,1000,1318.297518
121.684295,1000,1319.241528
121.251161,1000,1319.707793
120.045257,1000,1320.609581
109.920625,1000,1321.074687
121.184793,1000,1322.002577
117.050467,1000,1322.470413
115.071649,1000,1323.402958
115.325835,1000,1323.86624
116.78618,1000,1324.821297
104.42854,1000,1325.288845
119.895849,1000,1326.208451
118.983424,1000,1326.731307
118.935938,1000,1327.668158
119.803631,1000,1328.163836
114.520429,1000,1329.133357
120.124381,1000,1329.64485
116.413478,1000,1330.59709
121.007517,1000,1331.12754
110.12613,1000,1332.049718
113.037223,1000,1332.58814
118.373822,1000,1333.461656
118.647546,1000,1333.970253
117.605235,1000,1334.85849
119.924982,1000,1335.347991
117.718509,1000,1336.248039
113.861744,1000,1336.724876
120.51935,1000,1337.637308
116.684529,1000,1338.102427
112.729858,1000,1339.088745
114.308858,1000,1339.552421
116.683506,1000,1340.50116
121.391002,1000,1340.964371
119.29887,1000,1341.859691
117.394907,1000,1342.339703
114.588618,1000,1343.28413
110.569784,1000,1343.752351
121.881085,1000,1344.701149
117.668598,1000,1345.170867
115.154037,1000,1346.074158
119.082567,1000,1346.542451
117.002665,1000,1347.446245
115.706616,1000,1347.919896
119.749623,1000,1348.387781
112.449615,1000,1349.290284
113.348049,1000,1349.760138
117.868994,1000,1350.710861
117.997118,1000,1351.183073
116.444007,1000,1352.134089
117.248661,1000,1352.608628
121.168246,1000,1353.558733
114.378799,1000,1354.033647
117.768956,1000,1354.99438
120.311882,1000,1355.468621
110.252866,1000,1356.366112
113.339102,1000,1356.854037
115.469514,1000,1357.768141
115.766939,1000,1358.24922
117.126214,1000,1359.164246
116.265042,1000,1359.644666
114.139384,1000,1360.565027
117.629445,1000,1361.039166
114.162204,1000,1361.953
112.206524,1000,1362.419281
109.264115,1000,1363.31382
111.190752,1000,1363.787994
115.131115,1000,1364.701816
112.993518,1000,1365.164351
112.002961,1000,1366.053779
116.673424,1000,1366.513906
111.32596,1000,1367.413413
113.495987,1000,1367.872033
114.017418,1000,1368.773577
111.384846,1000,1369.242853
118.188054,1000,1370.153849
109.352132,1000,1370.620994
113.775046,1000,1371.629139
108.980172,1000,1372.146548
