#{"t_start": 1535416781.6891367, "env_id": "Swimmer-v2"}
r,l,t
-11.761125,1000,0.604355
3.350534,1000,1.202383
10.29751,1000,3.666465
7.922108,1000,4.280723
7.655456,1000,6.580874
6.355549,1000,7.194933
12.051188,1000,9.288978
2.446508,1000,9.904712
6.399507,1000,12.00757
2.947526,1000,12.625161
14.35087,1000,14.728495
0.537358,1000,15.350759
19.410932,1000,17.453903
13.391043,1000,18.074713
10.821478,1000,20.181378
1.214714,1000,20.8031
22.473561,1000,22.910893
-3.389171,1000,23.532173
15.667065,1000,25.638392
6.979517,1000,26.261154
-1.836077,1000,28.393066
3.090894,1000,29.024119
-1.168967,1000,31.162408
2.365749,1000,31.794021
8.203739,1000,33.910947
15.773465,1000,34.542769
13.939705,1000,36.888454
14.468846,1000,37.509885
1.522195,1000,39.788527
15.328974,1000,40.413989
6.999988,1000,42.530905
4.379773,1000,43.155963
9.435955,1000,45.259807
9.660015,1000,45.8835
-1.690208,1000,47.998551
1.782475,1000,48.622012
8.618219,1000,50.817622
-12.031824,1000,51.443154
-5.169833,1000,53.543541
1.293838,1000,54.169306
-9.221083,1000,56.276482
6.821256,1000,56.903162
10.553827,1000,57.52918
14.960144,1000,59.626082
10.204802,1000,60.251168
14.502891,1000,62.356991
9.809854,1000,62.981598
-4.554655,1000,65.08396
15.376081,1000,65.710076
-18.320214,1000,67.818611
-7.825554,1000,68.444359
-11.425766,1000,70.549959
-22.735818,1000,71.172099
-2.108412,1000,73.276902
11.914861,1000,73.903059
15.071963,1000,76.009178
0.720266,1000,76.635484
-0.570876,1000,78.743052
11.200942,1000,79.370019
-9.198379,1000,81.474028
15.223189,1000,82.099968
16.392156,1000,84.205464
0.612247,1000,84.843579
12.431252,1000,86.974311
15.708399,1000,87.598597
14.445724,1000,89.70456
13.37885,1000,90.33271
20.78569,1000,92.439831
14.917563,1000,93.066545
22.057981,1000,95.178167
-11.432699,1000,95.805449
-0.887073,1000,98.174413
25.132034,1000,98.82142
-14.440144,1000,101.200572
20.245857,1000,101.824498
18.886221,1000,103.994683
20.532007,1000,104.619531
17.351815,1000,106.857335
13.474519,1000,107.482161
17.982157,1000,109.590136
7.790808,1000,110.211808
19.523431,1000,112.320956
24.889788,1000,112.944757
19.140769,1000,115.055035
30.681397,1000,115.679117
28.023182,1000,116.303118
25.684017,1000,118.470689
25.872315,1000,119.095841
24.928956,1000,121.238592
27.501263,1000,121.871083
22.461338,1000,123.988178
27.122303,1000,124.619512
38.95206,1000,126.869102
32.779034,1000,127.486573
39.061349,1000,129.659616
30.507488,1000,130.276978
22.756671,1000,132.355621
22.418678,1000,132.973217
31.352911,1000,135.07057
24.831049,1000,135.687362
22.008807,1000,137.788486
28.97336,1000,138.406915
30.009327,1000,140.603811
22.522229,1000,141.230166
29.003513,1000,143.37204
33.076031,1000,144.001291
33.500225,1000,146.122608
30.625656,1000,146.754009
28.254425,1000,148.878683
26.586401,1000,149.505472
28.113823,1000,151.634415
31.610104,1000,152.265255
31.582768,1000,154.388439
39.360805,1000,155.017041
35.197539,1000,157.143344
36.995249,1000,157.773426
35.093461,1000,159.900102
26.685861,1000,160.528173
32.360377,1000,162.649068
29.18044,1000,163.278497
23.651405,1000,165.505419
32.146178,1000,166.148578
34.08517,1000,168.346103
28.599247,1000,168.962334
31.955182,1000,171.091195
36.513143,1000,171.714776
32.275075,1000,173.820366
33.908827,1000,174.443688
31.550369,1000,175.073508
42.78936,1000,177.1767
38.744476,1000,177.798781
37.720696,1000,179.920445
29.676204,1000,180.541937
31.390527,1000,182.670844
31.52242,1000,183.294297
31.68932,1000,185.488519
37.956821,1000,186.119745
30.122616,1000,188.289042
30.211198,1000,188.918434
26.835801,1000,191.035744
32.628735,1000,191.665416
25.744853,1000,193.783376
24.869933,1000,194.411954
28.287729,1000,196.527954
29.720936,1000,197.157766
30.798296,1000,199.282214
30.720973,1000,199.913248
40.049187,1000,202.10056
28.906768,1000,202.717911
38.1445,1000,204.980084
33.537696,1000,205.609167
37.171647,1000,207.819748
23.4729,1000,208.449319
33.375902,1000,210.697021
31.689476,1000,211.324226
27.511023,1000,213.534539
30.96718,1000,214.158961
28.581919,1000,216.258903
22.400108,1000,216.882546
29.062593,1000,219.105831
33.774566,1000,219.726189
34.485194,1000,221.849198
32.578372,1000,222.46699
15.455841,1000,224.636235
19.252019,1000,225.277423
28.873391,1000,227.441999
20.686149,1000,228.071904
15.24454,1000,230.15597
30.677942,1000,230.772956
39.365839,1000,232.858781
38.607403,1000,233.476014
32.671626,1000,234.094714
41.241677,1000,236.180001
32.426969,1000,236.797981
31.690609,1000,238.939342
32.008494,1000,239.566416
27.254957,1000,241.66958
36.207873,1000,242.293573
36.311943,1000,244.392488
30.202121,1000,245.016536
27.98258,1000,247.122874
43.937436,1000,247.74676
34.692796,1000,249.851476
31.320639,1000,250.475828
41.302418,1000,252.583456
32.446021,1000,253.208907
28.250922,1000,255.318411
46.042405,1000,255.942679
31.389605,1000,258.052702
40.302304,1000,258.679465
40.78209,1000,260.792516
30.331543,1000,261.418013
53.471866,1000,263.530143
42.841751,1000,264.154184
27.480798,1000,266.285036
32.069556,1000,266.903689
32.29604,1000,269.169334
39.025376,1000,269.792847
35.64954,1000,272.186433
31.319334,1000,272.806036
33.100128,1000,275.217687
26.907823,1000,275.848271
39.099701,1000,278.193274
36.890269,1000,278.823603
34.315071,1000,280.954197
41.658566,1000,281.578717
45.379292,1000,283.766119
26.190733,1000,284.391232
34.125368,1000,286.536005
41.893209,1000,287.168179
25.434129,1000,289.360891
39.804325,1000,289.986383
45.014703,1000,292.174376
40.264605,1000,292.80545
38.407503,1000,293.437177
24.887685,1000,295.673159
36.729977,1000,296.304478
29.921892,1000,298.462117
36.454601,1000,299.093235
30.853747,1000,301.260614
37.563099,1000,301.892039
24.393021,1000,304.130129
39.541195,1000,304.761356
34.47798,1000,306.893067
40.94346,1000,307.523954
43.085897,1000,309.659097
32.632935,1000,310.292532
36.678123,1000,312.425929
47.302893,1000,313.05674
33.21812,1000,315.190765
43.236088,1000,315.821526
37.956316,1000,317.997691
34.313095,1000,318.633976
35.062726,1000,321.022206
30.185227,1000,321.658608
42.276726,1000,323.995049
41.806076,1000,324.636662
45.042388,1000,327.014489
43.429065,1000,327.64541
42.767161,1000,329.821666
41.198551,1000,330.452632
42.965919,1000,332.657552
36.817157,1000,333.297362
33.228685,1000,335.42541
27.302113,1000,336.057333
28.311392,1000,338.189438
36.788121,1000,338.823305
36.14198,1000,340.953875
35.421434,1000,341.584416
17.60109,1000,343.742286
34.837189,1000,344.389436
39.230197,1000,346.563667
41.982819,1000,347.193839
39.232951,1000,349.643987
23.542625,1000,350.269681
44.128807,1000,350.894808
32.306726,1000,353.032753
30.643931,1000,353.657749
31.65794,1000,355.970296
32.374813,1000,356.596487
31.077465,1000,358.707719
31.026735,1000,359.326153
29.379512,1000,361.416898
15.553927,1000,362.038973
28.40503,1000,364.127994
27.283126,1000,364.746297
35.81369,1000,366.835147
31.889664,1000,367.455379
35.14906,1000,369.54843
32.452523,1000,370.167823
22.121554,1000,372.260697
33.119778,1000,372.881744
32.964823,1000,374.984371
30.008164,1000,375.604509
35.350355,1000,377.709528
30.992179,1000,378.32981
33.815703,1000,380.42178
29.796432,1000,381.040337
28.859344,1000,383.34833
25.938323,1000,383.973958
21.295178,1000,386.206025
35.129054,1000,386.835899
28.256511,1000,389.10644
30.464032,1000,389.726002
30.429779,1000,391.81294
27.199435,1000,392.430717
29.759345,1000,394.516539
29.274171,1000,395.136967
32.785587,1000,397.224844
14.526372,1000,397.845648
29.968749,1000,400.089029
22.271751,1000,400.708204
28.504374,1000,402.984154
27.558053,1000,403.613339
24.919084,1000,405.93068
30.371301,1000,406.561079
24.633067,1000,408.76366
29.431801,1000,409.394893
31.484521,1000,410.025806
17.500547,1000,412.148511
34.368179,1000,412.779773
26.938197,1000,414.904135
33.053867,1000,415.536311
33.625041,1000,417.658274
18.48969,1000,418.290354
35.554069,1000,420.421547
35.272276,1000,421.053652
21.800863,1000,423.194708
23.535883,1000,423.824157
37.556409,1000,425.945939
21.80538,1000,426.565898
42.939065,1000,428.745588
32.158682,1000,429.364907
29.028051,1000,431.451318
42.299595,1000,432.069387
45.672736,1000,434.153165
44.444734,1000,434.772132
38.523317,1000,436.852968
41.971837,1000,437.469647
43.824995,1000,439.836094
33.307771,1000,440.455415
45.043567,1000,442.725325
44.17501,1000,443.369312
41.599953,1000,445.474158
24.96008,1000,446.099075
38.003097,1000,448.206713
30.872071,1000,448.830421
45.338082,1000,451.047676
36.786535,1000,451.673274
36.742515,1000,454.069077
41.644294,1000,454.699575
40.95518,1000,456.975404
21.121177,1000,457.606476
42.424142,1000,459.72661
48.540462,1000,460.356967
46.494532,1000,462.476138
27.152368,1000,463.109053
44.473992,1000,465.239328
36.739384,1000,465.87219
32.071,1000,468.001125
46.487365,1000,468.633881
46.244812,1000,469.26639
47.527957,1000,471.391085
102.369196,1000,472.009958
44.620118,1000,474.136075
39.067308,1000,474.768516
37.712143,1000,476.894306
73.236405,1000,477.523921
31.207036,1000,479.711609
29.240735,1000,480.344207
33.700002,1000,482.470306
51.990001,1000,483.100418
46.026086,1000,485.225942
25.680485,1000,485.857812
112.321052,1000,487.976229
31.252746,1000,488.606992
36.035991,1000,490.752038
42.449844,1000,491.384133
45.287076,1000,493.567917
59.332343,1000,494.199347
43.874603,1000,496.328286
44.231553,1000,496.959716
44.134046,1000,499.114434
28.164027,1000,499.740467
46.505661,1000,502.082418
33.769211,1000,502.714576
30.246353,1000,504.943992
38.987116,1000,505.56137
41.348505,1000,507.850556
-28.448768,1000,508.481544
34.291509,1000,510.5826
38.511169,1000,511.206071
38.321958,1000,513.30631
37.478649,1000,513.930663
38.467676,1000,516.042841
32.907608,1000,516.668267
43.667901,1000,518.780213
41.003602,1000,519.406317
41.919528,1000,521.541386
37.983871,1000,522.160353
37.732277,1000,524.295311
37.163024,1000,524.926452
40.032628,1000,527.102206
39.592838,1000,527.734391
41.583001,1000,528.366418
57.644369,1000,530.534698
37.322111,1000,531.166486
-37.565907,1000,533.475569
38.634465,1000,534.244956
-32.815887,1000,536.62736
31.936317,1000,537.252091
44.707948,1000,539.522104
-32.972304,1000,540.168464
31.022892,1000,542.278153
66.554893,1000,542.902233
41.193978,1000,545.012256
68.381288,1000,545.634809
38.269665,1000,547.745757
41.083889,1000,548.373427
28.010551,1000,550.593936
40.033183,1000,551.2168
101.135372,1000,553.436245
43.906175,1000,554.062824
38.394316,1000,556.259817
42.342654,1000,556.884834
41.677744,1000,559.21825
19.111739,1000,559.842859
42.181743,1000,562.22408
41.641497,1000,562.840594
42.4309,1000,565.233009
31.104137,1000,565.863892
34.956758,1000,568.06034
37.857356,1000,568.678931
40.641169,1000,570.977718
48.408992,1000,571.604743
34.804656,1000,573.729399
39.617369,1000,574.360723
29.313832,1000,576.48741
41.66716,1000,577.117801
31.494341,1000,579.320664
39.903557,1000,579.952057
38.611277,1000,582.115872
37.448189,1000,582.746786
46.284166,1000,585.083527
36.282503,1000,585.708375
45.024565,1000,588.133142
-34.765476,1000,588.766423
39.273582,1000,589.391334
46.173708,1000,591.679822
38.677854,1000,592.307087
-22.853861,1000,594.700719
-34.372049,1000,595.320889
40.77891,1000,597.47262
38.495641,1000,598.092447
35.077392,1000,600.27926
36.162293,1000,600.910771
36.471454,1000,603.059435
39.51135,1000,603.684766
37.037296,1000,605.784243
33.758516,1000,606.40883
41.786552,1000,608.506772
56.066406,1000,609.128127
46.361111,1000,611.231421
42.872126,1000,611.855596
44.307496,1000,613.962418
38.302334,1000,614.590629
45.525551,1000,616.700331
41.152105,1000,617.325519
40.637919,1000,619.444852
30.943185,1000,620.069628
42.525839,1000,622.178961
40.182546,1000,622.80382
40.842184,1000,624.931559
35.886121,1000,625.579016
41.806164,1000,627.713847
40.406495,1000,628.338447
-25.731478,1000,630.83473
38.417458,1000,631.537591
36.120915,1000,633.683858
48.48084,1000,634.313103
-26.09985,1000,636.434807
24.108628,1000,637.06495
41.823188,1000,639.190624
41.028779,1000,639.822573
42.615669,1000,641.949633
40.98826,1000,642.581148
58.77255,1000,644.709774
37.002286,1000,645.341473
26.896667,1000,647.466846
43.476797,1000,648.11064
40.139072,1000,648.741891
38.775242,1000,650.869838
44.247708,1000,651.500498
-29.375333,1000,653.626758
54.303531,1000,654.257555
40.583919,1000,656.3924
33.835314,1000,657.025155
45.930654,1000,659.393679
3.420069,1000,660.013566
54.618276,1000,662.400002
34.745772,1000,663.024984
41.757661,1000,665.282573
35.488066,1000,665.90768
41.898449,1000,668.009268
66.439988,1000,668.626453
36.760337,1000,670.742613
42.880262,1000,671.374052
57.02773,1000,673.645367
41.907263,1000,674.27652
44.872483,1000,676.401082
40.18012,1000,677.031749
41.518626,1000,679.164294
35.86444,1000,679.795804
41.245502,1000,681.942478
42.623346,1000,682.5682
25.021242,1000,684.665629
41.145875,1000,685.290747
42.754417,1000,687.407455
35.294959,1000,688.03331
41.820411,1000,690.146707
41.428398,1000,690.766731
39.843587,1000,692.941124
34.809669,1000,693.559577
39.55479,1000,695.666216
33.058058,1000,696.285316
41.961172,1000,698.459944
41.689949,1000,699.079044
62.937149,1000,701.175092
40.304111,1000,701.794734
42.633874,1000,703.882264
15.173276,1000,704.503211
42.565892,1000,705.122749
34.017704,1000,707.215846
39.882411,1000,707.846298
59.201953,1000,709.943553
52.208564,1000,710.562204
41.78365,1000,712.664796
41.651624,1000,713.283827
52.366297,1000,715.381964
44.01871,1000,716.000535
44.246135,1000,718.100798
37.924122,1000,718.720638
42.685588,1000,720.82038
58.368178,1000,721.440452
53.770019,1000,723.537785
52.35369,1000,724.157253
38.370005,1000,726.256202
37.076505,1000,726.875331
38.247836,1000,728.971537
44.411739,1000,729.589797
41.147834,1000,731.686977
38.163184,1000,732.305655
38.323778,1000,734.402464
38.634572,1000,735.02333
-29.816025,1000,737.118663
28.357108,1000,737.739154
47.976703,1000,739.941023
48.927104,1000,740.575819
41.746429,1000,742.767989
31.179761,1000,743.388208
39.266049,1000,745.703586
48.637046,1000,746.328079
52.519146,1000,748.541668
39.566051,1000,749.166054
29.017227,1000,751.262913
39.928824,1000,751.88693
-33.949929,1000,753.985759
49.544811,1000,754.60663
37.998747,1000,756.721244
39.886357,1000,757.343556
39.020548,1000,759.440252
45.035135,1000,760.063073
41.099592,1000,762.18231
43.42558,1000,762.807182
35.144951,1000,763.43015
40.151055,1000,765.698922
42.920253,1000,766.323581
38.315165,1000,768.49915
47.714768,1000,769.124302
37.780649,1000,771.294512
43.219476,1000,771.917929
29.824056,1000,774.035113
35.311477,1000,774.66093
44.289076,1000,776.76216
31.22814,1000,777.386506
33.477018,1000,779.488234
44.750226,1000,780.112403
43.674104,1000,782.216374
48.690015,1000,782.834362
45.171671,1000,784.941301
45.418615,1000,785.566956
37.337497,1000,787.672719
42.164327,1000,788.295106
43.355037,1000,790.404613
39.950462,1000,791.029095
26.150636,1000,793.136657
-21.747906,1000,793.760959
42.909334,1000,795.965935
38.835647,1000,796.591515
43.239242,1000,798.966359
49.923704,1000,799.593275
43.222818,1000,801.74897
39.621409,1000,802.37523
39.496443,1000,804.616027
40.988768,1000,805.244164
42.876001,1000,807.335073
52.836259,1000,807.953549
48.763147,1000,810.163882
41.21814,1000,810.781959
41.284832,1000,812.926272
41.787943,1000,813.544228
47.695986,1000,815.664499
38.298496,1000,816.283363
42.887719,1000,818.36423
45.221322,1000,818.98138
50.71065,1000,821.061886
40.834332,1000,821.680424
41.18655,1000,822.2987
31.285188,1000,824.441627
43.841569,1000,825.058767
41.045388,1000,827.226866
43.473056,1000,827.851138
66.725321,1000,830.035728
41.798473,1000,830.652303
40.175153,1000,832.873071
39.851153,1000,833.493633
39.004961,1000,835.818346
42.002035,1000,836.438276
41.432408,1000,838.533922
40.705326,1000,839.1517
40.88723,1000,841.230193
41.132758,1000,841.852212
40.244384,1000,844.082144
46.769229,1000,844.700434
51.015078,1000,846.784197
38.40654,1000,847.404372
36.530262,1000,849.494967
51.182986,1000,850.114377
51.654842,1000,852.199831
37.0497,1000,852.819886
53.52412,1000,854.902256
42.139126,1000,855.521039
44.967109,1000,857.597419
47.407843,1000,858.214849
40.85948,1000,860.298174
45.383652,1000,860.918437
42.176953,1000,863.001142
35.372011,1000,863.62222
49.859498,1000,865.703098
40.932632,1000,866.320766
42.543762,1000,868.400821
42.991393,1000,869.018815
28.80595,1000,871.105149
39.736531,1000,871.722116
42.530311,1000,873.807239
49.2085,1000,874.424555
41.547394,1000,876.512359
50.941339,1000,877.129793
41.644745,1000,879.217546
41.047849,1000,879.83512
39.05819,1000,880.458676
42.93336,1000,882.748542
37.157661,1000,883.373915
31.869534,1000,885.512286
42.976848,1000,886.136041
41.971827,1000,888.405942
35.649754,1000,889.03312
43.007527,1000,891.140127
32.795641,1000,891.764842
42.441452,1000,893.88816
42.987971,1000,894.513756
40.26536,1000,896.85656
34.053961,1000,897.495934
40.813795,1000,899.766051
43.074661,1000,900.396014
39.880666,1000,902.672154
49.63144,1000,903.300156
38.040989,1000,905.579016
46.426652,1000,906.196863
59.800855,1000,908.381518
42.659001,1000,909.001905
77.97683,1000,911.223059
41.134351,1000,911.853363
42.931049,1000,914.010776
42.7799,1000,914.627931
46.632696,1000,916.714098
43.339379,1000,917.332539
46.692586,1000,919.421095
41.592763,1000,920.037458
60.02593,1000,922.126312
39.162726,1000,922.744255
40.201934,1000,924.833799
39.450147,1000,925.451518
36.782011,1000,927.536718
39.599176,1000,928.153489
47.482881,1000,930.238523
36.65027,1000,930.857159
36.392779,1000,932.944013
41.377256,1000,933.562791
38.080397,1000,935.64914
60.029908,1000,936.265262
41.801415,1000,938.352804
35.221709,1000,938.971243
47.416899,1000,939.588447
37.957578,1000,941.67534
35.984998,1000,942.294724
44.242122,1000,944.381246
40.336552,1000,944.998583
37.794243,1000,947.086026
41.583012,1000,947.702106
36.14788,1000,950.070475
44.639942,1000,950.690286
38.107449,1000,952.78407
37.157595,1000,953.4019
43.037455,1000,955.499038
43.129957,1000,956.118538
39.217649,1000,958.212371
37.321978,1000,958.830559
42.575686,1000,960.938842
35.966969,1000,961.558922
33.883193,1000,963.747185
37.890508,1000,964.379781
39.531458,1000,966.662782
44.262134,1000,967.439281
42.724282,1000,969.757966
40.82715,1000,970.536417
45.47392,1000,972.822346
36.674114,1000,973.455109
32.057224,1000,975.685056
36.854499,1000,976.310198
30.780065,1000,978.500839
41.796726,1000,979.151005
32.730271,1000,981.405164
31.094917,1000,982.039455
43.324284,1000,984.156058
32.476139,1000,984.790404
34.555777,1000,987.037909
44.390592,1000,987.718924
42.915729,1000,989.899137
39.430991,1000,990.611812
35.679001,1000,992.761021
42.974669,1000,993.392209
29.866339,1000,995.54231
36.618009,1000,996.17535
36.712855,1000,998.353895
39.473198,1000,998.987385
43.060231,1000,999.623164
39.512376,1000,1001.804683
43.611479,1000,1002.440181
40.787104,1000,1004.657058
44.188143,1000,1005.276735
39.702315,1000,1007.359674
41.577755,1000,1007.981292
44.430793,1000,1010.062716
35.714219,1000,1010.683571
41.030572,1000,1012.76108
42.202312,1000,1013.38136
37.178535,1000,1015.464126
37.583374,1000,1016.085551
35.787782,1000,1018.166748
39.139772,1000,1018.785046
34.184554,1000,1020.862815
34.044072,1000,1021.483814
37.190693,1000,1023.563602
39.732425,1000,1024.182734
42.147906,1000,1026.26755
40.70336,1000,1026.885871
39.082216,1000,1028.975674
41.49201,1000,1029.595764
38.49239,1000,1031.685874
34.114677,1000,1032.304995
39.427943,1000,1034.417483
42.073787,1000,1035.036208
39.080531,1000,1037.279059
33.862233,1000,1037.90988
38.631058,1000,1040.278533
39.181354,1000,1040.914119
31.130655,1000,1043.190147
35.211012,1000,1043.815108
41.808953,1000,1046.16608
36.914458,1000,1046.79685
31.365271,1000,1049.031662
37.32937,1000,1049.662491
38.376098,1000,1051.905076
37.895116,1000,1052.536928
38.07648,1000,1054.699509
43.561608,1000,1055.332359
41.630659,1000,1055.968563
39.052456,1000,1058.09534
38.311459,1000,1058.732295
39.860252,1000,1060.854469
29.776998,1000,1061.489837
39.117033,1000,1063.613516
42.939363,1000,1064.245744
37.753189,1000,1066.369822
37.750328,1000,1066.999988
37.369804,1000,1069.129798
39.18342,1000,1069.762534
37.348213,1000,1071.887967
36.722633,1000,1072.523345
39.951739,1000,1074.651785
39.886973,1000,1075.284679
39.115916,1000,1077.41543
37.310228,1000,1078.063802
41.319655,1000,1080.19591
39.767184,1000,1080.828541
36.974773,1000,1082.970053
41.172764,1000,1083.602059
40.975406,1000,1085.721528
40.787726,1000,1086.352635
41.276345,1000,1088.472594
35.27348,1000,1089.103029
39.31679,1000,1091.225973
42.238065,1000,1091.856542
38.032843,1000,1094.100819
36.755771,1000,1094.732184
40.028032,1000,1096.866599
39.357339,1000,1097.49803
43.543588,1000,1099.621666
38.75424,1000,1100.25246
37.593623,1000,1102.382418
39.52347,1000,1103.014148
38.232275,1000,1105.238665
38.097626,1000,1105.86568
38.354322,1000,1108.116978
40.47083,1000,1108.748035
40.635,1000,1110.875817
37.953057,1000,1111.508577
36.941812,1000,1113.705877
0.77797,1000,1114.340165
39.573578,1000,1114.973543
27.671909,1000,1117.105674
39.373659,1000,1117.738613
41.797104,1000,1120.023168
35.965696,1000,1120.653387
44.340866,1000,1122.987063
44.776601,1000,1123.605545
37.024945,1000,1126.090453
39.607853,1000,1126.715934
40.514281,1000,1129.106358
39.411364,1000,1129.73135
38.578793,1000,1131.9797
42.592884,1000,1132.597455
35.991999,1000,1134.974713
13.46749,1000,1135.608159
45.640689,1000,1138.016209
39.084952,1000,1138.637204
44.097179,1000,1140.942138
45.610198,1000,1141.5716
28.498237,1000,1143.693392
40.950939,1000,1144.322908
42.825468,1000,1146.488847
38.930261,1000,1147.12182
39.184124,1000,1149.382516
40.690699,1000,1150.012984
41.421831,1000,1152.133861
39.164192,1000,1152.76476
37.397699,1000,1154.906436
40.349181,1000,1155.537182
38.695283,1000,1157.890015
40.547875,1000,1158.522616
44.284737,1000,1160.913413
38.358399,1000,1161.54598
37.842337,1000,1163.859565
38.398893,1000,1164.478383
37.21549,1000,1166.575036
38.531168,1000,1167.195551
37.755007,1000,1169.293975
40.438916,1000,1169.913355
38.756925,1000,1172.020436
39.323867,1000,1172.639243
43.999179,1000,1174.740433
37.900697,1000,1175.361073
36.816428,1000,1175.981582
38.069321,1000,1178.175617
40.869013,1000,1178.795907
42.489625,1000,1181.03656
39.007929,1000,1181.656488
39.162439,1000,1183.897397
38.927171,1000,1184.5392
38.87797,1000,1186.824157
41.531154,1000,1187.44441
41.124672,1000,1189.673753
38.756707,1000,1190.299694
37.624246,1000,1192.605068
38.544313,1000,1193.226237
37.485889,1000,1195.330058
39.730223,1000,1195.949726
33.898055,1000,1198.03945
38.388031,1000,1198.657763
39.59765,1000,1200.746098
37.928587,1000,1201.363758
35.724988,1000,1203.452959
41.564841,1000,1204.069585
39.342163,1000,1206.158453
32.63729,1000,1206.776608
35.068691,1000,1209.158829
-33.749418,1000,1209.779125
-35.143037,1000,1212.076588
-37.989307,1000,1212.692918
42.865598,1000,1214.812845
-37.990513,1000,1215.430387
-36.621129,1000,1217.543733
40.879831,1000,1218.173884
-36.562382,1000,1220.325406
-38.699651,1000,1220.94334
43.57571,1000,1223.073431
9.153417,1000,1223.694458
38.188151,1000,1225.821618
36.375755,1000,1226.481978
-31.132318,1000,1228.70549
-33.408536,1000,1229.310695
-33.812833,1000,1231.854368
-33.351246,1000,1232.461241
39.073277,1000,1234.745248
-30.90417,1000,1235.364025
-32.382267,1000,1235.983111
5.445314,1000,1238.242181
39.782131,1000,1238.866617
37.759763,1000,1240.972837
-19.326141,1000,1241.583169
37.79902,1000,1243.685704
39.533364,1000,1244.310951
32.181313,1000,1246.418453
37.646912,1000,1247.043425
36.493892,1000,1249.146285
34.716166,1000,1249.77078
38.52664,1000,1251.879766
37.281037,1000,1252.506035
31.065254,1000,1254.610662
30.5066,1000,1255.231315
39.44164,1000,1257.337519
17.50779,1000,1257.953944
-36.579947,1000,1260.154406
38.623047,1000,1260.783703
37.878662,1000,1263.333881
-32.177579,1000,1263.952172
17.905554,1000,1266.124294
27.835997,1000,1266.748037
34.881856,1000,1269.152113
39.499668,1000,1269.768584
37.270172,1000,1271.978071
37.350221,1000,1272.597659
30.668992,1000,1274.717205
-26.51142,1000,1275.323391
-34.411605,1000,1277.541155
37.164841,1000,1278.163165
-32.561603,1000,1280.344313
37.936683,1000,1280.970407
38.82302,1000,1283.080713
38.085508,1000,1283.70458
15.306794,1000,1285.803603
37.808255,1000,1286.427819
33.447987,1000,1288.661914
35.400287,1000,1289.290954
37.700103,1000,1291.420621
40.030497,1000,1292.050906
38.826958,1000,1294.227175
28.97448,1000,1294.840072
40.314255,1000,1295.458389
36.170823,1000,1297.578703
38.247255,1000,1298.195325
39.239766,1000,1300.35091
37.115075,1000,1300.969348
36.42268,1000,1303.140337
37.460558,1000,1303.769902
38.040994,1000,1306.044191
38.326971,1000,1306.675624
39.349199,1000,1309.057746
38.170919,1000,1309.689758
41.25329,1000,1311.857925
37.412874,1000,1312.476721
39.196828,1000,1314.568257
37.707419,1000,1315.186569
36.116399,1000,1317.278729
38.494426,1000,1317.897089
36.81255,1000,1319.987296
37.422442,1000,1320.606801
31.001431,1000,1322.699723
40.145517,1000,1323.318096
35.845541,1000,1325.409472
37.108424,1000,1326.028156
47.181036,1000,1328.24598
44.302976,1000,1328.876028
38.150687,1000,1331.121386
39.878453,1000,1331.745301
44.395597,1000,1333.949331
43.082313,1000,1334.569475
43.085075,1000,1336.673987
41.967127,1000,1337.292054
31.624014,1000,1339.383496
35.018241,1000,1340.000606
37.466638,1000,1342.087383
39.851128,1000,1342.707182
38.147163,1000,1344.791174
31.658134,1000,1345.410754
37.30597,1000,1347.490606
37.079655,1000,1348.109183
40.466576,1000,1350.192563
34.961861,1000,1350.812184
37.865131,1000,1352.898813
41.163521,1000,1353.517655
40.68286,1000,1354.137859
39.072422,1000,1356.223375
36.19953,1000,1356.841528
35.888493,1000,1358.927186
32.662203,1000,1359.547547
33.51538,1000,1361.638022
36.529406,1000,1362.257515
38.935948,1000,1364.359728
37.763724,1000,1364.980556
39.048303,1000,1367.077911
36.316275,1000,1367.698735
35.400552,1000,1369.794081
37.835076,1000,1370.414692
37.40486,1000,1372.506546
34.278278,1000,1373.126971
32.560203,1000,1375.223657
36.155193,1000,1375.845021
42.495626,1000,1378.172966
30.954209,1000,1378.818242
36.091328,1000,1381.173915
34.57756,1000,1381.793364
25.085257,1000,1384.061322
40.006084,1000,1384.694543
33.458424,1000,1386.840937
40.488376,1000,1387.472892
39.689497,1000,1389.594352
36.682887,1000,1390.227275
20.295132,1000,1392.348191
36.545768,1000,1392.980877
34.534947,1000,1395.100138
34.642072,1000,1395.731153
36.952506,1000,1397.853977
38.453482,1000,1398.486218
35.716148,1000,1400.607945
39.887448,1000,1401.240033
37.869904,1000,1403.374126
38.481195,1000,1404.006679
37.144584,1000,1406.284596
39.244633,1000,1406.910727
36.827964,1000,1409.162704
38.825194,1000,1409.794887
32.011195,1000,1410.428404
36.594583,1000,1412.549082
40.998603,1000,1413.180603
35.17157,1000,1415.313706
40.277826,1000,1415.947145
41.302558,1000,1418.074575
38.482907,1000,1418.706938
39.91452,1000,1420.831954
36.34658,1000,1421.464256
39.162851,1000,1423.591541
39.80484,1000,1424.224016
40.099851,1000,1426.539658
39.539297,1000,1427.159221
36.55584,1000,1429.246283
43.123249,1000,1429.864478
39.86701,1000,1431.946482
37.995891,1000,1432.564275
38.309158,1000,1434.648232
35.334748,1000,1435.26699
39.696086,1000,1437.351377
40.064463,1000,1437.969867
37.986243,1000,1440.052694
44.349815,1000,1440.67059
37.168644,1000,1442.753011
40.043547,1000,1443.370758
38.672508,1000,1445.455994
37.675562,1000,1446.076802
39.469112,1000,1448.171549
40.767356,1000,1448.79148
39.687991,1000,1450.966078
36.996453,1000,1451.598674
41.01531,1000,1453.728059
38.18443,1000,1454.361381
40.799509,1000,1456.535426
39.568884,1000,1457.168022
37.504014,1000,1459.327495
39.69379,1000,1459.961595
39.831958,1000,1462.181485
35.45106,1000,1462.882794
37.317742,1000,1465.016845
19.004849,1000,1465.638003
33.240718,1000,1467.761852
34.279933,1000,1468.38356
35.248901,1000,1469.003875
36.053886,1000,1471.254265
39.717059,1000,1471.885763
39.460872,1000,1474.014211
35.266328,1000,1474.646811
40.197411,1000,1476.777756
8.478491,1000,1477.412887
39.58881,1000,1479.56258
31.686677,1000,1480.22965
38.021773,1000,1482.432544
41.356955,1000,1483.051758
27.792002,1000,1485.130888
35.7101,1000,1485.797821
36.879016,1000,1487.88082
36.648068,1000,1488.511689
39.120864,1000,1490.591408
36.166142,1000,1491.213146
27.095622,1000,1493.360893
44.34787,1000,1494.007662
40.654378,1000,1496.257239
36.062288,1000,1497.018603
40.458938,1000,1499.109084
38.353094,1000,1499.731476
39.228514,1000,1501.902122
37.964306,1000,1502.535563
40.529214,1000,1504.897619
37.00097,1000,1505.518333
36.638912,1000,1507.687183
38.604935,1000,1508.305768
41.690001,1000,1510.399875
38.289955,1000,1511.021817
34.397514,1000,1513.20647
39.525329,1000,1513.839062
37.989903,1000,1516.142654
38.509988,1000,1516.774342
42.789145,1000,1519.041064
38.180651,1000,1519.659449
42.767169,1000,1521.743264
40.687679,1000,1522.363291
36.736627,1000,1524.504683
38.667297,1000,1525.130562
36.253565,1000,1527.390386
40.537579,1000,1528.016294
41.1393,1000,1528.643991
38.686821,1000,1530.751787
38.881149,1000,1531.379768
38.01812,1000,1533.490762
37.216943,1000,1534.12018
38.736257,1000,1536.321688
28.345928,1000,1536.941798
37.300614,1000,1539.063683
39.408306,1000,1539.682404
38.535024,1000,1541.777926
39.75154,1000,1542.395688
39.275829,1000,1544.580232
43.315708,1000,1545.206872
39.528403,1000,1547.321831
33.985346,1000,1547.949291
44.287173,1000,1550.065705
37.852123,1000,1550.693748
41.062937,1000,1552.811689
39.598005,1000,1553.436843
39.926196,1000,1555.554393
40.097016,1000,1556.179314
39.611362,1000,1558.297828
38.726245,1000,1558.92406
37.155064,1000,1561.038455
43.077462,1000,1561.664902
34.971877,1000,1563.78207
45.216667,1000,1564.406192
38.47152,1000,1566.51893
38.566779,1000,1567.142308
37.924321,1000,1569.252413
37.340206,1000,1569.878234
36.352587,1000,1571.993286
39.037014,1000,1572.62024
37.827468,1000,1574.728446
38.957127,1000,1575.354655
45.131996,1000,1577.467819
38.941944,1000,1578.091158
43.005884,1000,1580.201527
36.743963,1000,1580.826923
38.127488,1000,1582.969167
38.635922,1000,1583.593012
39.095899,1000,1585.716531
40.714689,1000,1586.374154
37.455194,1000,1587.005874
38.038811,1000,1589.370368
39.147915,1000,1589.999602
41.5451,1000,1592.39158
39.410888,1000,1593.009604
37.622363,1000,1595.439968
39.2173,1000,1596.065615
40.036147,1000,1598.497725
44.854086,1000,1599.122813
37.226273,1000,1601.597379
29.325059,1000,1602.233112
42.804995,1000,1604.589475
30.442235,1000,1605.214674
34.263815,1000,1607.464759
33.244137,1000,1608.09178
34.787591,1000,1610.591148
37.82254,1000,1611.217695
37.497723,1000,1613.439812
37.346997,1000,1614.070418
33.543136,1000,1616.203651
38.457077,1000,1616.836816
37.805134,1000,1618.966983
38.442953,1000,1619.599489
38.5598,1000,1621.852877
38.171385,1000,1622.483269
38.618388,1000,1624.947859
39.544613,1000,1625.581976
36.450212,1000,1627.860011
37.894982,1000,1628.487157
43.54287,1000,1630.670841
36.754276,1000,1631.296578
39.013616,1000,1633.480169
38.821273,1000,1634.179375
38.756944,1000,1636.375932
26.951537,1000,1637.010062
30.575934,1000,1639.368944
7.536032,1000,1639.993317
20.43277,1000,1642.486653
-34.620801,1000,1643.106332
-34.386302,1000,1645.261393
38.991874,1000,1645.89321
30.987648,1000,1648.0543
-28.867943,1000,1648.673735
-33.553952,1000,1649.291404
-33.431892,1000,1651.4832
-33.948731,1000,1652.08717
-31.372017,1000,1654.15957
-33.360909,1000,1654.764507
34.261758,1000,1656.856693
-33.486818,1000,1657.46113
-28.124358,1000,1659.54026
29.982692,1000,1660.154889
35.581887,1000,1662.242982
33.773208,1000,1662.861101
-29.354782,1000,1664.938927
-34.327448,1000,1665.544697
-34.362885,1000,1667.621817
-35.843021,1000,1668.226789
-34.527077,1000,1670.478214
30.56845,1000,1671.106079
-35.374145,1000,1673.197431
-29.105278,1000,1673.818212
-25.809647,1000,1675.909024
-35.158847,1000,1676.532902
-25.9425,1000,1678.618293
37.37129,1000,1679.243609
-25.040029,1000,1681.339629
-36.890034,1000,1681.950993
-36.551842,1000,1684.05413
36.752219,1000,1684.679998
-33.724918,1000,1686.800098
-34.004395,1000,1687.413329
37.235437,1000,1689.549736
-24.636107,1000,1690.163444
-23.442102,1000,1692.303506
40.962149,1000,1692.951903
-33.736318,1000,1695.22639
-35.878799,1000,1695.83932
40.588178,1000,1697.954633
-35.157663,1000,1698.58672
-33.818585,1000,1700.674005
41.944177,1000,1701.301184
-25.546971,1000,1703.489261
36.869886,1000,1704.117296
37.593905,1000,1706.344221
-32.776048,1000,1706.9635
34.998296,1000,1707.608075
-35.996313,1000,1709.850127
-30.662613,1000,1710.46924
33.256735,1000,1712.896559
-26.273792,1000,1713.514245
-27.69877,1000,1715.807895
-34.361945,1000,1716.427056
-26.620024,1000,1718.571238
36.676245,1000,1719.202968
-30.08344,1000,1721.315524
37.095308,1000,1721.944828
35.668431,1000,1724.06857
39.309743,1000,1724.699047
-26.843376,1000,1726.943571
31.32507,1000,1727.570974
33.496433,1000,1729.889981
-33.02846,1000,1730.49504
37.351423,1000,1732.621324
36.882428,1000,1733.242338
37.648381,1000,1735.46269
38.77474,1000,1736.094611
36.756596,1000,1738.278959
36.731652,1000,1738.911484
39.502715,1000,1741.073869
36.386402,1000,1741.705946
34.800281,1000,1743.870199
39.824138,1000,1744.502474
37.987592,1000,1746.799532
40.013093,1000,1747.431725
-29.06404,1000,1749.678195
-31.300652,1000,1750.289474
-33.351615,1000,1752.460827
-31.150112,1000,1753.078975
-31.945918,1000,1755.193198
-23.369788,1000,1755.811893
-33.286432,1000,1757.926065
-33.093766,1000,1758.570284
38.286893,1000,1760.698489
-33.359437,1000,1761.317605
38.501916,1000,1763.452093
-34.191435,1000,1764.071051
35.781017,1000,1764.702881
-31.281749,1000,1766.822765
-33.41841,1000,1767.441957
-22.393879,1000,1769.57926
-33.012833,1000,1770.197421
36.703649,1000,1772.470152
36.858036,1000,1773.100686
-29.140982,1000,1775.270485
-30.476178,1000,1775.881605
37.787322,1000,1778.102165
-30.964101,1000,1778.715405
-30.015858,1000,1780.915476
36.452393,1000,1781.547423
-18.516349,1000,1783.743101
-19.825258,1000,1784.35004
-28.134161,1000,1786.552777
-32.207386,1000,1787.160941
37.007226,1000,1789.307341
32.895333,1000,1789.926416
-22.139341,1000,1792.00771
37.795393,1000,1792.627983
-19.877675,1000,1794.707489
-20.864159,1000,1795.3132
-23.950347,1000,1797.398355
37.955892,1000,1798.017623
-21.754451,1000,1800.103929
-29.915543,1000,1800.710578
-15.815903,1000,1802.795283
-20.453697,1000,1803.400669
-24.998384,1000,1805.483264
36.584978,1000,1806.103593
-20.373041,1000,1808.437834
31.897364,1000,1809.057829
37.136599,1000,1811.422127
38.50544,1000,1812.0427
-11.34386,1000,1814.267479
-21.637652,1000,1814.874809
-21.846861,1000,1816.956187
36.398761,1000,1817.575752
37.273232,1000,1819.788271
38.828482,1000,1820.406702
36.424102,1000,1822.4902
-21.787847,1000,1823.09604
35.864322,1000,1823.71384
36.172461,1000,1825.795612
37.029964,1000,1826.415754
37.431685,1000,1828.499985
38.638741,1000,1829.116778
33.764783,1000,1831.205301
35.069968,1000,1831.82477
34.799447,1000,1833.91468
37.33432,1000,1834.534439
37.740665,1000,1836.622854
39.304547,1000,1837.242979
39.928017,1000,1839.325472
35.166548,1000,1839.942505
25.869026,1000,1842.067682
34.693482,1000,1842.688597
36.759232,1000,1844.779528
37.884887,1000,1845.401768
44.915295,1000,1847.528531
38.194065,1000,1848.148318
26.869915,1000,1850.36738
38.64984,1000,1850.999843
46.081631,1000,1853.236638
31.461234,1000,1853.872
37.232353,1000,1856.105079
29.045938,1000,1856.726554
37.88521,1000,1859.003959
38.029699,1000,1859.636742
29.339216,1000,1861.82957
38.893559,1000,1862.457528
37.930703,1000,1864.630484
39.001386,1000,1865.258062
27.993379,1000,1867.577645
42.664504,1000,1868.204223
37.647499,1000,1870.441668
36.918288,1000,1871.064591
38.501977,1000,1873.25585
40.469679,1000,1873.876671
37.354966,1000,1876.066829
38.092835,1000,1876.689092
37.071901,1000,1878.976222
32.565948,1000,1879.647354
38.0088,1000,1881.926362
45.940287,1000,1882.567826
39.128501,1000,1883.194209
41.840825,1000,1885.315752
40.824202,1000,1885.941061
31.537394,1000,1888.045594
39.418545,1000,1888.669314
40.87626,1000,1890.77282
39.898327,1000,1891.399164
30.989379,1000,1893.531539
44.483698,1000,1894.155175
38.457279,1000,1896.255869
30.369021,1000,1896.883378
46.052097,1000,1898.985288
38.75314,1000,1899.612234
39.25988,1000,1901.742146
32.399067,1000,1902.370887
31.896124,1000,1904.675255
43.853655,1000,1905.452917
29.463603,1000,1907.632804
39.711908,1000,1908.263771
32.935958,1000,1910.580991
32.409253,1000,1911.206818
37.688107,1000,1913.442407
26.15923,1000,1914.068741
41.357434,1000,1916.229697
29.91995,1000,1916.85448
37.4074,1000,1919.279257
37.529228,1000,1919.907229
38.627865,1000,1922.047605
39.556781,1000,1922.67451
39.160472,1000,1924.920851
38.374067,1000,1925.548305
40.164296,1000,1927.692418
38.348396,1000,1928.323822
39.251554,1000,1930.441455
29.39037,1000,1931.074534
38.996176,1000,1933.193239
38.112458,1000,1933.824698
30.487223,1000,1935.94639
46.89078,1000,1936.577338
33.111442,1000,1938.701067
28.384212,1000,1939.33243
37.7622,1000,1941.45532
42.177676,1000,1942.087151
38.214928,1000,1942.721133
39.589079,1000,1944.841785
37.087043,1000,1945.474958
25.673659,1000,1947.595656
42.181468,1000,1948.228717
43.614596,1000,1950.346599
37.610966,1000,1950.979373
29.319628,1000,1953.103131
29.329433,1000,1953.733873
38.844429,1000,1955.8552
29.246334,1000,1956.486847
39.165992,1000,1958.690099
37.673101,1000,1959.315766
32.912185,1000,1961.732701
28.422425,1000,1962.359228
38.66449,1000,1964.590975
42.180181,1000,1965.222215
23.598737,1000,1967.478449
46.531838,1000,1968.102369
38.946663,1000,1970.21107
38.626779,1000,1970.837156
36.4009,1000,1972.942791
30.020231,1000,1973.568191
38.008726,1000,1975.685515
38.921645,1000,1976.312035
29.773321,1000,1978.459273
32.096061,1000,1979.083602
33.564384,1000,1981.544605
38.327609,1000,1982.171068
38.483628,1000,1984.598838
24.777825,1000,1985.225829
38.800596,1000,1987.652739
31.068723,1000,1988.279991
42.858385,1000,1990.49161
29.315321,1000,1991.117213
38.458792,1000,1993.230704
34.344679,1000,1993.858744
31.38992,1000,1996.184824
36.988987,1000,1996.827766
35.345729,1000,1999.152935
33.384108,1000,1999.779928
33.853441,1000,2002.095993
38.468422,1000,2002.733328
35.567105,1000,2003.352988
31.689733,1000,2005.692651
36.404182,1000,2006.318357
38.237344,1000,2008.525515
28.657666,1000,2009.157249
33.899514,1000,2011.346431
28.077753,1000,2011.98022
35.331252,1000,2014.103685
28.917173,1000,2014.735507
33.405068,1000,2016.855708
39.536234,1000,2017.49078
38.459369,1000,2019.623528
32.100091,1000,2020.360813
37.72405,1000,2022.482898
37.041282,1000,2023.115529
27.725835,1000,2025.245893
28.897942,1000,2025.879058
37.608709,1000,2028.009584
15.421217,1000,2028.644099
37.796844,1000,2030.78881
13.929437,1000,2031.424964
45.181281,1000,2033.5534
39.528522,1000,2034.185827
27.400993,1000,2036.310489
25.201328,1000,2036.943277
31.323934,1000,2039.069803
28.604513,1000,2039.705137
29.026503,1000,2041.831349
37.115701,1000,2042.464498
34.332546,1000,2044.594069
32.024084,1000,2045.228351
39.453395,1000,2047.375907
40.17536,1000,2048.008514
24.528082,1000,2050.134693
39.412692,1000,2050.766401
23.349196,1000,2052.894255
31.897794,1000,2053.528425
37.03225,1000,2055.701095
29.167446,1000,2056.378862
31.38394,1000,2058.545179
32.422093,1000,2059.173403
33.257202,1000,2061.331696
31.092957,1000,2061.956102
34.186062,1000,2062.581278
38.890242,1000,2064.684396
35.798733,1000,2065.310532
29.523391,1000,2067.414213
20.413541,1000,2068.040303
40.384867,1000,2070.145648
33.904628,1000,2070.772216
35.788353,1000,2072.881213
27.379437,1000,2073.507513
32.317708,1000,2075.615837
32.659141,1000,2076.243938
32.97419,1000,2078.356952
42.203796,1000,2078.983755
28.131458,1000,2081.095581
38.659169,1000,2081.723156
41.334627,1000,2083.832309
37.96793,1000,2084.457222
39.581379,1000,2086.565521
31.266633,1000,2087.189957
39.995396,1000,2089.299346
39.83452,1000,2089.925941
39.599794,1000,2092.033461
34.394013,1000,2092.660366
28.685157,1000,2094.767999
40.189191,1000,2095.393999
20.261727,1000,2097.505536
37.907853,1000,2098.133251
19.896536,1000,2100.239629
29.169738,1000,2100.868018
29.113531,1000,2102.976698
32.072221,1000,2103.603767
38.304841,1000,2105.709349
39.90382,1000,2106.335122
30.036284,1000,2108.444638
24.470641,1000,2109.071681
38.498725,1000,2111.180604
43.741142,1000,2111.806551
38.404717,1000,2113.915803
37.240379,1000,2114.540926
31.061974,1000,2116.652345
37.436131,1000,2117.276438
28.38302,1000,2117.902121
38.173261,1000,2120.164203
30.606699,1000,2120.785264
35.584758,1000,2122.960144
37.74264,1000,2123.605996
39.792338,1000,2125.749825
33.036878,1000,2126.368806
31.614046,1000,2128.581331
31.886296,1000,2129.201676
46.106493,1000,2131.410244
18.425644,1000,2132.030825
38.748898,1000,2134.29876
33.126331,1000,2134.931486
32.428664,1000,2137.019399
36.507564,1000,2137.638321
38.254705,1000,2139.72831
32.544795,1000,2140.345723
36.725466,1000,2142.432362
38.372973,1000,2143.05194
37.357553,1000,2145.167284
44.43494,1000,2145.792738
33.305764,1000,2147.970164
37.737913,1000,2148.602401
38.619491,1000,2151.068251
38.683494,1000,2151.688719
40.505241,1000,2153.885734
33.64096,1000,2154.518156
31.021562,1000,2156.649681
34.157678,1000,2157.280851
40.460454,1000,2159.455307
38.396014,1000,2160.081455
38.898956,1000,2162.417364
39.245805,1000,2163.042179
39.466404,1000,2165.156101
32.348192,1000,2165.781785
32.262232,1000,2167.898148
28.234442,1000,2168.524149
39.727405,1000,2170.645071
36.991748,1000,2171.270773
29.548308,1000,2173.381348
37.192354,1000,2174.006608
40.483587,1000,2176.115608
31.662014,1000,2176.967709
41.062887,1000,2177.658083
26.074504,1000,2179.976072
39.278449,1000,2180.609061
42.089337,1000,2182.729041
38.35018,1000,2183.355118
30.159843,1000,2185.476888
28.012334,1000,2186.103441
31.282099,1000,2188.217066
38.882502,1000,2188.843974
35.766715,1000,2190.960287
42.754148,1000,2191.584891
37.699829,1000,2193.818354
37.631133,1000,2194.444224
28.172736,1000,2196.683404
38.015776,1000,2197.307554
33.363784,1000,2199.53542
25.667322,1000,2200.161349
38.658044,1000,2202.342524
32.950421,1000,2202.971942
33.917286,1000,2205.199709
24.187241,1000,2205.832733
33.674451,1000,2207.961715
28.265335,1000,2208.595949
36.674716,1000,2210.807986
43.298256,1000,2211.468344
33.226198,1000,2213.981184
38.310426,1000,2214.669622
37.785151,1000,2216.9658
40.780304,1000,2217.590277
24.976814,1000,2219.79671
40.62508,1000,2220.42264
36.813811,1000,2222.561462
33.642269,1000,2223.187651
27.603974,1000,2225.412213
37.772089,1000,2226.031411
47.367592,1000,2228.157024
36.449292,1000,2228.775354
38.402406,1000,2231.241954
38.29631,1000,2231.866883
38.747927,1000,2234.283154
28.639516,1000,2234.910275
38.045451,1000,2237.106332
38.627635,1000,2237.731375
37.197857,1000,2238.357576
32.862168,1000,2240.628419
37.909729,1000,2241.248581
37.189958,1000,2243.552501
41.719069,1000,2244.185639
26.978604,1000,2246.480311
29.919186,1000,2247.107928
36.126511,1000,2249.430699
38.769843,1000,2250.167908
28.207658,1000,2252.749263
31.639999,1000,2253.380449
30.176385,1000,2255.560578
36.714698,1000,2256.192834
46.029596,1000,2258.314859
37.682575,1000,2258.947334
39.005927,1000,2261.075623
40.657489,1000,2261.706409
43.65708,1000,2263.945472
36.680858,1000,2264.5632
28.68171,1000,2266.684699
42.983647,1000,2267.303851
38.178896,1000,2269.528282
42.893152,1000,2270.145747
44.676236,1000,2272.303542
39.107417,1000,2272.930086
41.555516,1000,2275.09406
35.92069,1000,2275.720311
44.920991,1000,2277.827366
43.096584,1000,2278.450833
45.489579,1000,2280.558384
42.900343,1000,2281.183937
28.524876,1000,2283.296767
39.214691,1000,2283.922755
46.911261,1000,2286.243457
38.208495,1000,2286.868968
37.955375,1000,2289.050765
38.923748,1000,2289.676919
38.690075,1000,2291.785943
42.738832,1000,2292.410395
43.83679,1000,2294.51668
31.666554,1000,2295.142835
29.712446,1000,2297.291328
38.450097,1000,2297.923306
32.342891,1000,2298.57305
43.193008,1000,2300.844118
22.79428,1000,2301.464607
28.187243,1000,2303.57149
27.575233,1000,2304.191928
37.116684,1000,2306.286806
39.357366,1000,2306.907226
32.107846,1000,2309.003564
38.730912,1000,2309.622246
35.605478,1000,2312.014499
39.56549,1000,2312.634947
38.889262,1000,2315.018141
36.209377,1000,2315.648542
35.255599,1000,2318.044043
36.81292,1000,2318.80159
35.707287,1000,2320.99269
36.472039,1000,2321.62622
37.193107,1000,2323.790403
-27.990307,1000,2324.409552
36.856447,1000,2326.743326
-32.615632,1000,2327.35553
-31.679454,1000,2329.535584
-36.21355,1000,2330.155341
-31.982177,1000,2332.394073
31.116224,1000,2333.015308
-36.787874,1000,2335.188292
-35.74673,1000,2335.80723
-25.72056,1000,2337.920679
35.569428,1000,2338.552287
-28.601072,1000,2340.663938
35.95128,1000,2341.295911
-34.156573,1000,2343.495575
35.749147,1000,2344.126857
-35.715164,1000,2346.236855
-37.49646,1000,2346.854476
-28.820311,1000,2348.9663
38.308026,1000,2349.59841
-36.198636,1000,2352.109941
35.69565,1000,2352.740602
36.9973,1000,2355.003314
31.550813,1000,2355.618872
-37.729474,1000,2357.700884
-27.495548,1000,2358.308102
-27.819875,1000,2358.915457
36.69891,1000,2361.011436
27.311481,1000,2361.62661
37.283027,1000,2363.725872
-32.716378,1000,2364.332404
-32.864184,1000,2366.420616
32.714524,1000,2367.040075
-34.436942,1000,2369.126609
-33.20208,1000,2369.733396
-34.642068,1000,2371.82052
32.043282,1000,2372.439202
37.604138,1000,2374.5381
38.196592,1000,2375.159416
-33.848691,1000,2377.24664
-35.392935,1000,2377.854276
17.534571,1000,2379.945719
-36.055672,1000,2380.552883
-34.003716,1000,2382.638153
-35.670014,1000,2383.245579
-35.702471,1000,2385.333553
33.347944,1000,2385.950858
-32.236157,1000,2388.034761
-31.561176,1000,2388.641788
-38.236083,1000,2391.000774
-36.850915,1000,2391.613581
-37.945513,1000,2393.993324
-31.033398,1000,2394.613094
-37.565451,1000,2396.737246
-29.981007,1000,2397.35022
-33.499858,1000,2399.672614
-35.133386,1000,2400.292072
35.98359,1000,2402.722291
-29.85259,1000,2403.335013
-32.496326,1000,2405.782989
-39.085154,1000,2406.423612
-30.983123,1000,2408.542187
-31.039672,1000,2409.159934
-32.181177,1000,2411.455416
-29.682346,1000,2412.072817
-40.422453,1000,2414.297379
-39.112051,1000,2414.917397
-35.865957,1000,2417.069967
-34.739645,1000,2417.6878
-37.704297,1000,2418.305695
-32.892549,1000,2420.422769
-31.485226,1000,2421.074363
-37.801717,1000,2423.228519
-33.186745,1000,2423.839263
-28.640648,1000,2425.932355
-41.897161,1000,2426.545121
-39.288865,1000,2428.638179
-31.465608,1000,2429.249382
20.207003,1000,2431.347731
-38.270004,1000,2431.959655
-32.988022,1000,2434.052924
-35.858971,1000,2434.664498
-32.346219,1000,2436.751052
-37.687363,1000,2437.363944
-35.282304,1000,2439.456137
-35.903526,1000,2440.06863
-36.074133,1000,2442.164123
-37.410988,1000,2442.775916
-41.239081,1000,2444.869762
-36.236601,1000,2445.481799
35.494669,1000,2447.716745
-35.32769,1000,2448.335921
-37.564145,1000,2450.547626
-37.434884,1000,2451.165299
-41.342445,1000,2453.27489
32.529789,1000,2453.902482
-39.904778,1000,2456.017397
31.670293,1000,2456.645305
39.314857,1000,2458.848281
35.403754,1000,2459.489749
40.452396,1000,2461.61334
1.52867,1000,2462.232941
-36.142035,1000,2464.361379
-37.90663,1000,2464.979279
-37.087413,1000,2467.088288
38.037674,1000,2467.717446
-39.304636,1000,2469.900102
-35.939469,1000,2470.508136
35.141411,1000,2472.71256
-7.592154,1000,2473.331627
-1.186843,1000,2473.950994
38.814783,1000,2476.334595
25.217951,1000,2476.961717
26.510135,1000,2479.163076
31.947887,1000,2479.791455
35.32704,1000,2482.070672
-9.282912,1000,2482.690025
14.510965,1000,2485.08081
-36.775364,1000,2485.699597
37.467927,1000,2487.900959
-36.463717,1000,2488.514189
38.248373,1000,2490.627623
37.102719,1000,2491.255497
-36.31628,1000,2493.400436
-36.534274,1000,2494.014374
-5.054856,1000,2496.117464
9.440121,1000,2496.735974
36.283771,1000,2498.847006
36.373378,1000,2499.474174
6.843002,1000,2501.574822
20.861204,1000,2502.196098
29.570146,1000,2504.302027
8.20543,1000,2504.919156
20.653619,1000,2507.023947
-38.678911,1000,2507.638599
17.111549,1000,2509.740581
11.466585,1000,2510.360074
37.577694,1000,2512.467897
38.948769,1000,2513.095005
34.897285,1000,2515.253411
9.995125,1000,2515.872563
36.036437,1000,2518.234076
21.351032,1000,2518.855529
14.955582,1000,2521.057898
32.966869,1000,2521.683588
35.843117,1000,2523.786654
35.837995,1000,2524.411924
35.588004,1000,2526.536003
-9.925284,1000,2527.14363
34.450146,1000,2529.323639
24.19001,1000,2530.036739
34.492852,1000,2532.226091
35.878052,1000,2532.860258
33.731979,1000,2533.493084
30.517554,1000,2535.828474
33.876847,1000,2536.45881
21.2474,1000,2539.037526
36.407749,1000,2539.656409
33.55615,1000,2541.861239
31.045004,1000,2542.485606
14.365213,1000,2544.622648
36.855361,1000,2545.24972
14.092218,1000,2547.395437
36.687718,1000,2548.013884
5.534584,1000,2550.198859
19.71766,1000,2550.812382
35.368622,1000,2552.906372
31.877281,1000,2553.523726
32.425184,1000,2555.610541
15.480558,1000,2556.221844
35.156186,1000,2558.313061
8.489413,1000,2558.922592
20.147732,1000,2561.017095
13.562169,1000,2561.728031
35.482657,1000,2564.184803
35.477626,1000,2564.802723
37.205947,1000,2567.084604
36.675646,1000,2567.703827
35.14302,1000,2569.826377
39.209169,1000,2570.4511
28.338389,1000,2572.617809
34.718382,1000,2573.2422
37.292306,1000,2575.34618
35.801873,1000,2575.96945
35.78646,1000,2578.072799
36.53588,1000,2578.696374
36.480762,1000,2580.865673
36.901628,1000,2581.498006
37.746145,1000,2583.629494
30.228166,1000,2584.258404
35.991932,1000,2586.386933
33.988516,1000,2587.017138
38.97511,1000,2589.218874
34.917466,1000,2589.850683
36.567581,1000,2592.011167
36.931086,1000,2592.637737
39.175644,1000,2593.263793
35.598244,1000,2595.413545
24.561628,1000,2596.02775
33.962713,1000,2598.186553
36.395531,1000,2598.804136
24.17454,1000,2600.897298
37.292344,1000,2601.515271
37.748202,1000,2603.935685
35.810039,1000,2604.567728
35.614216,1000,2606.981718
37.332961,1000,2607.613428
36.464882,1000,2609.806457
36.012221,1000,2610.42489
37.209236,1000,2612.780185
36.465839,1000,2613.411513
33.980809,1000,2615.750157
36.999645,1000,2616.387919
35.710501,1000,2618.828556
-30.725674,1000,2619.447515
38.842688,1000,2621.579762
33.201737,1000,2622.206031
-34.073543,1000,2624.334591
38.61166,1000,2624.965495
-29.562999,1000,2627.196983
37.755477,1000,2627.829133
36.313143,1000,2630.000524
18.909075,1000,2630.625392
38.815281,1000,2632.788053
23.185038,1000,2633.415
13.595695,1000,2635.618408
-37.290333,1000,2636.237153
-38.05978,1000,2638.436595
35.436928,1000,2639.060143
3.979589,1000,2641.263747
37.653506,1000,2641.896121
-35.603787,1000,2644.01103
5.202925,1000,2644.632167
40.249209,1000,2646.835679
37.214738,1000,2647.466911
38.186527,1000,2649.681483
38.005606,1000,2650.311078
17.999602,1000,2652.466152
-36.214285,1000,2653.084663
36.287043,1000,2653.714825
36.140157,1000,2655.892438
34.454584,1000,2656.511398
26.610318,1000,2658.641697
36.475266,1000,2659.262447
28.483659,1000,2661.387354
36.070238,1000,2662.007688
21.631953,1000,2664.186608
38.015998,1000,2664.818185
11.06876,1000,2666.929674
35.907106,1000,2667.560359
13.620134,1000,2669.676961
36.616336,1000,2670.307609
34.755503,1000,2672.431183
34.432316,1000,2673.062064
36.505481,1000,2675.185017
35.439882,1000,2675.815728
33.622898,1000,2678.070685
38.353625,1000,2678.690318
35.63503,1000,2680.923038
36.350321,1000,2681.541304
36.923994,1000,2683.928507
35.514478,1000,2684.554626
36.833127,1000,2686.981931
36.064611,1000,2687.614192
36.807436,1000,2689.999979
37.551698,1000,2690.626035
35.452064,1000,2693.066319
36.231123,1000,2693.693142
34.44448,1000,2695.819109
36.180509,1000,2696.444121
39.29315,1000,2698.725007
36.83024,1000,2699.350231
37.375905,1000,2701.452463
39.016494,1000,2702.074398
36.74206,1000,2704.179403
36.070254,1000,2704.804798
35.961297,1000,2706.907118
35.100517,1000,2707.533242
36.893187,1000,2709.690199
34.93725,1000,2710.314863
35.341739,1000,2712.475964
36.340463,1000,2713.100178
34.866566,1000,2713.724825
35.487404,1000,2715.822729
36.917515,1000,2716.447751
35.625617,1000,2718.551392
35.327232,1000,2719.175833
36.101248,1000,2721.281738
35.183126,1000,2721.907837
36.564301,1000,2724.043425
36.239442,1000,2724.669394
36.216129,1000,2726.772087
36.797818,1000,2727.397263
36.106976,1000,2729.498899
36.275493,1000,2730.124177
37.46493,1000,2732.229134
36.553374,1000,2732.854494
36.812395,1000,2734.957978
39.329981,1000,2735.582553
35.896404,1000,2737.685526
36.367392,1000,2738.309877
36.184573,1000,2740.411688
39.506335,1000,2741.035791
38.313499,1000,2743.160545
38.219871,1000,2743.785435
37.899471,1000,2746.017575
36.266238,1000,2746.64983
34.910492,1000,2748.938744
38.719391,1000,2749.566031
37.407151,1000,2751.719771
36.111817,1000,2752.351233
36.737942,1000,2754.593487
36.266448,1000,2755.307031
35.458007,1000,2757.546911
38.912204,1000,2758.169151
35.520042,1000,2760.277727
37.989574,1000,2760.900241
