#{"t_start": 1532083516.315054, "env_id": "Swimmer-v2"}
r,l,t
-22.424989,1000,3.381895
-10.501861,1000,6.61709
-24.510679,1000,18.963285
-12.983049,1000,21.91309
18.317118,1000,35.674703
-4.044558,1000,38.987206
19.157069,1000,52.160499
-25.301887,1000,55.18655
-11.365034,1000,66.840505
23.19598,1000,70.362567
21.75281,1000,82.081091
21.509846,1000,85.592832
15.75835,1000,97.357098
24.797731,1000,100.288606
3.642342,1000,112.1062
22.140582,1000,115.39137
21.080498,1000,127.945646
24.919316,1000,130.885475
18.58463,1000,143.33608
20.912824,1000,146.448997
22.896371,1000,158.362664
21.692564,1000,161.710747
25.593505,1000,173.756445
29.336816,1000,177.162999
30.223508,1000,190.908209
27.644077,1000,194.85652
35.623231,1000,207.579909
29.073137,1000,210.773988
30.376511,1000,223.37973
39.680944,1000,226.432212
32.03393,1000,239.11647
44.61407,1000,242.612837
37.247705,1000,255.333854
31.833174,1000,258.580032
39.808693,1000,271.587149
36.673415,1000,274.691322
36.870919,1000,287.294162
41.64795,1000,290.371936
33.592269,1000,303.090291
40.878486,1000,306.14405
44.27929,1000,320.130652
47.857184,1000,323.759725
37.703802,1000,327.430133
45.255341,1000,340.154342
39.760378,1000,344.422426
43.886367,1000,357.130538
41.194959,1000,360.522366
39.289114,1000,372.908173
41.450795,1000,376.253418
41.079645,1000,389.465396
45.915311,1000,393.25252
47.975116,1000,406.972306
47.941945,1000,410.717713
45.206196,1000,423.570397
43.760907,1000,427.010422
45.476355,1000,440.390086
47.54075,1000,444.028663
43.495392,1000,456.472301
40.036094,1000,458.935612
44.19775,1000,471.364079
45.720821,1000,474.116561
44.725335,1000,486.905081
45.022877,1000,490.632811
50.954102,1000,503.819924
44.163488,1000,507.761403
40.692128,1000,521.308383
48.976942,1000,524.315933
34.003405,1000,536.66955
40.115503,1000,540.53412
46.56514,1000,552.590871
44.60794,1000,556.237516
34.248784,1000,568.721837
38.879185,1000,572.378398
44.65183,1000,585.154238
36.265682,1000,588.598238
46.063927,1000,600.458144
49.197893,1000,603.83859
51.197906,1000,615.892663
47.76226,1000,619.373709
50.372446,1000,631.609832
45.402031,1000,634.666416
48.109658,1000,646.942034
51.021983,1000,649.878927
50.581535,1000,663.109894
49.398504,1000,666.454653
59.81245,1000,670.13798
55.814057,1000,683.102483
57.164547,1000,686.573297
49.566533,1000,699.901274
49.984062,1000,703.338759
51.437748,1000,715.075094
60.733276,1000,718.131293
56.873072,1000,730.157827
53.220319,1000,733.11276
54.77766,1000,745.332865
55.546924,1000,747.796554
53.456279,1000,760.085974
60.559971,1000,762.827147
63.561588,1000,775.001218
55.870458,1000,777.72541
57.130029,1000,789.748671
56.399188,1000,793.163602
60.222069,1000,806.375101
56.669091,1000,809.773968
61.901555,1000,822.918494
62.384726,1000,826.12204
55.279152,1000,837.811727
54.585082,1000,840.952767
58.787346,1000,853.783539
60.778838,1000,857.147714
60.178406,1000,869.123526
65.449031,1000,872.107957
61.393526,1000,884.400028
63.941284,1000,887.760349
68.579046,1000,900.62654
64.59216,1000,904.124678
64.194009,1000,915.340955
61.484296,1000,918.748891
65.323934,1000,931.922561
56.804594,1000,934.932402
60.481491,1000,947.976958
67.457979,1000,951.220087
64.305856,1000,963.153281
59.51284,1000,966.39667
57.424878,1000,978.167854
65.559038,1000,980.646605
58.333043,1000,993.649548
66.333419,1000,996.322325
64.869599,1000,999.495807
68.690604,1000,1011.207951
64.812351,1000,1014.622396
71.654272,1000,1025.617846
72.092789,1000,1028.48527
67.073837,1000,1040.361628
67.185756,1000,1043.760062
67.422331,1000,1055.567303
73.867948,1000,1059.504158
67.855785,1000,1071.339214
68.218375,1000,1074.348734
67.633128,1000,1087.368054
74.184629,1000,1090.999609
75.068593,1000,1104.9136
69.790727,1000,1108.230351
64.27505,1000,1119.712565
69.772385,1000,1122.605552
79.740431,1000,1133.323747
69.533419,1000,1136.337396
78.278817,1000,1148.487944
71.382848,1000,1152.443201
73.65349,1000,1164.809019
73.393838,1000,1168.757374
79.744245,1000,1180.837843
72.885358,1000,1184.361657
73.187611,1000,1196.525366
77.836625,1000,1199.270892
74.169717,1000,1211.808624
78.448229,1000,1215.065417
86.119521,1000,1228.987262
78.864612,1000,1232.274476
88.472147,1000,1243.79531
77.419514,1000,1246.412452
78.306245,1000,1258.460327
87.337606,1000,1261.641997
78.5422,1000,1274.699393
83.149389,1000,1277.529333
82.676491,1000,1291.109186
58.023428,1000,1294.519092
85.210163,1000,1306.309355
80.537415,1000,1310.275213
80.405593,1000,1322.467255
87.128295,1000,1325.792959
75.944649,1000,1329.462461
80.334338,1000,1342.719113
83.414615,1000,1346.058552
81.840192,1000,1359.283977
85.966212,1000,1362.679696
88.94322,1000,1374.947778
89.036448,1000,1377.34701
82.038797,1000,1390.706535
81.657759,1000,1394.33751
87.576201,1000,1406.531825
76.681742,1000,1410.158468
89.82689,1000,1422.705551
84.375344,1000,1426.47066
84.885848,1000,1439.065071
79.083621,1000,1441.829789
82.070462,1000,1454.930632
80.79341,1000,1457.998516
90.172886,1000,1470.289603
88.422645,1000,1473.400373
85.748536,1000,1484.855752
91.126068,1000,1488.221114
77.346355,1000,1500.88799
67.98442,1000,1504.630179
87.797747,1000,1516.166032
65.867722,1000,1519.402823
74.074339,1000,1531.027647
87.509209,1000,1534.051846
52.529309,1000,1545.674629
77.760395,1000,1549.048826
80.154852,1000,1561.689564
84.41438,1000,1564.297469
87.386901,1000,1576.594177
86.149637,1000,1579.539476
87.467591,1000,1591.878915
80.30685,1000,1595.070283
38.624547,1000,1607.112317
83.177486,1000,1610.078892
88.036545,1000,1621.355374
84.751279,1000,1624.713128
81.353223,1000,1636.267116
85.829045,1000,1638.652272
92.93998,1000,1650.278192
90.610175,1000,1654.053769
91.036417,1000,1657.501787
81.252851,1000,1669.324213
80.106527,1000,1672.45298
85.971673,1000,1684.124449
82.592817,1000,1687.341412
72.536999,1000,1700.479341
74.557839,1000,1704.129493
79.207736,1000,1715.63163
71.612555,1000,1718.34416
71.018914,1000,1730.282541
70.96518,1000,1733.393655
75.295689,1000,1745.893071
66.323911,1000,1748.811755
74.703718,1000,1760.588857
75.755859,1000,1763.158485
65.744482,1000,1775.417746
77.888933,1000,1778.474566
92.320528,1000,1791.377909
80.818741,1000,1794.456235
71.128479,1000,1806.478246
80.010364,1000,1809.259254
87.14986,1000,1821.370108
86.897457,1000,1825.154307
66.758495,1000,1837.438724
82.829112,1000,1840.570424
62.620306,1000,1853.157654
66.946182,1000,1857.004969
76.347085,1000,1869.430021
83.041852,1000,1872.761848
85.215779,1000,1885.637959
78.671081,1000,1888.868316
80.311221,1000,1901.237224
78.290034,1000,1904.399086
83.133042,1000,1916.055071
83.126168,1000,1918.825342
82.573788,1000,1930.503906
76.805426,1000,1933.923077
91.975901,1000,1945.846538
87.010479,1000,1948.355816
89.141941,1000,1961.113375
74.23157,1000,1964.709528
78.944829,1000,1967.80086
67.175503,1000,1980.767792
90.743633,1000,1983.764349
73.009709,1000,1995.975245
85.440966,1000,1998.825153
80.58322,1000,2010.320204
78.771818,1000,2013.394183
84.703965,1000,2025.991456
86.770254,1000,2029.375578
86.727875,1000,2041.471539
79.536288,1000,2044.244304
89.347637,1000,2056.718281
89.852686,1000,2060.085762
84.360881,1000,2072.385213
93.83135,1000,2075.600979
88.005393,1000,2087.514806
93.413964,1000,2091.034116
97.935651,1000,2102.699596
95.946368,1000,2105.244135
97.411685,1000,2116.095494
81.958381,1000,2119.517061
88.727837,1000,2131.552757
92.654826,1000,2135.23747
91.216279,1000,2147.390094
100.666582,1000,2151.026472
101.804789,1000,2162.631572
93.715772,1000,2165.561592
101.37897,1000,2176.436367
96.930591,1000,2179.464342
94.8172,1000,2190.401815
103.068378,1000,2193.463597
88.680683,1000,2205.39771
97.263441,1000,2208.868973
98.318684,1000,2220.350854
101.286119,1000,2224.073289
107.793469,1000,2236.628316
102.696652,1000,2239.594469
98.736546,1000,2251.669278
104.06253,1000,2255.13721
103.564347,1000,2266.246318
82.22881,1000,2269.134502
103.896462,1000,2281.195092
91.478812,1000,2284.725255
92.551256,1000,2287.4853
99.391599,1000,2299.231828
98.356081,1000,2302.434628
105.769838,1000,2314.183372
100.018237,1000,2316.90068
93.39934,1000,2328.557507
95.792099,1000,2331.485148
87.63901,1000,2343.703545
100.79293,1000,2346.984649
95.975642,1000,2358.242217
93.350936,1000,2360.685893
91.315071,1000,2371.654134
89.409402,1000,2374.672442
90.921199,1000,2385.947316
94.199205,1000,2388.568975
95.494278,1000,2399.823563
92.817619,1000,2402.55371
93.733509,1000,2413.623585
82.782736,1000,2416.088758
94.058927,1000,2427.08226
94.680684,1000,2429.863386
74.037902,1000,2442.2032
97.742588,1000,2445.661474
82.704485,1000,2457.853786
94.908415,1000,2461.065316
95.023337,1000,2472.912922
102.64684,1000,2476.118403
96.243203,1000,2487.815108
102.682654,1000,2490.520081
95.882361,1000,2502.532802
95.99778,1000,2505.074317
91.640647,1000,2517.130913
86.352501,1000,2520.493878
86.051653,1000,2531.704438
98.72567,1000,2535.039865
81.773043,1000,2547.378697
93.744922,1000,2550.508193
102.019015,1000,2563.704051
92.089491,1000,2566.954576
92.22781,1000,2579.39723
98.188805,1000,2582.298227
86.496727,1000,2594.750942
97.430639,1000,2598.122736
90.189403,1000,2601.372357
95.429676,1000,2613.931334
93.958067,1000,2617.697776
98.459153,1000,2628.478818
97.65178,1000,2631.625434
96.645232,1000,2643.3997
92.178835,1000,2646.507846
88.387398,1000,2658.700501
95.147579,1000,2661.618494
93.969714,1000,2673.546621
92.997998,1000,2677.653455
89.443497,1000,2690.402469
89.271585,1000,2694.08221
92.390721,1000,2707.295323
95.149637,1000,2710.675567
99.280749,1000,2722.343896
90.467578,1000,2725.319809
93.925224,1000,2737.058997
98.427656,1000,2740.549475
90.17702,1000,2752.983399
92.196897,1000,2756.175921
85.67542,1000,2769.353007
99.765935,1000,2772.362848
89.778905,1000,2784.774077
89.892294,1000,2788.415611
96.380071,1000,2799.653665
92.305159,1000,2802.616763
97.118151,1000,2815.333946
87.954019,1000,2818.730926
94.560597,1000,2830.605459
92.814877,1000,2833.29206
103.08683,1000,2845.980827
99.506306,1000,2848.920181
91.947157,1000,2861.02863
103.668328,1000,2864.700637
99.12655,1000,2877.151942
89.858657,1000,2880.475218
98.714345,1000,2891.369398
98.820786,1000,2894.312461
101.686506,1000,2906.002206
94.254081,1000,2908.966693
94.954885,1000,2920.773309
96.527731,1000,2924.14457
96.960543,1000,2927.010788
85.483955,1000,2938.640856
101.277185,1000,2941.62916
99.032439,1000,2952.323408
101.842418,1000,2955.814876
94.968064,1000,2966.734289
94.825108,1000,2970.374947
105.384761,1000,2982.772543
96.167825,1000,2985.794334
100.911217,1000,2997.806046
90.134243,1000,3001.290633
98.282579,1000,3013.342025
91.414504,1000,3016.456738
100.596179,1000,3028.513097
98.433888,1000,3031.919228
85.887502,1000,3043.700566
91.524464,1000,3047.186179
100.00847,1000,3059.548028
92.957334,1000,3062.739323
87.379747,1000,3074.381158
98.503919,1000,3077.18611
97.940011,1000,3089.937798
95.027533,1000,3093.708629
90.532291,1000,3105.292576
91.82899,1000,3108.10344
88.513272,1000,3120.704473
92.056561,1000,3123.951657
98.196004,1000,3136.008681
95.727879,1000,3139.152369
89.984801,1000,3151.326363
91.122247,1000,3153.622832
89.934233,1000,3164.816288
86.396991,1000,3167.390673
90.619442,1000,3178.329395
96.907267,1000,3181.29021
86.954205,1000,3193.87798
98.41313,1000,3196.563797
102.615418,1000,3208.127688
97.159572,1000,3211.344202
101.40731,1000,3223.796281
87.19912,1000,3226.751324
100.529477,1000,3236.665981
98.251889,1000,3239.165505
101.442254,1000,3241.9278
92.926316,1000,3253.774314
96.626605,1000,3256.45846
98.550742,1000,3267.605111
99.045846,1000,3270.31827
100.220701,1000,3282.415096
95.600123,1000,3285.216813
101.527033,1000,3296.664998
103.130692,1000,3300.438294
96.007505,1000,3311.437587
101.25982,1000,3314.929175
102.62544,1000,3327.15743
101.116951,1000,3330.16449
92.175082,1000,3341.628152
101.243593,1000,3344.763532
100.386401,1000,3356.246562
95.704186,1000,3359.620043
96.267417,1000,3370.837665
100.759183,1000,3373.793389
100.201319,1000,3386.465226
97.795768,1000,3389.752155
102.594725,1000,3401.120044
107.155529,1000,3404.221224
105.612211,1000,3415.970064
106.177759,1000,3418.563788
102.249358,1000,3430.31309
99.564027,1000,3433.647001
91.875536,1000,3445.328102
98.612929,1000,3448.297019
101.818915,1000,3459.526061
99.977467,1000,3463.058756
99.843101,1000,3475.164701
97.527431,1000,3478.448139
96.998265,1000,3490.950662
100.011998,1000,3493.693956
90.503624,1000,3505.982633
91.620282,1000,3509.055659
97.957114,1000,3521.250334
100.102689,1000,3524.370424
97.736817,1000,3536.435034
97.679511,1000,3539.583847
99.304238,1000,3550.966535
100.1857,1000,3553.961685
90.89262,1000,3557.587588
99.612158,1000,3569.512731
92.983023,1000,3572.987032
100.629973,1000,3585.496402
97.925485,1000,3588.247377
103.832282,1000,3599.606099
100.837796,1000,3602.631728
89.509656,1000,3614.341862
102.014781,1000,3617.515285
105.700152,1000,3629.990384
91.452574,1000,3632.579331
95.591877,1000,3644.688138
102.712716,1000,3647.064883
91.30953,1000,3659.175095
101.696407,1000,3662.300856
110.604633,1000,3674.159465
104.045305,1000,3677.399817
94.452811,1000,3689.408773
100.330113,1000,3692.828516
99.534465,1000,3705.121032
101.888266,1000,3708.594792
93.933052,1000,3720.587356
93.988803,1000,3723.638703
103.770572,1000,3736.097095
98.530655,1000,3738.944536
104.098367,1000,3750.445216
103.342989,1000,3753.585804
102.525807,1000,3765.513649
106.577902,1000,3768.718265
99.83173,1000,3780.008874
104.667807,1000,3783.574325
101.328439,1000,3795.874813
109.29006,1000,3799.024267
107.43906,1000,3810.892222
109.39074,1000,3814.456161
101.663186,1000,3826.352202
101.949367,1000,3829.650381
105.80368,1000,3841.21288
106.301646,1000,3844.594535
111.584936,1000,3855.937223
103.639023,1000,3859.138968
93.982043,1000,3862.437349
101.454256,1000,3875.172856
105.197563,1000,3878.153002
106.508804,1000,3889.698126
106.257368,1000,3892.982617
102.265583,1000,3903.834132
100.13558,1000,3906.720473
102.228185,1000,3918.595357
92.588959,1000,3921.518265
107.852424,1000,3933.848631
101.158443,1000,3936.438653
100.505446,1000,3949.012267
103.358044,1000,3952.413528
102.36341,1000,3964.800651
101.539402,1000,3967.641284
104.79994,1000,3978.814497
101.798296,1000,3981.984436
102.860398,1000,3994.245341
96.977666,1000,3996.586873
100.324966,1000,4008.781367
101.816267,1000,4011.829382
106.867307,1000,4023.703782
101.473342,1000,4026.695755
104.844038,1000,4037.954433
104.276047,1000,4041.329134
106.912438,1000,4052.93563
104.871451,1000,4055.94622
102.413606,1000,4067.873624
105.877429,1000,4070.960324
106.446398,1000,4082.944109
98.673719,1000,4085.94764
108.009137,1000,4097.538345
105.554247,1000,4100.123235
102.146686,1000,4111.056823
108.000047,1000,4113.83309
104.525186,1000,4124.312064
103.651555,1000,4127.862415
107.856021,1000,4139.792283
99.283982,1000,4142.860615
104.760985,1000,4154.616823
109.029209,1000,4158.006189
103.521524,1000,4170.266548
102.393302,1000,4173.275981
106.944973,1000,4175.905088
107.054511,1000,4187.490142
101.377073,1000,4190.38694
109.587713,1000,4201.453558
110.276893,1000,4204.608644
101.320321,1000,4216.514325
104.877819,1000,4219.505147
103.067999,1000,4230.255728
109.086949,1000,4232.756017
96.141875,1000,4245.169631
100.805061,1000,4248.110904
100.540902,1000,4260.156722
105.486822,1000,4263.113155
106.448225,1000,4274.976336
100.27186,1000,4278.253006
104.227508,1000,4290.246037
100.135733,1000,4293.422644
100.031633,1000,4305.169477
106.470522,1000,4308.138337
104.206311,1000,4319.319135
96.560022,1000,4321.876304
104.207177,1000,4334.363666
107.162229,1000,4337.789452
105.214071,1000,4349.34014
106.690169,1000,4352.943658
105.854081,1000,4363.794245
99.601924,1000,4366.952928
112.254195,1000,4380.285662
111.1052,1000,4383.318616
100.973781,1000,4395.118179
101.964913,1000,4398.449517
100.135157,1000,4410.013577
111.095657,1000,4413.032047
100.606128,1000,4424.991618
111.03968,1000,4428.093562
110.236987,1000,4440.568865
103.471765,1000,4443.574301
107.086114,1000,4454.859477
108.755779,1000,4458.085371
107.393387,1000,4470.091414
106.778365,1000,4472.771917
110.253542,1000,4485.144633
110.416596,1000,4487.822521
107.236839,1000,4490.662056
107.325679,1000,4501.822296
107.206905,1000,4504.299278
111.422247,1000,4516.219359
108.159991,1000,4519.69368
107.523416,1000,4531.005019
108.94666,1000,4534.307071
110.499246,1000,4546.418766
111.188172,1000,4550.116783
99.069377,1000,4562.637398
108.961671,1000,4566.346305
106.473288,1000,4578.820569
109.884468,1000,4582.277206
110.921835,1000,4594.5053
108.568749,1000,4598.014734
110.17342,1000,4609.914569
111.719058,1000,4613.176893
112.695937,1000,4625.389137
105.434497,1000,4629.009898
109.614962,1000,4640.326293
104.912757,1000,4643.556537
113.570384,1000,4655.498462
103.27305,1000,4658.368402
103.94875,1000,4671.043238
105.858403,1000,4673.933404
108.611536,1000,4685.591873
107.292629,1000,4688.83384
105.517257,1000,4700.522269
98.893497,1000,4703.53011
105.978237,1000,4715.551746
103.568925,1000,4718.797148
106.492374,1000,4729.972449
102.019686,1000,4732.542827
106.124521,1000,4744.066052
101.679947,1000,4748.050956
99.231288,1000,4759.865917
106.256602,1000,4762.488621
97.611192,1000,4774.499118
107.350272,1000,4777.828073
100.872492,1000,4789.531644
103.284037,1000,4792.104492
100.713823,1000,4803.370103
96.898948,1000,4807.024324
104.226906,1000,4810.212173
100.120103,1000,4822.197023
106.100695,1000,4825.527172
94.412147,1000,4838.608337
101.253463,1000,4841.840551
101.308933,1000,4854.384044
89.971303,1000,4856.867948
103.145645,1000,4868.846181
94.755211,1000,4872.197431
94.140152,1000,4883.371007
99.819302,1000,4886.13256
100.791211,1000,4898.331431
92.244696,1000,4901.50329
95.881139,1000,4912.829634
94.389791,1000,4916.162821
88.878043,1000,4927.863149
99.40913,1000,4931.119131
98.831468,1000,4942.789139
95.50736,1000,4946.003064
106.425164,1000,4957.741684
100.71232,1000,4960.692703
104.530666,1000,4972.272809
101.014585,1000,4975.076924
102.118535,1000,4986.722046
101.623931,1000,4989.805154
100.216761,1000,5000.569257
101.908978,1000,5003.255533
99.470169,1000,5015.33971
97.787745,1000,5018.0919
100.183926,1000,5029.743317
97.478455,1000,5032.874672
100.455262,1000,5044.997678
97.138201,1000,5047.81573
103.05865,1000,5060.968356
102.878195,1000,5064.314722
100.415764,1000,5076.465037
97.038852,1000,5079.217935
104.454212,1000,5091.105535
103.46771,1000,5093.644352
107.023955,1000,5105.954833
104.400977,1000,5109.200025
102.357927,1000,5120.247875
101.635471,1000,5123.373439
103.129897,1000,5126.13976
101.852022,1000,5138.239947
104.814172,1000,5142.307448
101.738895,1000,5153.926749
105.508295,1000,5157.046967
100.883733,1000,5168.791139
107.104286,1000,5171.440715
102.746802,1000,5184.130132
103.63234,1000,5187.204838
104.485102,1000,5198.60834
105.167559,1000,5201.46591
101.829425,1000,5213.188971
106.249208,1000,5216.024205
106.275706,1000,5227.354609
100.909859,1000,5230.759605
99.704078,1000,5241.958431
111.089242,1000,5245.387439
100.894189,1000,5258.081145
98.027047,1000,5260.617618
104.320298,1000,5272.615224
105.626415,1000,5275.553699
108.485281,1000,5287.23618
106.755304,1000,5290.952983
103.369932,1000,5303.071463
104.73215,1000,5305.19681
102.118464,1000,5316.437393
106.07454,1000,5319.835685
111.115381,1000,5331.864555
103.784806,1000,5334.934447
103.745536,1000,5346.680567
106.038979,1000,5349.496212
104.647213,1000,5361.694908
103.136405,1000,5364.765595
100.768305,1000,5377.616635
90.162614,1000,5380.88919
104.498972,1000,5392.073412
102.495075,1000,5395.263457
107.458339,1000,5407.134547
104.653358,1000,5410.162195
94.002029,1000,5420.940545
104.755276,1000,5424.233776
102.213178,1000,5435.776305
96.952677,1000,5439.176676
100.939502,1000,5442.411238
96.414918,1000,5454.530224
102.216071,1000,5457.506845
103.71224,1000,5468.820658
94.788862,1000,5472.294627
104.869633,1000,5484.30991
102.627577,1000,5487.553015
101.000376,1000,5499.356868
99.291149,1000,5502.205781
97.271082,1000,5513.689983
106.193383,1000,5517.490953
99.227652,1000,5528.819405
98.905044,1000,5531.733236
92.857849,1000,5543.969168
102.869646,1000,5547.260044
100.428871,1000,5558.097964
93.858104,1000,5560.86371
90.112994,1000,5572.183504
105.239532,1000,5575.003292
99.312597,1000,5585.716796
94.813246,1000,5588.773524
96.605612,1000,5600.146859
97.483212,1000,5603.09409
105.462269,1000,5615.540298
100.022768,1000,5618.65515
100.84659,1000,5630.508389
98.076348,1000,5633.33331
99.962414,1000,5645.1375
99.218964,1000,5648.599335
97.637214,1000,5661.208303
96.913875,1000,5664.721501
94.878934,1000,5676.915717
97.082729,1000,5679.896058
90.83053,1000,5692.052113
91.750603,1000,5695.137104
92.535082,1000,5706.809704
96.561416,1000,5710.038658
90.169992,1000,5722.07083
93.570562,1000,5725.070471
94.201013,1000,5736.563825
95.807984,1000,5740.077427
94.2364,1000,5743.965868
94.839405,1000,5754.798731
96.127559,1000,5757.541945
102.782012,1000,5768.871766
102.177728,1000,5771.88726
98.662028,1000,5783.332469
100.893991,1000,5785.935031
102.223509,1000,5797.479237
105.246264,1000,5800.43131
106.029544,1000,5812.368852
105.284365,1000,5815.569995
102.771904,1000,5828.09723
107.516237,1000,5831.280974
103.691078,1000,5842.41778
105.454616,1000,5845.663152
105.91805,1000,5857.180497
104.065758,1000,5860.245036
104.143901,1000,5872.005575
108.500937,1000,5875.349474
100.628823,1000,5887.936789
102.006149,1000,5891.11076
103.153414,1000,5902.624264
98.550975,1000,5905.873327
100.104623,1000,5917.894078
101.334308,1000,5921.121574
94.615393,1000,5932.360042
103.745311,1000,5935.29977
102.465772,1000,5946.738852
100.330284,1000,5950.372334
99.91531,1000,5962.50492
101.733808,1000,5965.184132
104.425456,1000,5976.489451
101.850286,1000,5980.135535
97.106499,1000,5991.799612
101.729023,1000,5994.769656
100.579159,1000,6004.38408
105.79296,1000,6007.313987
105.889459,1000,6019.427576
105.376426,1000,6022.202516
100.768015,1000,6034.86056
101.338744,1000,6037.924201
105.104708,1000,6049.644301
99.407522,1000,6052.253549
99.8301,1000,6055.498365
96.879297,1000,6067.202438
102.61183,1000,6070.296078
101.751903,1000,6082.559794
103.300784,1000,6086.108541
102.107088,1000,6098.048192
100.03653,1000,6101.101848
95.970235,1000,6113.20546
102.23085,1000,6116.527949
90.832682,1000,6129.202016
91.308582,1000,6132.302898
98.093935,1000,6144.882652
94.919252,1000,6148.572997
101.889498,1000,6160.47939
88.114564,1000,6163.604084
97.284198,1000,6175.870088
98.854121,1000,6179.281852
101.386141,1000,6191.135917
104.631111,1000,6194.169482
100.87505,1000,6205.895158
97.656882,1000,6209.05286
100.206291,1000,6220.606372
97.608398,1000,6223.42941
99.439039,1000,6235.520761
98.318732,1000,6239.1736
94.641381,1000,6251.482086
103.037316,1000,6254.708299
92.159446,1000,6266.782307
97.722864,1000,6269.315673
103.739417,1000,6282.217788
100.499992,1000,6284.519724
103.539675,1000,6296.656495
97.506825,1000,6299.310152
102.386366,1000,6311.523412
100.547946,1000,6314.806591
103.800813,1000,6325.220544
104.635106,1000,6327.860457
103.58818,1000,6339.14677
104.345952,1000,6341.806154
105.012113,1000,6354.316884
98.022665,1000,6357.791502
102.859259,1000,6370.504207
99.770108,1000,6374.35109
96.231836,1000,6377.75378
100.341407,1000,6389.703411
99.921487,1000,6392.717696
102.055081,1000,6404.417209
98.762626,1000,6408.20702
99.501608,1000,6419.242628
102.22357,1000,6422.671468
96.639624,1000,6434.913165
104.221478,1000,6438.02935
90.776509,1000,6450.313266
94.55924,1000,6452.950375
98.60288,1000,6465.45144
96.625568,1000,6468.176374
103.213457,1000,6479.774022
98.030965,1000,6482.737816
100.136264,1000,6494.160131
100.882591,1000,6497.07521
99.353707,1000,6510.062608
97.814739,1000,6512.811754
96.616175,1000,6525.077165
91.246308,1000,6528.148381
100.646943,1000,6540.287729
99.732631,1000,6543.052711
99.135359,1000,6554.814356
95.868977,1000,6557.72222
98.38535,1000,6570.177092
95.759512,1000,6572.882253
95.885,1000,6584.554551
90.409968,1000,6587.259953
96.863237,1000,6598.125296
96.828917,1000,6601.195008
99.21223,1000,6612.77259
95.024776,1000,6615.329957
97.292184,1000,6627.327572
99.109519,1000,6630.17919
100.227549,1000,6642.910952
100.802834,1000,6645.711712
96.647808,1000,6658.114568
99.847813,1000,6661.621042
99.005642,1000,6673.472419
91.227246,1000,6676.400331
97.91161,1000,6688.641701
102.426535,1000,6692.012982
94.627851,1000,6694.469342
101.987333,1000,6705.594244
99.679299,1000,6708.364345
99.344211,1000,6719.771476
100.926305,1000,6722.734644
103.920166,1000,6734.506542
94.455426,1000,6737.66522
104.80581,1000,6749.076556
97.180049,1000,6752.226716
103.754574,1000,6763.874786
102.647137,1000,6766.346929
104.618424,1000,6777.135735
103.045709,1000,6779.473292
96.983244,1000,6791.453233
98.355348,1000,6793.814689
99.287987,1000,6806.324527
99.894755,1000,6808.931396
95.109032,1000,6820.081491
102.783567,1000,6822.936566
97.617727,1000,6835.33116
97.401987,1000,6838.260993
104.095205,1000,6850.828437
101.442601,1000,6853.44604
102.94612,1000,6865.607157
96.197835,1000,6868.286755
99.906133,1000,6879.888692
97.294762,1000,6883.089319
93.465855,1000,6894.489244
93.476231,1000,6898.138354
101.835685,1000,6910.061607
95.399299,1000,6913.390462
101.960872,1000,6924.802647
99.611241,1000,6927.067624
101.441279,1000,6938.576259
102.7673,1000,6941.855941
95.298631,1000,6954.177627
100.988571,1000,6957.497543
98.979937,1000,6970.017077
98.158464,1000,6973.200914
101.340938,1000,6985.054837
99.74571,1000,6988.315524
95.391144,1000,6999.634585
102.697194,1000,7002.635048
103.341314,1000,7005.335949
104.04329,1000,7017.438242
102.455596,1000,7020.391081
99.909923,1000,7032.421252
100.193797,1000,7036.004649
103.077106,1000,7048.563679
95.628905,1000,7051.264566
103.129301,1000,7062.559765
100.261771,1000,7065.611646
94.132987,1000,7077.18993
100.462439,1000,7080.339596
96.858477,1000,7092.140376
101.365819,1000,7095.21237
101.592357,1000,7106.375443
105.400633,1000,7108.897645
99.020312,1000,7120.436736
102.008658,1000,7123.270235
99.571798,1000,7135.12991
97.391425,1000,7138.17557
101.453697,1000,7149.894929
103.882971,1000,7153.529307
102.142718,1000,7164.869553
91.507063,1000,7167.493322
104.18948,1000,7178.811433
101.574663,1000,7181.860023
96.307558,1000,7192.310081
95.075867,1000,7194.737999
99.047157,1000,7205.056008
102.595859,1000,7208.427181
102.113527,1000,7219.010989
99.899993,1000,7221.836102
100.070376,1000,7231.866714
102.309519,1000,7233.678972
105.552882,1000,7242.869029
99.049662,1000,7244.968974
102.180124,1000,7253.349988
99.315431,1000,7255.206064
98.398919,1000,7264.34553
100.218852,1000,7266.458101
106.26272,1000,7274.817429
101.258075,1000,7276.637119
99.002499,1000,7283.654718
101.017271,1000,7285.314467
101.191315,1000,7287.13547
98.870694,1000,7296.375779
105.111853,1000,7298.697999
103.666162,1000,7305.832678
102.463304,1000,7307.55439
108.853802,1000,7315.678909
104.817331,1000,7317.349968
100.07292,1000,7325.149991
99.420716,1000,7327.460943
102.712694,1000,7336.08216
109.447236,1000,7338.02832
107.406037,1000,7346.301713
105.342819,1000,7348.010253
109.063312,1000,7355.147785
104.742067,1000,7357.151863
95.764871,1000,7365.836948
109.521077,1000,7367.422751
107.520459,1000,7375.032716
108.495452,1000,7376.78597
105.511365,1000,7384.509458
104.600473,1000,7386.483098
101.589415,1000,7394.287248
106.835853,1000,7396.090059
107.030874,1000,7404.530833
104.409318,1000,7406.187798
105.220405,1000,7414.927915
103.859905,1000,7416.74936
107.221732,1000,7425.772234
102.791052,1000,7427.683601
104.410893,1000,7436.412667
108.797001,1000,7438.380327
107.293904,1000,7446.560156
109.672309,1000,7448.636443
99.418074,1000,7456.929179
99.525885,1000,7458.956315
97.093609,1000,7467.119689
103.002113,1000,7468.760487
105.951811,1000,7476.622502
99.727919,1000,7478.287408
105.230584,1000,7486.649852
104.753853,1000,7488.590377
100.522575,1000,7490.308583
102.612107,1000,7498.173692
110.778701,1000,7500.237303
101.731094,1000,7509.553113
99.463058,1000,7511.382694
98.710582,1000,7519.771205
110.009675,1000,7521.780292
106.428298,1000,7529.262249
104.544663,1000,7530.94757
102.68222,1000,7538.499655
105.249262,1000,7540.591305
98.991089,1000,7549.209487
97.606767,1000,7550.984157
103.743089,1000,7560.85221
101.019415,1000,7562.528091
104.385669,1000,7569.255197
106.857818,1000,7571.532014
107.643879,1000,7580.314272
103.054294,1000,7582.682897
100.798475,1000,7590.768822
94.5915,1000,7592.488637
105.638097,1000,7600.210114
103.453221,1000,7602.030904
99.992135,1000,7610.141141
103.926947,1000,7611.826737
106.093436,1000,7619.690423
96.294467,1000,7621.780848
106.392053,1000,7630.442595
97.926755,1000,7632.216708
105.394295,1000,7640.412129
107.368232,1000,7642.198563
101.154336,1000,7649.986993
100.231812,1000,7651.839963
102.588391,1000,7660.264166
94.512478,1000,7661.880596
103.740824,1000,7669.268869
105.063452,1000,7671.319956
100.652053,1000,7679.52501
103.532534,1000,7681.709894
105.373596,1000,7689.542461
103.219859,1000,7691.28334
102.768641,1000,7698.540506
103.106577,1000,7700.22748
96.685579,1000,7701.698376
101.469274,1000,7707.631447
100.663958,1000,7708.918149
103.391764,1000,7714.677303
102.311567,1000,7715.92946
106.23615,1000,7721.674435
100.847547,1000,7722.898494
101.345044,1000,7727.948501
99.276282,1000,7728.914378
103.934684,1000,7733.496753
107.467563,1000,7734.458364
100.385534,1000,7738.797468
101.959811,1000,7739.688416
91.920549,1000,7744.063504
102.623913,1000,7745.007361
101.747672,1000,7749.478744
107.150823,1000,7750.379227
104.444318,1000,7755.10576
97.666871,1000,7756.31427
100.360448,1000,7760.920173
103.502547,1000,7761.88609
105.708027,1000,7766.011206
102.12342,1000,7767.023219
109.943641,1000,7771.435398
98.062796,1000,7772.480806
101.078217,1000,7777.206845
105.972688,1000,7778.101569
97.207277,1000,7782.455751
106.686375,1000,7783.641692
98.1752,1000,7787.488549
79.194054,1000,7788.451015
77.151418,1000,7792.694958
102.957973,1000,7793.780715
93.735989,1000,7797.768077
98.800795,1000,7798.789054
100.083864,1000,7803.226483
94.836178,1000,7804.432024
94.198776,1000,7809.10566
97.041398,1000,7810.161064
90.947655,1000,7814.86721
102.181965,1000,7815.917053
89.153891,1000,7820.560443
102.038598,1000,7821.626642
97.159407,1000,7822.669158
90.044745,1000,7827.2888
97.590995,1000,7828.343626
95.516381,1000,7832.978199
93.564257,1000,7834.029284
98.10614,1000,7838.288086
96.666841,1000,7839.364426
96.967302,1000,7843.97721
101.777745,1000,7844.985753
100.9639,1000,7849.355549
103.915984,1000,7850.530465
98.509994,1000,7855.224185
100.54714,1000,7856.174227
91.953734,1000,7860.616213
93.238298,1000,7861.682886
94.227674,1000,7866.250481
98.32876,1000,7867.316277
93.288415,1000,7871.936641
100.769351,1000,7872.87506
99.447194,1000,7876.562688
94.120677,1000,7877.596238
99.973512,1000,7882.036404
101.811409,1000,7883.05685
99.348881,1000,7887.150383
102.746857,1000,7888.547748
99.025389,1000,7893.287186
102.058399,1000,7894.334202
102.09197,1000,7898.980068
96.395324,1000,7900.2208
107.833202,1000,7904.820813
104.057687,1000,7905.876615
105.000793,1000,7910.526362
101.557937,1000,7911.647126
104.048679,1000,7916.059337
99.965513,1000,7917.000553
97.692396,1000,7921.339413
102.951356,1000,7922.46298
99.788777,1000,7926.897064
99.676804,1000,7927.890026
94.594785,1000,7932.419596
93.262119,1000,7933.550036
92.582278,1000,7937.514666
102.768421,1000,7938.504805
96.941076,1000,7939.521934
99.871514,1000,7943.79551
102.556616,1000,7944.970479
103.519189,1000,7948.853193
100.194727,1000,7950.080284
101.627135,1000,7954.196848
94.830435,1000,7955.200143
93.624611,1000,7960.037305
102.456015,1000,7960.965787
100.678552,1000,7964.781801
98.430303,1000,7966.078486
99.511843,1000,7970.721545
99.73761,1000,7971.789557
88.802428,1000,7975.94863
103.439041,1000,7976.930102
97.114125,1000,7981.43466
100.270857,1000,7982.47539
104.029012,1000,7986.7025
102.461948,1000,7987.783834
101.437354,1000,7992.05252
98.682498,1000,7993.005291
105.272168,1000,7997.772582
107.648546,1000,7998.947912
103.272553,1000,8003.201865
107.989317,1000,8004.166323
105.311298,1000,8008.719611
101.640318,1000,8009.963583
106.627307,1000,8014.103631
104.812017,1000,8015.076649
109.089651,1000,8019.242759
106.91097,1000,8020.539693
109.44661,1000,8024.894035
103.066867,1000,8025.98305
109.763945,1000,8030.431265
105.020939,1000,8031.799766
105.35424,1000,8036.11255
102.656733,1000,8037.086689
106.762222,1000,8040.838034
106.51055,1000,8041.888481
105.546713,1000,8046.566542
104.340268,1000,8047.826949
102.832375,1000,8052.117934
106.893833,1000,8053.172039
105.706568,1000,8054.081066
96.593349,1000,8058.865958
101.589394,1000,8060.029942
96.913151,1000,8064.718116
104.223557,1000,8065.808537
96.736104,1000,8070.11157
105.336705,1000,8071.032037
101.430775,1000,8075.124645
103.583917,1000,8076.115493
98.814586,1000,8080.590814
97.341793,1000,8081.508659
100.04821,1000,8085.997541
107.055829,1000,8087.179866
103.803907,1000,8091.353014
104.316181,1000,8092.444448
101.504858,1000,8096.693557
105.834313,1000,8097.810444
103.009282,1000,8102.121229
107.1276,1000,8103.205159
106.625068,1000,8107.5024
104.875701,1000,8108.423134
108.757522,1000,8112.634867
107.757648,1000,8113.736841
105.699546,1000,8117.760283
103.823296,1000,8118.885975
104.236566,1000,8123.338077
101.068535,1000,8124.428094
106.116875,1000,8128.730808
104.730977,1000,8129.788918
103.561394,1000,8134.163848
102.877935,1000,8135.165604
98.079983,1000,8139.418277
100.107711,1000,8140.393901
105.488957,1000,8145.026031
104.377598,1000,8146.047769
104.492354,1000,8150.827889
102.108379,1000,8151.85397
107.983766,1000,8156.215195
100.813531,1000,8157.242542
102.316433,1000,8161.768062
109.339166,1000,8162.903646
106.419939,1000,8167.344508
104.937677,1000,8168.520334
97.73536,1000,8169.767384
101.153672,1000,8174.234724
104.230581,1000,8175.483905
106.642158,1000,8179.729963
106.583011,1000,8180.619573
104.341315,1000,8185.115718
105.80652,1000,8186.20383
107.789152,1000,8190.784623
100.747,1000,8191.783437
102.320313,1000,8196.373988
101.145263,1000,8197.620669
96.167919,1000,8202.165479
95.405402,1000,8203.070831
103.45203,1000,8207.751348
104.797278,1000,8208.797343
103.979204,1000,8213.022939
91.676012,1000,8214.030703
103.051267,1000,8218.99061
102.479822,1000,8220.095714
97.726118,1000,8224.829166
101.1145,1000,8225.959511
102.271707,1000,8230.3979
101.451204,1000,8231.308224
104.549572,1000,8235.923502
105.401171,1000,8236.828558
107.593606,1000,8241.243361
108.815174,1000,8242.281628
109.599311,1000,8246.698547
107.010587,1000,8247.679831
108.441099,1000,8252.526024
105.720982,1000,8253.468189
102.556816,1000,8257.691311
105.299554,1000,8258.752867
107.180363,1000,8263.471626
106.452644,1000,8264.736926
106.622029,1000,8269.411911
100.328422,1000,8270.437561
105.952136,1000,8274.587476
106.212338,1000,8275.672091
110.095072,1000,8280.161457
104.582992,1000,8281.23793
106.882264,1000,8282.268089
107.005408,1000,8286.692904
107.444782,1000,8287.818147
102.439968,1000,8292.125119
101.68712,1000,8293.127207
108.988033,1000,8297.703794
103.105533,1000,8298.693238
103.651183,1000,8302.997455
101.161766,1000,8303.986733
103.376984,1000,8308.487033
101.650397,1000,8309.541418
108.741781,1000,8314.120845
100.592451,1000,8315.223709
101.16243,1000,8319.221335
104.24615,1000,8320.344376
110.5012,1000,8324.576856
105.810902,1000,8325.604762
106.41689,1000,8329.9561
103.282288,1000,8331.132676
104.051243,1000,8335.684909
109.724158,1000,8336.993546
101.492586,1000,8340.696612
95.557114,1000,8341.644994
104.9806,1000,8346.511248
108.215306,1000,8347.578145
103.254975,1000,8351.828973
106.466808,1000,8353.054631
99.071932,1000,8357.362934
98.061698,1000,8358.340065
103.097338,1000,8362.48949
104.656309,1000,8363.508526
104.043947,1000,8368.066584
97.786719,1000,8369.077825
103.21925,1000,8372.853634
93.761374,1000,8373.91454
95.64198,1000,8378.876666
105.860251,1000,8380.179013
99.423922,1000,8384.645498
100.208707,1000,8385.728575
89.394472,1000,8390.217
103.696702,1000,8391.402889
95.613561,1000,8395.678085
99.928218,1000,8396.819292
104.767829,1000,8397.917626
93.31293,1000,8402.172182
105.139714,1000,8403.156842
97.538026,1000,8407.709034
103.719164,1000,8408.616213
94.863756,1000,8413.048734
96.040279,1000,8414.134411
100.746512,1000,8418.735819
102.381879,1000,8419.837141
97.987556,1000,8423.987021
93.679099,1000,8424.946008
100.535329,1000,8429.389443
93.433387,1000,8430.415968
101.92909,1000,8434.831018
98.84697,1000,8435.871864
94.759931,1000,8440.208496
106.360134,1000,8441.282816
103.472094,1000,8445.630447
105.12911,1000,8446.688863
101.986005,1000,8450.530444
104.101106,1000,8451.777008
106.23134,1000,8456.379509
90.183623,1000,8457.32507
96.706484,1000,8461.755812
99.296436,1000,8462.819757
105.248204,1000,8467.002215
107.687031,1000,8468.043664
106.266887,1000,8472.624974
109.45689,1000,8473.735864
108.231903,1000,8478.419455
109.042947,1000,8479.485118
103.763139,1000,8484.160045
107.61199,1000,8485.197287
104.19294,1000,8489.580899
105.194397,1000,8490.595644
101.765266,1000,8495.172768
103.647807,1000,8496.418025
106.502424,1000,8501.270394
108.72938,1000,8502.273097
103.219191,1000,8506.804719
109.515291,1000,8507.825032
103.304978,1000,8512.229108
103.892887,1000,8513.453874
107.575278,1000,8514.524507
108.572203,1000,8518.880683
103.159283,1000,8519.999347
105.407285,1000,8524.493
111.230053,1000,8525.40817
106.454109,1000,8529.793743
109.00479,1000,8530.835403
106.895838,1000,8535.269134
108.473894,1000,8536.169485
96.237851,1000,8540.709925
103.81948,1000,8541.710948
97.85232,1000,8546.400218
104.137446,1000,8547.442072
101.916544,1000,8552.173879
92.625341,1000,8553.146237
107.238766,1000,8557.566357
103.537348,1000,8558.626301
105.467122,1000,8563.284819
109.041007,1000,8564.364732
102.002406,1000,8568.716575
99.426668,1000,8569.770758
106.353601,1000,8574.169583
108.620388,1000,8575.193966
107.497613,1000,8579.380888
107.995026,1000,8580.337079
109.821537,1000,8584.871906
104.323355,1000,8585.803378
100.921788,1000,8590.737307
102.49779,1000,8591.719534
112.277721,1000,8596.616609
109.320254,1000,8597.60164
108.523267,1000,8602.111457
102.063885,1000,8603.10463
107.696857,1000,8607.598648
106.190279,1000,8608.66346
111.653978,1000,8612.866066
110.779031,1000,8613.893462
112.679382,1000,8617.609262
104.652507,1000,8618.719303
100.81602,1000,8622.923456
107.202025,1000,8623.976686
109.863379,1000,8628.369519
109.341399,1000,8629.528423
112.78492,1000,8630.444203
113.15812,1000,8635.306504
108.044932,1000,8636.403971
111.493659,1000,8640.479183
104.563047,1000,8641.552911
105.874381,1000,8646.436407
106.858788,1000,8647.443095
106.608135,1000,8652.04762
101.78828,1000,8653.121764
100.841958,1000,8657.56741
104.04777,1000,8658.64448
99.753829,1000,8662.978977
106.477748,1000,8664.006021
100.377546,1000,8667.860946
97.777087,1000,8668.899633
103.516272,1000,8673.174135
101.365819,1000,8674.149137
107.597704,1000,8678.976048
104.025196,1000,8679.960818
107.336838,1000,8684.304905
106.6288,1000,8685.335656
104.282246,1000,8689.968706
101.655172,1000,8691.087384
106.627483,1000,8696.011595
103.918422,1000,8697.161236
109.516927,1000,8701.154802
110.54744,1000,8702.121441
108.58001,1000,8706.839658
97.829197,1000,8707.845025
106.782242,1000,8712.764697
98.883318,1000,8713.666598
102.546407,1000,8718.553545
107.136865,1000,8719.716692
94.600677,1000,8724.339707
103.964922,1000,8725.578615
104.984628,1000,8730.074827
102.963882,1000,8731.037896
106.263958,1000,8735.520195
102.81975,1000,8736.628647
100.630884,1000,8741.159819
87.890577,1000,8742.221313
101.720783,1000,8746.572644
101.092076,1000,8747.629939
92.11677,1000,8748.825553
99.734317,1000,8753.24154
107.045902,1000,8754.265095
104.280837,1000,8758.453241
101.056916,1000,8759.524834
97.148904,1000,8763.988449
93.269052,1000,8765.066366
104.469333,1000,8769.705277
99.58819,1000,8770.773342
107.41088,1000,8774.867395
92.723237,1000,8775.811077
109.579155,1000,8780.639612
101.545993,1000,8781.769058
104.374639,1000,8786.329768
101.05212,1000,8787.253455
91.447306,1000,8792.047545
98.722529,1000,8793.141781
107.700437,1000,8797.803088
109.769983,1000,8798.734502
108.447326,1000,8803.271485
108.777414,1000,8804.460572
106.836234,1000,8808.896053
106.061311,1000,8809.89196
96.321926,1000,8814.623548
103.958913,1000,8815.614299
103.796672,1000,8820.241124
105.704356,1000,8821.204397
108.63657,1000,8825.668235
109.296473,1000,8826.807607
102.322897,1000,8831.176891
99.927539,1000,8832.195656
107.571567,1000,8836.530192
101.365545,1000,8837.51058
105.330389,1000,8841.900628
103.685082,1000,8842.861567
101.548402,1000,8847.547443
107.692541,1000,8848.677117
106.068035,1000,8853.303279
106.947608,1000,8854.327346
107.129502,1000,8858.699049
101.698475,1000,8859.999787
102.586179,1000,8864.65601
107.159744,1000,8865.630168
108.090183,1000,8866.709681
104.144697,1000,8871.429964
97.203677,1000,8872.330691
100.932119,1000,8876.870257
106.135947,1000,8877.961973
110.304008,1000,8882.267481
107.031025,1000,8883.178868
110.260581,1000,8887.542438
109.045532,1000,8888.674924
107.722509,1000,8893.124654
107.047158,1000,8894.270529
99.83239,1000,8898.591841
109.859349,1000,8899.587959
105.864329,1000,8904.272058
106.311377,1000,8905.36717
98.231675,1000,8909.410771
105.412616,1000,8910.475871
102.439688,1000,8914.830546
95.905789,1000,8915.856191
104.631843,1000,8920.955077
106.821946,1000,8922.104887
105.893295,1000,8926.370613
101.742387,1000,8927.422701
101.945928,1000,8931.799996
104.661337,1000,8932.871827
102.044847,1000,8937.383807
107.964369,1000,8938.355683
97.491297,1000,8942.313002
102.645955,1000,8943.360773
104.722806,1000,8948.199762
107.410173,1000,8949.36599
103.719949,1000,8953.493624
105.171937,1000,8954.439236
104.552327,1000,8958.920384
106.478709,1000,8959.851628
100.726372,1000,8963.919535
100.876993,1000,8964.858571
104.408434,1000,8969.691537
103.194069,1000,8970.633576
99.601543,1000,8975.226165
97.475325,1000,8976.464646
107.832245,1000,8977.607152
110.014732,1000,8981.698068
99.543908,1000,8982.632153
102.827198,1000,8986.996208
97.249394,1000,8987.908184
104.104529,1000,8991.929414
98.21457,1000,8992.95084
102.130445,1000,8997.050989
101.394777,1000,8998.077808
101.397642,1000,9002.555656
107.808971,1000,9003.722267
103.900478,1000,9008.346981
104.82879,1000,9009.506284
102.455953,1000,9014.491035
104.251572,1000,9015.654061
100.001726,1000,9020.601995
98.549134,1000,9021.570605
103.344078,1000,9025.479217
102.282422,1000,9026.6091
100.094981,1000,9031.281212
103.18519,1000,9032.447459
106.06819,1000,9037.208417
103.405084,1000,9038.100915
106.292288,1000,9042.465409
102.479755,1000,9043.398326
102.465831,1000,9047.856707
106.000926,1000,9049.056051
103.624466,1000,9053.651742
109.05479,1000,9054.736731
112.313184,1000,9059.4203
105.384743,1000,9060.533097
108.685713,1000,9065.170756
111.369664,1000,9066.450053
107.473776,1000,9070.852659
107.118071,1000,9071.944432
110.195827,1000,9076.292835
103.798572,1000,9077.479656
97.833692,1000,9081.191578
107.616425,1000,9082.252502
106.668315,1000,9086.58461
106.805591,1000,9087.562727
108.390825,1000,9091.96365
108.017573,1000,9092.946731
104.411472,1000,9093.974326
106.790329,1000,9098.161911
102.622153,1000,9099.32531
109.495339,1000,9103.722469
108.485293,1000,9104.644185
104.260719,1000,9109.389847
102.883774,1000,9110.61851
106.206765,1000,9115.397005
111.31709,1000,9116.291921
107.272567,1000,9120.839366
97.696032,1000,9121.968035
103.566087,1000,9126.417306
95.70035,1000,9127.56975
100.714858,1000,9131.788719
101.292746,1000,9132.695665
109.091447,1000,9137.400957
106.215623,1000,9138.62705
101.200979,1000,9143.355008
94.397345,1000,9144.323529
102.568986,1000,9148.958497
103.900083,1000,9149.848572
105.787716,1000,9154.24919
108.201677,1000,9155.323664
111.11503,1000,9159.78887
105.373867,1000,9160.874392
106.20341,1000,9165.716818
96.76476,1000,9166.869977
103.790794,1000,9171.328382
106.785075,1000,9172.406516
109.852942,1000,9176.96407
108.22618,1000,9178.259017
104.373113,1000,9182.611035
113.686624,1000,9183.586843
99.765844,1000,9188.200889
103.771071,1000,9189.167625
107.741681,1000,9193.291781
108.685608,1000,9194.243572
106.209463,1000,9198.929048
105.588498,1000,9199.932054
109.457697,1000,9205.223343
110.570447,1000,9206.175974
94.334773,1000,9210.932012
111.950862,1000,9212.124527
107.296804,1000,9213.324788
108.34287,1000,9217.851577
107.696746,1000,9218.812923
106.357252,1000,9223.299881
102.160681,1000,9224.316628
107.202353,1000,9228.699518
92.062457,1000,9229.672593
109.019049,1000,9233.888163
105.016079,1000,9234.832629
94.665883,1000,9238.960036
104.868359,1000,9239.969192
102.189522,1000,9244.605431
89.927062,1000,9245.503106
108.791824,1000,9249.720622
108.248628,1000,9250.660028
108.161657,1000,9255.274065
108.575048,1000,9256.164112
93.049367,1000,9260.344504
105.3081,1000,9261.633747
98.220927,1000,9266.17655
104.309638,1000,9267.071092
106.646892,1000,9271.159336
101.075774,1000,9272.051596
106.811816,1000,9276.725194
108.003566,1000,9277.915985
103.815466,1000,9282.774707
110.073244,1000,9283.751094
106.766078,1000,9288.457351
102.710306,1000,9289.597524
105.281636,1000,9293.863546
103.404765,1000,9294.958378
107.171741,1000,9299.854023
102.918644,1000,9300.864908
104.960134,1000,9305.402796
109.867942,1000,9306.486808
101.403507,1000,9310.853091
106.572013,1000,9311.972515
109.363649,1000,9316.197295
109.37501,1000,9317.087771
107.570923,1000,9321.295871
108.247001,1000,9322.260773
107.098885,1000,9325.929999
112.269574,1000,9326.975939
107.909485,1000,9327.904871
111.54204,1000,9332.404243
108.410851,1000,9333.462669
98.845329,1000,9337.879412
111.675422,1000,9338.932632
111.135561,1000,9342.940032
107.794563,1000,9344.082143
98.601233,1000,9348.794702
102.386443,1000,9349.89529
104.56262,1000,9354.669799
110.265844,1000,9355.842489
105.986711,1000,9360.675042
103.345497,1000,9361.688309
99.145282,1000,9366.459766
106.815993,1000,9367.555217
107.170707,1000,9371.72033
108.119353,1000,9372.720478
110.260072,1000,9376.926081
106.220186,1000,9378.001147
111.576447,1000,9382.375389
103.911123,1000,9383.578956
105.99234,1000,9388.137657
106.317149,1000,9389.211834
101.793762,1000,9393.272238
105.198364,1000,9394.230273
106.452655,1000,9398.834646
106.629249,1000,9399.881998
107.346078,1000,9404.318526
105.02911,1000,9405.377136
113.712601,1000,9410.144392
109.151762,1000,9411.146868
106.200208,1000,9415.720212
107.828022,1000,9416.730728
107.93774,1000,9421.4252
107.736179,1000,9422.621924
97.552986,1000,9426.918823
104.788777,1000,9428.039091
107.970469,1000,9432.515344
108.613327,1000,9433.757934
109.311665,1000,9438.609637
108.280245,1000,9439.861771
101.066184,1000,9444.473151
109.517278,1000,9445.444875
110.364431,1000,9446.777024
111.706803,1000,9451.347519
106.749497,1000,9452.257916
111.903486,1000,9456.749104
107.795378,1000,9457.769306
112.485741,1000,9462.375124
105.850433,1000,9463.50891
109.49415,1000,9467.736475
105.757178,1000,9468.803249
104.359721,1000,9473.211562
99.882088,1000,9474.206941
109.141148,1000,9478.628471
105.490959,1000,9479.665969
104.773463,1000,9483.6511
108.101546,1000,9484.882628
104.388677,1000,9488.907974
101.205507,1000,9489.981427
108.496154,1000,9494.710201
107.644086,1000,9495.639291
105.064738,1000,9499.627465
102.143762,1000,9500.514882
108.979356,1000,9504.863626
102.905565,1000,9505.991435
101.832447,1000,9510.315838
104.803805,1000,9511.380573
108.461008,1000,9515.704139
107.535402,1000,9516.833741
96.650931,1000,9521.167309
110.786037,1000,9522.169287
104.861457,1000,9526.415087
105.116746,1000,9527.690342
108.735577,1000,9532.01804
106.506425,1000,9532.981245
108.677317,1000,9536.923622
109.139908,1000,9538.000617
101.257303,1000,9542.625802
107.155101,1000,9543.678841
105.613877,1000,9547.864112
103.609883,1000,9548.876586
106.880945,1000,9553.165618
112.144214,1000,9554.156518
108.605929,1000,9558.240911
103.75357,1000,9559.316676
101.608398,1000,9560.310855
106.616719,1000,9564.302824
110.748755,1000,9565.233382
108.920297,1000,9569.772746
108.387679,1000,9570.853204
107.492233,1000,9575.426296
103.196466,1000,9576.490211
90.042633,1000,9580.86563
101.007322,1000,9581.822288
106.738538,1000,9586.38108
101.439584,1000,9587.484107
101.901654,1000,9592.081687
100.546958,1000,9593.025485
96.949,1000,9597.511457
107.877041,1000,9598.43889
99.563642,1000,9602.866746
99.210334,1000,9603.81206
99.561484,1000,9608.113878
99.852115,1000,9609.294147
91.467755,1000,9613.9498
100.086746,1000,9614.972282
93.661971,1000,9619.178488
93.069846,1000,9620.304605
98.600314,1000,9624.434368
99.253631,1000,9625.518065
102.288238,1000,9630.179595
97.774109,1000,9631.295224
103.349287,1000,9635.900713
100.818665,1000,9637.031533
92.494852,1000,9640.950217
100.58761,1000,9642.022416
97.250362,1000,9646.591041
96.590825,1000,9647.665343
101.568967,1000,9652.114925
102.515196,1000,9653.156985
96.5677,1000,9658.009797
93.993692,1000,9659.079727
105.767703,1000,9663.634631
89.662929,1000,9664.797463
103.525217,1000,9669.593544
103.130228,1000,9670.653352
89.94876,1000,9671.817539
99.104047,1000,9676.676069
94.175001,1000,9677.683843
97.707093,1000,9682.188306
103.320826,1000,9683.21261
100.499,1000,9688.010874
108.582568,1000,9688.970332
101.107894,1000,9693.954498
100.509685,1000,9695.023093
101.889928,1000,9699.150959
102.507352,1000,9700.094501
98.217416,1000,9704.258477
107.1716,1000,9705.162506
105.420051,1000,9709.660282
100.831424,1000,9710.640736
107.130544,1000,9714.570514
104.344378,1000,9715.665385
104.573378,1000,9720.146461
92.840172,1000,9721.275263
95.335277,1000,9725.407962
103.267509,1000,9726.427087
99.738563,1000,9730.903686
105.165153,1000,9731.946127
107.234103,1000,9736.794152
106.083083,1000,9737.687568
102.245486,1000,9742.166368
101.534156,1000,9743.354002
92.084359,1000,9747.463028
98.809585,1000,9748.412313
97.828287,1000,9752.598016
103.24529,1000,9753.669929
93.944832,1000,9757.979614
101.715742,1000,9759.175571
101.619207,1000,9763.601764
96.028727,1000,9764.664393
99.609263,1000,9769.503871
102.438916,1000,9770.748704
101.031665,1000,9775.800204
105.495886,1000,9776.911426
100.184112,1000,9781.251536
104.249804,1000,9782.38815
98.152197,1000,9786.814113
101.335373,1000,9787.932649
106.363696,1000,9788.967274
100.200871,1000,9793.251628
97.944625,1000,9794.274573
105.916034,1000,9799.147306
98.143258,1000,9800.093224
98.539138,1000,9804.472751
104.635254,1000,9805.371152
107.508949,1000,9809.794096
97.74228,1000,9810.813092
98.802015,1000,9814.895699
104.995549,1000,9815.949097
109.524185,1000,9820.303917
95.670398,1000,9821.382731
98.48261,1000,9825.321226
103.870782,1000,9826.440211
104.80489,1000,9831.270797
106.875664,1000,9832.420286
109.228645,1000,9836.627963
107.042222,1000,9837.704677
98.557264,1000,9841.661042
105.178652,1000,9842.727095
107.78234,1000,9847.098452
111.313186,1000,9848.118747
108.806135,1000,9852.551333
104.118614,1000,9853.536401
104.212242,1000,9857.459665
109.701974,1000,9858.437032
108.728781,1000,9862.307442
108.484518,1000,9863.304933
101.717818,1000,9867.526584
109.967824,1000,9868.738505
102.378622,1000,9873.459973
102.985687,1000,9874.521939
104.836392,1000,9879.045319
111.109835,1000,9880.047717
107.487557,1000,9884.573619
106.513533,1000,9885.578688
110.02282,1000,9890.026201
104.235955,1000,9891.033555
112.00039,1000,9895.447054
109.109548,1000,9896.503582
106.592595,1000,9900.909578
107.247686,1000,9902.001661
108.335047,1000,9903.18994
102.253097,1000,9908.140488
107.658631,1000,9909.186731
107.869072,1000,9913.929829
107.18469,1000,9915.114541
110.861087,1000,9919.405546
110.879594,1000,9920.509599
109.896923,1000,9924.679507
102.524973,1000,9925.684153
106.443034,1000,9929.881133
107.978627,1000,9930.916563
99.048906,1000,9935.480306
107.34928,1000,9936.468832
103.808146,1000,9940.55356
112.353845,1000,9941.48472
103.917395,1000,9945.87535
99.590356,1000,9946.846637
105.39882,1000,9951.423974
106.096026,1000,9952.488369
105.814992,1000,9956.93268
108.624594,1000,9957.954985
108.068923,1000,9962.275033
109.491686,1000,9963.297026
107.070631,1000,9968.325508
99.1437,1000,9969.455784
106.539298,1000,9973.761044
106.855418,1000,9974.767062
102.505705,1000,9979.668773
110.426886,1000,9980.656266
104.177176,1000,9985.068878
107.374793,1000,9986.168669
107.075657,1000,9991.020092
107.461018,1000,9992.324137
106.721955,1000,9996.783478
109.335845,1000,9997.856642
107.433073,1000,10002.107632
106.978087,1000,10003.177108
110.705932,1000,10008.087888
107.582795,1000,10009.216287
111.095767,1000,10013.688114
108.436708,1000,10014.652513
107.270231,1000,10018.552956
110.1651,1000,10019.685855
108.992375,1000,10020.630641
106.865203,1000,10024.612377
111.100797,1000,10025.559215
107.674002,1000,10029.91828
111.840128,1000,10030.992058
110.342509,1000,10035.58673
108.334124,1000,10036.761783
103.428009,1000,10041.43457
112.40356,1000,10042.458355
92.688879,1000,10046.718348
110.650937,1000,10047.703189
110.750934,1000,10052.25073
113.776745,1000,10053.386804
108.063153,1000,10058.053029
113.203292,1000,10059.049247
106.40535,1000,10063.305106
117.26734,1000,10064.383575
114.754483,1000,10069.084415
105.132578,1000,10070.337212
112.566242,1000,10074.571268
107.341493,1000,10075.678486
112.985919,1000,10080.218445
110.254053,1000,10081.292809
110.617942,1000,10085.58859
106.276866,1000,10086.641591
112.095153,1000,10091.112954
113.448896,1000,10092.236768
100.861193,1000,10096.513811
116.783136,1000,10097.571441
113.450397,1000,10101.817801
112.893463,1000,10102.801178
109.978279,1000,10107.61797
105.199741,1000,10108.632685
112.842771,1000,10112.958597
114.210865,1000,10114.160745
117.638617,1000,10118.640329
110.536718,1000,10119.869308
108.693544,1000,10124.511649
107.599241,1000,10125.616868
109.510794,1000,10130.19618
112.859866,1000,10131.387697
110.758146,1000,10135.910715
114.043703,1000,10137.077236
107.138085,1000,10138.00738
112.490163,1000,10142.13035
113.033653,1000,10143.082778
114.073358,1000,10146.881833
107.102957,1000,10147.978112
110.634443,1000,10152.417829
114.261914,1000,10153.47882
110.226836,1000,10157.695339
109.137634,1000,10158.871184
111.848574,1000,10163.249134
112.849533,1000,10164.235456
109.271007,1000,10169.045104
112.645286,1000,10170.151383
116.015553,1000,10174.911425
115.420576,1000,10176.058361
115.584839,1000,10180.766559
109.10077,1000,10181.985967
109.404286,1000,10186.843485
113.502446,1000,10187.784585
113.360172,1000,10191.606251
113.24477,1000,10192.560575
113.511752,1000,10196.975514
108.297633,1000,10197.960643
113.085898,1000,10202.634375
113.807855,1000,10203.834542
111.744353,1000,10208.587126
113.799374,1000,10209.713918
115.641592,1000,10213.814775
109.867317,1000,10214.860758
117.660771,1000,10219.218434
117.56725,1000,10220.422042
114.996928,1000,10225.343045
109.635257,1000,10226.404759
105.682447,1000,10230.907942
117.524484,1000,10232.124481
