#{"t_start": 1533158296.311834, "env_id": "Swimmer-v2"}
r,l,t
-7.280853,1000,0.954583
-14.253268,1000,1.776764
-16.013872,1000,4.536543
-0.824352,1000,5.223041
-4.495791,1000,7.875032
-13.810221,1000,8.687286
-10.573641,1000,11.228944
-17.063304,1000,12.02517
-1.048693,1000,14.782509
8.165802,1000,15.481618
-5.95054,1000,18.254518
-5.288526,1000,18.994745
6.399515,1000,21.790087
-12.524933,1000,22.52085
7.687129,1000,25.420414
2.622473,1000,26.084136
-17.987984,1000,28.867718
20.227684,1000,29.506442
11.940359,1000,32.433158
18.271181,1000,33.353257
13.93024,1000,35.8599
4.491477,1000,36.590248
16.890821,1000,39.35451
37.652704,1000,40.178994
40.976426,1000,43.345523
10.906335,1000,44.166722
34.616538,1000,46.767607
37.617861,1000,47.530925
29.925351,1000,50.18354
27.653486,1000,50.940155
18.526359,1000,53.408332
37.8252,1000,54.079265
26.713778,1000,56.862344
30.422696,1000,57.576971
42.990684,1000,60.289782
14.585084,1000,60.993971
27.278045,1000,63.999764
28.235546,1000,64.646375
26.800182,1000,67.535837
28.936319,1000,68.34638
20.523704,1000,70.955884
17.372816,1000,71.617936
26.87932,1000,72.384299
27.631458,1000,75.102048
23.398028,1000,75.914361
24.202476,1000,78.489143
27.327663,1000,79.281952
29.475794,1000,82.411784
39.338883,1000,83.161651
32.012968,1000,86.096144
29.976103,1000,86.856935
30.951943,1000,89.638839
31.996082,1000,90.453582
31.73647,1000,93.609462
31.178657,1000,94.405014
29.253139,1000,96.951028
29.327065,1000,97.72276
31.275622,1000,100.505707
30.23677,1000,101.326079
35.049289,1000,103.990511
33.714101,1000,104.799224
29.743124,1000,107.374152
31.563551,1000,108.222434
34.077259,1000,110.789011
32.294127,1000,111.577519
37.161404,1000,114.898706
33.791506,1000,115.674112
37.119518,1000,118.355648
34.293631,1000,119.151703
35.046839,1000,122.183469
32.812557,1000,122.986601
36.297276,1000,126.068355
36.532512,1000,126.828114
36.428558,1000,129.84031
27.396133,1000,130.678985
36.851529,1000,133.496123
38.869877,1000,134.176935
28.708126,1000,136.952413
41.002313,1000,137.812071
38.917301,1000,140.868591
39.376766,1000,141.556078
38.103048,1000,144.476099
40.372028,1000,145.286074
43.540812,1000,147.862855
38.53307,1000,148.649887
40.532086,1000,149.503747
36.690518,1000,152.73737
42.364405,1000,153.570049
43.260265,1000,156.309844
35.129441,1000,157.128247
36.738526,1000,159.719498
38.143977,1000,160.491199
41.306735,1000,163.61519
42.873596,1000,164.393715
36.884133,1000,167.104573
36.647952,1000,167.837911
42.575958,1000,170.475568
41.177545,1000,171.197955
43.491103,1000,173.979582
40.840754,1000,174.769149
41.696089,1000,177.670889
41.186256,1000,178.431882
40.304735,1000,181.266454
40.773626,1000,182.063149
42.423753,1000,184.406957
39.809894,1000,185.206263
34.170094,1000,187.844763
38.605141,1000,188.563903
38.449515,1000,191.166198
37.621641,1000,191.876865
38.070821,1000,194.64719
35.299066,1000,195.322523
38.085074,1000,198.553411
35.274513,1000,199.303242
39.25982,1000,202.002665
38.945217,1000,202.82983
39.202079,1000,205.770365
44.280937,1000,206.594769
43.728727,1000,209.535664
42.637451,1000,210.341995
38.624731,1000,213.138907
33.334103,1000,213.952168
33.550757,1000,217.119207
35.196968,1000,217.979506
38.657438,1000,220.688552
47.10682,1000,221.457951
38.457652,1000,224.334853
39.489175,1000,225.032411
45.920441,1000,225.679965
43.492482,1000,228.400328
55.736582,1000,229.244983
42.080063,1000,232.202349
42.960394,1000,232.921474
51.60521,1000,235.910332
47.187025,1000,236.6011
50.163815,1000,239.156364
46.830429,1000,239.985368
51.190761,1000,242.394361
46.992274,1000,243.139976
58.983172,1000,245.684593
43.285592,1000,246.417641
48.125817,1000,249.20286
54.82846,1000,249.894555
50.221873,1000,253.013408
57.106497,1000,253.792388
50.215366,1000,256.818726
54.013511,1000,257.603089
55.939527,1000,260.322587
55.4669,1000,261.1766
54.320313,1000,264.190604
55.999358,1000,264.902885
54.23053,1000,267.647437
53.718153,1000,268.56137
58.422158,1000,271.691885
58.653656,1000,272.399847
48.940173,1000,275.46393
56.888706,1000,276.199379
52.911596,1000,278.671536
59.24842,1000,279.446622
54.851752,1000,282.167656
54.973452,1000,282.992289
62.325455,1000,286.091421
62.370185,1000,286.839356
66.62123,1000,289.667475
61.758243,1000,290.446135
62.134543,1000,293.109895
62.842047,1000,293.979793
57.380403,1000,296.908178
63.868014,1000,297.660793
67.695051,1000,300.625401
76.716132,1000,301.480973
67.907915,1000,302.309884
63.707231,1000,304.978311
71.213269,1000,305.679753
69.735206,1000,308.838974
75.950914,1000,309.745098
73.261542,1000,312.43315
77.523679,1000,313.194427
69.665812,1000,315.852195
73.881542,1000,316.664127
83.172531,1000,319.740115
77.800477,1000,320.508834
82.023185,1000,323.3808
76.903144,1000,324.191705
68.923862,1000,327.324306
31.676355,1000,328.133944
73.65518,1000,331.177323
74.338182,1000,331.938714
77.293036,1000,334.929257
71.782112,1000,335.736121
79.907962,1000,338.419534
68.176551,1000,339.175751
71.926021,1000,341.963836
85.967028,1000,342.661536
88.968368,1000,345.37159
72.443024,1000,346.174514
76.709094,1000,349.285388
90.56237,1000,350.037235
86.54411,1000,352.599605
83.237416,1000,353.372356
81.239837,1000,356.39694
69.509793,1000,357.155921
82.182186,1000,360.021903
66.429677,1000,360.799963
91.509659,1000,363.837665
82.068726,1000,364.594083
91.487769,1000,367.431058
86.633634,1000,368.127798
82.334708,1000,371.106241
88.154324,1000,371.79349
78.405602,1000,374.388538
87.180542,1000,375.125293
85.253769,1000,377.833637
77.4113,1000,378.554415
89.062542,1000,379.365766
92.046078,1000,382.195429
91.900068,1000,382.87402
89.030107,1000,385.736921
90.737626,1000,386.487849
82.390915,1000,389.60625
85.572993,1000,390.430641
94.403851,1000,393.079777
88.165895,1000,393.856961
91.386195,1000,396.993729
91.751931,1000,397.801138
85.865692,1000,400.735905
89.507022,1000,401.545791
83.664423,1000,404.863964
98.517272,1000,405.698404
84.277817,1000,408.758134
96.987682,1000,409.429309
92.965096,1000,412.243096
92.895781,1000,412.958704
87.091088,1000,415.94307
94.532264,1000,416.678178
101.750538,1000,419.412134
93.057252,1000,420.364707
99.339303,1000,423.369163
90.707011,1000,424.089003
93.364263,1000,426.801356
92.158151,1000,427.442384
99.345557,1000,430.085315
97.375625,1000,430.767892
90.673489,1000,433.494534
93.385389,1000,434.394814
92.229411,1000,437.432402
96.938459,1000,438.300422
92.69019,1000,440.836538
96.465957,1000,441.516359
83.08178,1000,444.125477
93.371353,1000,444.925347
87.858582,1000,447.489687
97.456139,1000,448.340657
100.116815,1000,451.00052
97.72847,1000,451.781076
79.754165,1000,452.595078
96.390989,1000,455.263676
93.363885,1000,456.067097
99.690325,1000,459.121117
91.439644,1000,459.924944
101.437912,1000,462.979722
97.410135,1000,463.811987
98.412643,1000,466.568631
96.147143,1000,467.384724
101.109512,1000,470.383782
96.491269,1000,471.235076
89.867937,1000,474.114958
102.983198,1000,474.938825
90.617215,1000,477.652852
100.363006,1000,478.406334
102.64514,1000,481.279453
88.950228,1000,481.932487
99.323087,1000,484.626628
96.340127,1000,485.27362
97.398385,1000,487.885017
98.331752,1000,488.578906
95.101083,1000,491.412667
94.694488,1000,492.057858
105.107115,1000,494.702986
97.347177,1000,495.411598
99.575797,1000,498.291163
99.008268,1000,498.955236
99.765831,1000,501.47559
107.086576,1000,502.226655
98.03113,1000,504.778406
105.992688,1000,505.55478
95.3838,1000,508.041878
94.544159,1000,508.768588
103.862009,1000,511.76106
106.679371,1000,512.617118
109.923792,1000,515.517914
103.988045,1000,516.326878
105.963558,1000,519.103051
95.337576,1000,519.864998
104.536646,1000,522.775282
101.437051,1000,523.505949
95.207033,1000,526.179477
106.308555,1000,526.900657
102.000192,1000,527.559647
107.162121,1000,530.255449
100.152996,1000,530.995326
92.74332,1000,533.585887
105.339164,1000,534.355911
109.388125,1000,537.065174
100.183651,1000,537.841565
98.222755,1000,540.630789
92.270221,1000,541.402307
95.201637,1000,544.011694
101.566072,1000,544.708436
101.46183,1000,547.505262
101.318935,1000,548.1776
100.163628,1000,551.051574
101.44549,1000,551.698605
105.651806,1000,554.45621
97.249552,1000,555.196476
105.345669,1000,557.627036
102.813577,1000,558.274069
103.092524,1000,561.080527
104.331153,1000,561.776133
101.839293,1000,564.350166
105.46301,1000,565.007933
100.697013,1000,567.62767
100.139089,1000,568.460996
101.273347,1000,571.457108
103.75298,1000,572.30664
99.269729,1000,575.121139
94.891258,1000,575.876933
97.068076,1000,578.720382
97.155832,1000,579.546485
106.617579,1000,582.332967
99.728419,1000,583.157261
100.013504,1000,586.446137
99.249902,1000,587.181832
106.396389,1000,589.917815
105.076208,1000,590.699164
113.206672,1000,593.430938
101.993831,1000,594.27581
106.21269,1000,597.085935
101.572262,1000,597.924619
106.971461,1000,600.960223
96.169375,1000,601.791075
96.481747,1000,602.560628
105.696825,1000,605.654446
101.664113,1000,606.609777
101.020832,1000,609.74928
108.101686,1000,610.398317
102.754892,1000,613.468528
108.234103,1000,614.309161
95.616186,1000,617.056127
99.274557,1000,617.698405
101.564023,1000,620.277024
99.428073,1000,621.012276
97.629636,1000,623.865342
101.886126,1000,624.50796
102.570558,1000,627.364167
109.426547,1000,628.023304
108.017645,1000,630.963328
100.715072,1000,631.84309
104.001624,1000,634.44066
96.573587,1000,635.188773
106.33103,1000,638.235276
106.559906,1000,639.081331
107.581336,1000,642.121803
103.352797,1000,642.899919
105.808021,1000,645.829094
114.066821,1000,646.658432
104.509381,1000,649.083538
113.561671,1000,649.849208
110.016391,1000,653.100947
114.984002,1000,653.854302
116.563052,1000,656.570487
112.256754,1000,657.385083
111.281926,1000,660.484612
108.471165,1000,661.329883
110.275094,1000,664.142988
109.803198,1000,664.97639
110.150613,1000,667.998388
98.352249,1000,668.772709
109.788818,1000,671.279394
110.763974,1000,672.075948
108.336309,1000,675.129024
105.346068,1000,675.982311
99.375477,1000,678.8194
109.41693,1000,679.735963
104.969806,1000,680.74326
111.035978,1000,683.594289
115.534978,1000,684.215311
112.878471,1000,687.076543
108.440341,1000,687.801824
102.687485,1000,690.648414
114.34162,1000,691.414279
111.09245,1000,694.160159
115.373088,1000,694.870456
111.070724,1000,697.508699
109.800943,1000,698.164377
105.183875,1000,700.743743
113.031454,1000,701.439285
99.551382,1000,704.061567
110.446658,1000,704.765132
104.369844,1000,707.279361
107.773795,1000,707.984454
103.44375,1000,710.755596
114.105781,1000,711.493649
107.88875,1000,714.234073
102.252823,1000,714.936033
101.308143,1000,717.597448
102.688643,1000,718.342971
99.783785,1000,721.107424
97.217726,1000,721.852782
101.302137,1000,724.732042
107.290982,1000,725.505818
101.205441,1000,728.537162
97.471867,1000,729.313322
106.728919,1000,732.452671
103.652606,1000,733.284016
106.871134,1000,736.114163
107.254732,1000,736.963785
104.915435,1000,739.633881
104.484345,1000,740.410939
113.826762,1000,743.105927
100.067079,1000,743.861319
103.170715,1000,746.871355
109.40565,1000,747.679053
106.276007,1000,750.282989
103.143116,1000,751.098097
105.853203,1000,753.55159
102.280987,1000,754.301404
106.401584,1000,755.125262
107.359012,1000,757.864321
99.644518,1000,758.628964
101.290139,1000,760.996143
107.090673,1000,761.739676
104.264096,1000,764.648616
106.239373,1000,765.393135
107.421548,1000,768.362448
108.589789,1000,769.200257
105.184823,1000,772.054902
106.222734,1000,772.835
108.590967,1000,775.818497
111.618904,1000,776.55271
112.80835,1000,779.51003
112.340671,1000,780.309713
109.643622,1000,783.399077
104.832017,1000,784.257667
108.839887,1000,786.93217
106.585499,1000,787.693735
97.480936,1000,790.415287
111.036357,1000,791.175163
108.474767,1000,793.804349
109.532079,1000,794.597207
112.082513,1000,797.532522
109.258528,1000,798.364032
109.574502,1000,801.146652
108.363534,1000,801.953536
105.994784,1000,805.125571
103.560633,1000,805.859933
106.938843,1000,808.53811
110.572188,1000,809.360388
102.444924,1000,811.827095
107.382527,1000,812.644365
111.710327,1000,815.377614
107.286986,1000,816.041488
98.516106,1000,818.875799
108.049288,1000,819.750478
106.399141,1000,822.376627
106.24925,1000,823.130605
110.35504,1000,826.053706
110.968018,1000,826.763604
105.190926,1000,829.372743
109.0602,1000,830.108629
110.452854,1000,830.833958
111.342959,1000,833.870716
114.814023,1000,834.654859
114.619075,1000,837.393043
115.133367,1000,838.210428
106.166566,1000,840.766751
106.911277,1000,841.551149
109.262162,1000,844.475061
110.255342,1000,845.234617
108.868625,1000,848.141903
107.217914,1000,848.942331
98.578698,1000,851.464255
108.936106,1000,852.245145
110.764919,1000,854.97527
107.584712,1000,855.822596
107.429605,1000,859.074901
111.402095,1000,859.870089
102.039223,1000,862.804425
103.832435,1000,863.46061
109.507805,1000,866.119785
112.225304,1000,866.979048
109.725612,1000,869.596209
110.374829,1000,870.355219
115.831082,1000,872.873766
113.204701,1000,873.587792
108.830371,1000,876.382864
111.175185,1000,877.21218
108.69485,1000,879.859595
112.63888,1000,880.58302
109.055551,1000,883.589551
117.29065,1000,884.352842
113.058937,1000,887.032388
112.60109,1000,887.758511
113.207578,1000,890.454337
114.774084,1000,891.100275
115.265809,1000,893.776228
112.561543,1000,894.410848
113.295867,1000,897.324252
113.540558,1000,897.970467
107.610991,1000,900.524463
109.780302,1000,901.170632
111.560349,1000,902.010765
117.575201,1000,905.078642
110.930206,1000,905.817196
107.546915,1000,908.370942
111.645118,1000,909.136217
104.767339,1000,911.934193
113.09124,1000,912.794643
103.214165,1000,916.075879
106.313875,1000,916.904485
118.063989,1000,919.846266
114.377352,1000,920.692419
105.412234,1000,923.313796
104.040741,1000,923.974995
110.612002,1000,926.542997
108.45374,1000,927.262122
107.781259,1000,929.803786
107.144447,1000,930.543024
107.005258,1000,933.043833
110.459851,1000,933.98734
110.015197,1000,937.072989
106.052301,1000,937.896387
103.998557,1000,940.359824
106.590201,1000,941.109081
112.670471,1000,943.888865
106.355286,1000,944.661626
107.675341,1000,947.440452
108.180892,1000,948.188442
110.257729,1000,950.848028
111.287877,1000,951.614886
101.786262,1000,954.786374
99.349466,1000,955.603317
107.563036,1000,958.638322
103.556336,1000,959.42341
100.899705,1000,962.154079
108.627163,1000,962.974514
105.945772,1000,966.321823
105.658178,1000,967.205301
109.497169,1000,970.086602
102.385413,1000,970.777592
107.000336,1000,973.421276
108.38974,1000,974.210976
106.455769,1000,976.863985
108.619598,1000,977.710524
98.553397,1000,978.726039
100.064451,1000,981.670773
104.048411,1000,982.310199
105.203544,1000,985.106501
103.888286,1000,985.863491
101.654578,1000,988.831032
103.244173,1000,989.646234
98.574319,1000,992.662358
100.098116,1000,993.382255
101.378927,1000,996.462687
95.326559,1000,997.303324
107.077207,1000,999.849919
102.891713,1000,1000.768852
102.862994,1000,1004.03297
99.969643,1000,1004.802808
108.294928,1000,1007.978976
99.918929,1000,1008.691103
109.266331,1000,1011.254052
106.259038,1000,1012.010808
100.83315,1000,1014.441743
107.505868,1000,1015.230237
104.487442,1000,1018.393673
107.989114,1000,1019.236237
106.881848,1000,1021.993613
108.616183,1000,1022.798025
101.387393,1000,1025.710597
110.084138,1000,1026.453901
110.507422,1000,1028.882665
105.437339,1000,1029.679125
110.576971,1000,1032.651453
107.201062,1000,1033.496298
111.49133,1000,1036.409329
109.63187,1000,1037.053206
107.137505,1000,1040.041225
111.32445,1000,1040.866425
112.566646,1000,1043.774683
109.422256,1000,1044.46358
111.052962,1000,1047.271891
108.166405,1000,1048.075536
105.317474,1000,1051.199729
104.991892,1000,1052.057651
97.947061,1000,1055.137469
109.22802,1000,1055.827879
111.187832,1000,1056.679131
100.594417,1000,1059.74343
98.334877,1000,1060.491887
103.9683,1000,1063.088006
104.686274,1000,1063.753656
102.197953,1000,1066.850321
105.155868,1000,1067.568684
105.426701,1000,1070.706493
99.845944,1000,1071.47005
102.059036,1000,1074.154721
100.807755,1000,1074.954388
107.401853,1000,1078.014994
98.720199,1000,1078.924157
104.214123,1000,1082.05707
97.241104,1000,1082.856222
103.2799,1000,1085.851897
110.682708,1000,1086.681146
108.345814,1000,1089.296085
107.383078,1000,1090.076965
106.340899,1000,1092.988186
98.189434,1000,1093.9126
115.066931,1000,1096.590695
106.849819,1000,1097.339876
98.032638,1000,1099.986414
109.94869,1000,1100.762868
111.880461,1000,1103.474133
100.841764,1000,1104.263611
109.081392,1000,1107.143448
100.080931,1000,1107.900174
112.065501,1000,1110.49074
100.587439,1000,1111.272916
109.78433,1000,1114.272007
110.953486,1000,1115.051833
97.945524,1000,1118.064352
111.314792,1000,1118.835627
112.708184,1000,1121.573624
113.759175,1000,1122.229543
111.614073,1000,1124.998863
109.051036,1000,1125.681202
113.889634,1000,1128.46256
114.928153,1000,1129.103425
113.869429,1000,1131.77994
114.911645,1000,1132.431604
114.622179,1000,1133.081812
113.062733,1000,1135.977661
111.858146,1000,1136.653137
115.335626,1000,1139.301064
104.750805,1000,1139.946067
114.984,1000,1142.527052
120.19651,1000,1143.171354
106.630462,1000,1145.864749
116.492707,1000,1146.608854
120.19532,1000,1149.397972
115.8325,1000,1150.128979
120.757812,1000,1153.318613
120.562368,1000,1154.061083
115.532786,1000,1157.075997
122.549204,1000,1157.891327
122.874195,1000,1161.149396
115.375851,1000,1161.93047
120.504166,1000,1164.455822
107.409736,1000,1165.172064
116.591088,1000,1167.855886
114.786702,1000,1168.601443
120.911048,1000,1171.175427
120.037925,1000,1171.927696
120.127517,1000,1174.822026
122.354417,1000,1175.495942
114.276958,1000,1178.558666
119.939372,1000,1179.345552
114.202532,1000,1182.538314
125.09036,1000,1183.287695
120.937061,1000,1186.08559
109.621274,1000,1186.922872
118.038544,1000,1189.340502
107.449909,1000,1190.124371
112.674693,1000,1192.720333
116.99285,1000,1193.528725
116.31771,1000,1196.009168
116.477258,1000,1196.670466
109.395936,1000,1199.302876
117.318116,1000,1199.997005
118.488162,1000,1202.679549
119.650323,1000,1203.315771
117.062921,1000,1206.014827
114.559212,1000,1206.649667
116.246754,1000,1207.326576
115.400537,1000,1210.318533
118.707873,1000,1211.331514
117.186422,1000,1214.632758
116.03397,1000,1215.373996
114.549566,1000,1217.831744
117.144369,1000,1218.566006
116.895451,1000,1221.487431
106.13639,1000,1222.167301
113.847277,1000,1224.694938
115.813535,1000,1225.341751
113.26065,1000,1228.409369
110.641124,1000,1229.086142
115.819982,1000,1231.498496
113.230237,1000,1232.192869
112.587997,1000,1234.966148
118.753994,1000,1235.709973
111.523166,1000,1238.284422
118.173056,1000,1239.022779
106.469047,1000,1241.667412
106.645988,1000,1242.322925
114.168369,1000,1245.363142
113.807934,1000,1246.1544
112.913822,1000,1249.110034
113.3072,1000,1249.847745
117.78855,1000,1253.110287
113.006874,1000,1253.94106
112.966983,1000,1256.939671
105.233886,1000,1257.71749
116.443992,1000,1260.891206
116.774472,1000,1261.557799
111.677641,1000,1264.374969
112.654813,1000,1265.089672
105.824458,1000,1267.855707
112.460429,1000,1268.651803
114.387029,1000,1271.707713
110.11371,1000,1272.465263
111.728997,1000,1275.332447
109.116221,1000,1276.098715
105.542297,1000,1278.816646
111.855311,1000,1279.594583
112.511493,1000,1282.092038
119.666932,1000,1282.918561
111.535355,1000,1283.683018
112.445107,1000,1286.257889
114.711581,1000,1286.961122
108.973533,1000,1289.597966
111.054019,1000,1290.245858
110.169283,1000,1292.798622
112.074563,1000,1293.443752
107.192517,1000,1295.915552
115.807179,1000,1296.6721
119.964854,1000,1299.773283
114.391969,1000,1300.782017
112.33589,1000,1303.703628
113.60856,1000,1304.349197
115.155037,1000,1307.088261
119.280337,1000,1307.782625
122.001038,1000,1310.498507
120.562592,1000,1311.240176
118.453356,1000,1313.750331
121.01298,1000,1314.400317
123.852268,1000,1317.331097
120.818143,1000,1318.255909
119.211383,1000,1320.96782
119.528618,1000,1321.719879
121.184933,1000,1324.370934
126.779904,1000,1325.031568
125.216408,1000,1327.907055
122.309921,1000,1328.875562
120.868179,1000,1332.072681
120.476221,1000,1332.773501
120.213289,1000,1335.359151
110.466977,1000,1336.108696
123.39738,1000,1338.755757
119.842968,1000,1339.393061
120.419424,1000,1342.160599
121.628817,1000,1342.891423
119.573356,1000,1346.188225
112.473354,1000,1346.919935
118.791222,1000,1349.448943
118.527226,1000,1350.072472
118.656554,1000,1352.850528
115.457398,1000,1353.862882
120.362258,1000,1354.671795
116.024893,1000,1357.62777
115.709712,1000,1358.452784
116.995933,1000,1361.731344
111.995682,1000,1362.519454
109.144336,1000,1365.578398
112.188828,1000,1366.371105
109.071979,1000,1369.315029
109.033789,1000,1370.063313
117.272989,1000,1372.677664
115.540203,1000,1373.430672
111.101312,1000,1375.943851
109.979237,1000,1376.710377
109.832323,1000,1379.690295
111.842188,1000,1380.439818
110.008565,1000,1383.359241
105.16543,1000,1384.186786
106.08271,1000,1387.397561
102.885322,1000,1388.130883
110.325255,1000,1390.981963
107.921762,1000,1391.802999
106.178523,1000,1394.724602
112.491873,1000,1395.466631
110.202731,1000,1398.543638
109.148137,1000,1399.367772
110.234804,1000,1402.067636
108.933016,1000,1402.814139
111.732895,1000,1405.58819
101.242967,1000,1406.276147
108.239227,1000,1409.10395
109.257279,1000,1409.808896
109.617239,1000,1412.573999
107.916833,1000,1413.341752
103.191334,1000,1416.116332
112.339547,1000,1416.870445
105.704074,1000,1419.70844
108.280453,1000,1420.408742
108.366752,1000,1423.203186
106.730498,1000,1424.016001
111.810343,1000,1426.805309
112.58962,1000,1427.601226
110.254206,1000,1430.512461
108.597144,1000,1431.218766
107.189629,1000,1432.173942
109.520727,1000,1435.209682
105.778394,1000,1435.900095
107.499022,1000,1438.812643
111.722805,1000,1439.606514
109.557957,1000,1442.16673
115.336808,1000,1442.888423
112.095743,1000,1445.710612
108.723886,1000,1446.451418
110.531847,1000,1449.295274
111.509046,1000,1449.940799
112.077456,1000,1452.751781
107.146428,1000,1453.461728
112.748829,1000,1456.440046
108.553678,1000,1457.237109
114.248371,1000,1460.137597
113.277961,1000,1461.033716
109.27955,1000,1463.990798
112.628646,1000,1464.69401
114.358272,1000,1467.719216
108.953989,1000,1468.539923
109.867146,1000,1471.443675
112.859162,1000,1472.305415
109.289672,1000,1475.294584
117.710179,1000,1476.099415
107.678923,1000,1479.010682
111.514819,1000,1479.831949
109.03916,1000,1482.367182
115.883495,1000,1483.053842
112.651209,1000,1485.839737
111.910291,1000,1486.596289
113.399632,1000,1489.269953
116.660001,1000,1489.937149
108.044585,1000,1492.512099
113.984027,1000,1493.228266
113.390343,1000,1495.863917
114.70021,1000,1496.506936
114.817269,1000,1499.152543
115.832903,1000,1499.79056
111.085048,1000,1502.469566
112.270236,1000,1503.283024
115.245956,1000,1506.093414
115.907325,1000,1506.9214
111.583731,1000,1507.769087
112.952622,1000,1510.548928
109.973716,1000,1511.26396
115.93792,1000,1514.279284
111.393893,1000,1515.05411
114.344032,1000,1517.548194
108.854886,1000,1518.19036
110.633833,1000,1520.842002
107.618741,1000,1521.482712
110.084505,1000,1524.161629
112.285428,1000,1524.791277
110.779399,1000,1527.724314
108.67324,1000,1528.371038
112.437544,1000,1531.211945
111.005741,1000,1531.881936
112.570311,1000,1534.46638
116.536285,1000,1535.252764
108.477401,1000,1537.965
108.917103,1000,1538.678272
106.812748,1000,1541.696681
104.474093,1000,1542.483762
109.834176,1000,1545.453588
105.202704,1000,1546.26174
104.858948,1000,1549.145651
107.869639,1000,1549.903985
111.291885,1000,1552.399929
105.226611,1000,1553.150096
109.514934,1000,1556.183396
112.501663,1000,1556.952303
110.782442,1000,1559.830664
106.844501,1000,1560.673023
113.716762,1000,1563.28619
110.13902,1000,1564.077446
107.245579,1000,1566.859968
109.289252,1000,1567.586862
107.101649,1000,1570.537308
106.720434,1000,1571.299671
106.878702,1000,1573.837644
104.353128,1000,1574.585875
108.990195,1000,1577.36423
106.480167,1000,1578.220329
105.189635,1000,1580.895677
109.781017,1000,1581.669496
100.907924,1000,1582.487583
106.841843,1000,1585.175976
116.290976,1000,1585.89008
112.372172,1000,1588.926836
111.645097,1000,1589.705791
115.977047,1000,1592.56354
109.736802,1000,1593.389832
113.913837,1000,1596.362432
114.952801,1000,1597.113882
115.761449,1000,1599.75084
113.867804,1000,1600.547418
119.653035,1000,1603.476983
110.988917,1000,1604.337767
115.806867,1000,1607.082267
115.501529,1000,1607.907727
111.040724,1000,1610.906495
113.838851,1000,1611.833167
116.671288,1000,1614.888566
121.785136,1000,1615.52753
120.73056,1000,1618.205173
111.464684,1000,1618.948814
117.644006,1000,1621.834884
118.121545,1000,1622.56413
113.766697,1000,1625.413222
119.644978,1000,1626.105002
118.808185,1000,1629.025963
114.93704,1000,1629.658595
121.476909,1000,1632.509484
116.978882,1000,1633.270751
120.669282,1000,1635.836777
119.282811,1000,1636.558888
122.120074,1000,1639.104429
122.28014,1000,1639.748533
115.054361,1000,1642.53591
122.161651,1000,1643.370228
118.558207,1000,1646.522197
121.352189,1000,1647.282149
121.113084,1000,1650.517937
117.450075,1000,1651.339244
116.856623,1000,1654.575948
120.535834,1000,1655.511551
118.738856,1000,1658.695209
119.766396,1000,1659.460437
117.044365,1000,1660.098794
117.499829,1000,1662.822919
120.140385,1000,1663.469929
120.873613,1000,1666.376054
124.003199,1000,1667.062211
120.228644,1000,1669.978252
112.02531,1000,1670.985296
116.382863,1000,1673.835905
124.732839,1000,1674.478312
120.274245,1000,1677.231601
117.325915,1000,1677.875168
121.402965,1000,1680.861455
124.955569,1000,1681.515136
123.03447,1000,1684.316159
122.788967,1000,1685.188246
123.282236,1000,1688.154065
118.171771,1000,1688.910665
126.675191,1000,1691.843132
118.769669,1000,1692.587351
109.575566,1000,1695.366486
123.607019,1000,1696.108093
121.142677,1000,1698.82801
115.779832,1000,1699.561699
114.553969,1000,1702.256793
117.402691,1000,1702.987513
122.773088,1000,1706.143769
118.775721,1000,1706.841574
119.9942,1000,1709.522038
120.422346,1000,1710.215382
115.214044,1000,1713.249647
117.963373,1000,1714.059683
116.541646,1000,1716.647276
117.136488,1000,1717.291906
112.59324,1000,1720.595612
120.244034,1000,1721.50033
118.017193,1000,1723.891247
117.649727,1000,1724.541266
116.343034,1000,1727.34856
109.678334,1000,1728.160902
110.270398,1000,1730.78417
112.975044,1000,1731.490074
113.981069,1000,1734.316418
111.958517,1000,1735.211666
115.628569,1000,1736.056085
122.070827,1000,1738.87974
108.450771,1000,1739.649343
102.794365,1000,1742.071811
115.68184,1000,1742.790968
109.830068,1000,1745.640962
110.42879,1000,1746.382655
120.317137,1000,1749.01542
118.433165,1000,1749.773156
109.563473,1000,1752.921522
117.597574,1000,1753.735983
117.734812,1000,1756.914227
113.50669,1000,1757.714597
118.871372,1000,1760.546931
116.211595,1000,1761.383903
120.603112,1000,1764.24261
117.686716,1000,1765.048155
110.192915,1000,1768.024581
117.394181,1000,1768.830301
119.89743,1000,1771.231026
119.98107,1000,1771.988097
116.508393,1000,1774.297266
113.916987,1000,1775.045089
116.167256,1000,1778.043057
116.289527,1000,1778.80329
116.994823,1000,1781.825859
116.659665,1000,1782.657454
117.466506,1000,1785.434013
115.64644,1000,1786.207703
120.086537,1000,1788.849349
107.29744,1000,1789.621141
116.957582,1000,1792.104547
118.830987,1000,1792.914604
114.884114,1000,1795.464352
118.386542,1000,1796.312579
120.022837,1000,1799.681755
116.726609,1000,1800.509296
120.527141,1000,1803.120673
120.426367,1000,1803.952555
115.15877,1000,1807.122553
119.37005,1000,1807.95686
125.357807,1000,1808.636069
119.072223,1000,1811.693264
121.182966,1000,1812.551996
117.981953,1000,1815.344286
124.132039,1000,1815.991227
121.810297,1000,1818.704999
111.557255,1000,1819.450113
123.304945,1000,1822.037297
119.945035,1000,1822.87328
117.480626,1000,1825.640342
116.168547,1000,1826.340311
121.15153,1000,1828.969657
116.463302,1000,1829.60656
121.632865,1000,1832.238153
121.172728,1000,1832.922679
119.016475,1000,1836.169962
113.204274,1000,1837.070503
116.924321,1000,1839.621696
113.662594,1000,1840.287175
114.896209,1000,1843.276407
121.551837,1000,1844.126885
114.894981,1000,1847.198918
118.21746,1000,1848.031853
116.326307,1000,1851.240508
114.722784,1000,1852.089475
122.547492,1000,1855.231637
117.893758,1000,1856.045077
118.235197,1000,1859.368956
118.311565,1000,1860.09734
118.979563,1000,1862.675593
122.687845,1000,1863.420165
120.266252,1000,1866.305445
117.695238,1000,1866.986786
121.85661,1000,1869.669039
120.490132,1000,1870.422858
116.951715,1000,1873.082855
119.578373,1000,1873.915918
118.214427,1000,1876.504144
120.005251,1000,1877.233885
117.532684,1000,1879.711233
115.976742,1000,1880.520584
118.587112,1000,1882.966151
118.358092,1000,1883.801307
118.178974,1000,1884.554303
119.276922,1000,1887.322239
119.843605,1000,1888.059656
121.047702,1000,1890.851571
119.810541,1000,1891.641491
118.37413,1000,1894.542192
117.208296,1000,1895.403163
118.761945,1000,1898.40902
119.36857,1000,1899.142211
112.475188,1000,1902.15799
114.600758,1000,1902.98175
118.574493,1000,1905.447436
118.117648,1000,1906.208338
114.995927,1000,1909.429126
114.840694,1000,1910.179428
116.569123,1000,1913.370471
120.243341,1000,1914.156323
116.632616,1000,1916.696442
119.013391,1000,1917.491333
117.438857,1000,1920.404351
114.093334,1000,1921.255986
115.115267,1000,1923.916011
115.92938,1000,1924.733289
113.191157,1000,1927.800191
114.45812,1000,1928.615406
109.551194,1000,1931.575055
116.701301,1000,1932.240559
112.841007,1000,1934.584467
116.924157,1000,1935.431432
115.645346,1000,1938.294087
116.530974,1000,1939.139771
112.623037,1000,1941.757909
109.908717,1000,1942.551137
115.00145,1000,1945.315225
116.241795,1000,1946.083981
116.564028,1000,1949.145636
117.058833,1000,1950.001523
116.269443,1000,1952.673165
115.620588,1000,1953.52007
114.570682,1000,1956.470096
111.474578,1000,1957.240501
116.494224,1000,1959.827445
116.677271,1000,1960.564687
121.40294,1000,1961.279413
118.291643,1000,1963.989888
116.949025,1000,1964.805028
117.877728,1000,1967.656913
115.479187,1000,1968.427949
119.268364,1000,1971.437594
110.940945,1000,1972.18148
119.958377,1000,1974.967271
117.63343,1000,1975.680228
114.437171,1000,1978.717921
113.859872,1000,1979.472986
105.860742,1000,1982.467422
115.525599,1000,1983.261429
112.115795,1000,1986.01916
117.609078,1000,1986.765734
113.905699,1000,1989.545763
117.228942,1000,1990.304876
113.545675,1000,1992.892674
116.959251,1000,1993.675815
113.261876,1000,1996.603001
113.057652,1000,1997.321703
118.588617,1000,2000.06177
117.351964,1000,2000.902448
108.492102,1000,2004.025093
119.023963,1000,2004.888418
115.140481,1000,2007.789035
120.128137,1000,2008.535551
118.121417,1000,2011.630394
120.768717,1000,2012.438497
115.439841,1000,2015.27985
117.847565,1000,2016.094941
122.994452,1000,2019.106114
120.003053,1000,2019.895555
121.326411,1000,2022.544646
118.804632,1000,2023.381627
118.95366,1000,2026.430879
120.610488,1000,2027.064068
120.661456,1000,2030.054938
111.245593,1000,2031.046234
122.542637,1000,2033.74206
118.381385,1000,2034.404706
111.140401,1000,2036.907108
113.642276,1000,2037.641078
117.068448,1000,2038.378141
117.869367,1000,2040.967791
113.530038,1000,2041.819338
112.894805,1000,2044.380652
121.533502,1000,2045.195524
121.39064,1000,2047.91679
122.250991,1000,2048.66492
120.455912,1000,2051.700547
113.572109,1000,2052.503103
116.029753,1000,2055.290355
118.795604,1000,2056.036502
121.218516,1000,2059.141421
120.474678,1000,2059.877638
116.207371,1000,2062.282672
115.070339,1000,2063.071425
115.850395,1000,2065.967278
121.067627,1000,2066.748388
121.118203,1000,2069.712179
119.912143,1000,2070.537275
111.607481,1000,2072.953166
111.444494,1000,2073.697518
118.09064,1000,2076.921136
116.825465,1000,2077.662751
114.476227,1000,2080.242552
120.845312,1000,2080.991228
120.553697,1000,2083.914453
115.263166,1000,2084.661408
113.314202,1000,2087.312484
117.326526,1000,2088.033714
114.448783,1000,2090.598763
110.413366,1000,2091.325906
111.33328,1000,2093.867555
114.855666,1000,2094.557901
117.427473,1000,2097.46253
118.536755,1000,2098.210424
113.632401,1000,2101.297635
116.674616,1000,2102.143975
118.086503,1000,2105.300617
111.721302,1000,2106.075959
118.93242,1000,2109.0259
116.745936,1000,2109.749772
113.068424,1000,2112.348293
116.789227,1000,2113.109585
119.239302,1000,2113.841079
112.2239,1000,2116.911524
115.378196,1000,2117.649876
110.392462,1000,2120.847741
114.336883,1000,2121.597478
120.158905,1000,2124.535141
115.043861,1000,2125.327744
119.57372,1000,2128.138669
115.719668,1000,2128.853958
117.428704,1000,2131.669852
117.350091,1000,2132.474356
119.41956,1000,2135.299284
118.047972,1000,2135.985257
113.943482,1000,2139.088512
115.229397,1000,2139.897268
117.161473,1000,2143.050779
115.651579,1000,2143.893008
111.626797,1000,2146.463016
113.453477,1000,2147.306143
114.82123,1000,2150.515642
110.74039,1000,2151.323601
114.590562,1000,2153.71321
110.908933,1000,2154.415217
113.816774,1000,2157.399569
116.000376,1000,2158.243987
108.810591,1000,2161.338421
115.247131,1000,2162.173853
112.000188,1000,2165.324125
107.501662,1000,2166.140251
111.884129,1000,2169.384862
115.304641,1000,2170.155217
117.489818,1000,2172.549443
108.509067,1000,2173.299337
109.658645,1000,2176.421373
108.2604,1000,2177.303578
103.983782,1000,2180.213092
105.835168,1000,2180.851374
103.307735,1000,2183.574169
103.740715,1000,2184.227085
103.309927,1000,2187.171148
110.235262,1000,2188.066767
110.721908,1000,2191.199607
100.244543,1000,2192.127116
112.704261,1000,2192.958488
111.878852,1000,2195.827452
103.145842,1000,2196.646064
109.417234,1000,2199.803416
104.311599,1000,2200.651594
111.726773,1000,2203.063793
105.383144,1000,2203.909002
105.033004,1000,2206.548521
107.447158,1000,2207.381193
113.159903,1000,2210.389916
111.604593,1000,2211.148669
111.493797,1000,2214.288459
101.987941,1000,2215.116924
104.068133,1000,2218.277809
108.734118,1000,2219.000897
115.133429,1000,2221.317633
112.957627,1000,2222.11878
109.80101,1000,2224.875356
113.33272,1000,2225.719243
106.636132,1000,2228.541643
103.269616,1000,2229.369262
114.870255,1000,2232.523918
113.241411,1000,2233.333647
110.620405,1000,2235.843755
110.830897,1000,2236.660158
108.260237,1000,2239.935205
102.260672,1000,2240.73201
107.196883,1000,2243.252054
115.321635,1000,2244.062293
116.425681,1000,2246.548976
114.830241,1000,2247.387097
108.127641,1000,2250.18819
115.541059,1000,2251.001592
117.702724,1000,2254.063416
117.219791,1000,2254.856019
117.498463,1000,2257.525199
115.528965,1000,2258.339184
116.588011,1000,2261.495692
114.821845,1000,2262.310375
113.515555,1000,2265.165951
114.731815,1000,2265.942232
120.207514,1000,2266.685898
114.831917,1000,2269.490276
116.750384,1000,2270.249106
118.239532,1000,2273.457964
118.581158,1000,2274.233266
116.608616,1000,2277.021124
113.024835,1000,2277.753396
116.533468,1000,2280.92223
118.592306,1000,2281.674992
116.126451,1000,2284.604119
109.672707,1000,2285.38029
114.707053,1000,2288.04291
116.052178,1000,2288.784385
116.483513,1000,2291.398567
116.352772,1000,2292.180349
114.668246,1000,2295.032022
106.995252,1000,2295.792312
116.437867,1000,2298.459448
113.589594,1000,2299.264823
116.229278,1000,2301.564127
114.80613,1000,2302.347027
107.848977,1000,2305.542572
118.217601,1000,2306.388876
112.978036,1000,2308.991595
102.256724,1000,2309.770712
112.954401,1000,2312.778656
114.349763,1000,2313.68364
104.507704,1000,2316.472158
104.112367,1000,2317.339359
105.069691,1000,2320.543885
112.581526,1000,2321.277643
114.708399,1000,2324.054354
106.015222,1000,2324.736113
114.729982,1000,2327.653075
115.65037,1000,2328.464032
113.159859,1000,2331.439716
106.687181,1000,2332.302413
112.126503,1000,2335.483625
109.42521,1000,2336.214012
114.504559,1000,2339.121865
112.564066,1000,2339.764152
112.942163,1000,2342.414937
110.349934,1000,2343.39301
111.748739,1000,2344.289703
111.022349,1000,2347.188865
101.274692,1000,2348.016908
112.380514,1000,2350.90957
113.381897,1000,2351.738675
111.507189,1000,2354.883865
116.494839,1000,2355.696847
119.500338,1000,2358.782694
114.559813,1000,2359.615834
114.797888,1000,2362.633614
111.508337,1000,2363.483033
115.209577,1000,2366.188686
114.620523,1000,2367.018892
116.006294,1000,2370.09474
118.132782,1000,2370.84484
116.186607,1000,2373.873197
116.143857,1000,2374.660278
121.834577,1000,2377.474382
116.688508,1000,2378.254334
119.091511,1000,2381.000765
114.433742,1000,2381.742898
116.984352,1000,2384.376584
117.966586,1000,2385.018569
112.247598,1000,2387.737411
118.343303,1000,2388.545928
115.845192,1000,2391.190759
105.224942,1000,2392.021411
111.448851,1000,2395.246711
109.957976,1000,2395.990733
104.067135,1000,2398.790718
106.395176,1000,2399.456547
113.466061,1000,2402.173314
112.326123,1000,2403.042336
111.646219,1000,2405.889534
111.820884,1000,2406.604167
107.994148,1000,2409.498839
107.229864,1000,2410.34873
114.356423,1000,2413.48194
115.707644,1000,2414.176809
107.697549,1000,2417.094749
112.295286,1000,2418.110862
108.787961,1000,2421.099869
112.545129,1000,2421.797015
115.553078,1000,2422.54188
114.680031,1000,2425.133585
107.685356,1000,2425.782336
108.991138,1000,2428.835104
114.313128,1000,2429.465384
111.029752,1000,2432.23597
110.228659,1000,2432.966556
106.951095,1000,2435.696323
112.95545,1000,2436.564557
115.348576,1000,2439.720708
113.466594,1000,2440.630639
109.853323,1000,2443.094202
111.264704,1000,2443.885686
110.446251,1000,2447.023016
108.36149,1000,2447.885748
113.752322,1000,2450.904928
111.414358,1000,2451.708413
110.723255,1000,2454.39416
111.602253,1000,2455.143697
112.371573,1000,2457.886458
112.488277,1000,2458.615042
113.49593,1000,2461.625233
111.207089,1000,2462.354371
117.711789,1000,2465.503846
116.002849,1000,2466.258679
111.415688,1000,2469.187171
114.014121,1000,2469.955956
114.743121,1000,2472.798198
107.078209,1000,2473.603845
107.681826,1000,2475.932775
111.739978,1000,2476.687607
112.819648,1000,2479.692261
112.587775,1000,2480.506693
102.332758,1000,2483.384045
110.493547,1000,2484.142098
110.513047,1000,2486.877898
101.816949,1000,2487.629895
115.348711,1000,2490.476949
117.79426,1000,2491.340305
110.485219,1000,2494.006984
105.167286,1000,2494.817738
114.193228,1000,2497.830597
110.032942,1000,2498.596197
113.575698,1000,2499.348686
105.22213,1000,2502.374987
109.143682,1000,2503.214333
111.164474,1000,2505.945361
112.12404,1000,2506.651972
112.020291,1000,2508.943236
115.992974,1000,2509.684947
111.200165,1000,2512.39799
103.188452,1000,2513.026165
112.375857,1000,2515.661765
111.130552,1000,2516.359886
105.062176,1000,2519.07446
113.415241,1000,2519.809824
113.967976,1000,2522.594353
104.851872,1000,2523.239948
114.72815,1000,2525.928403
105.413133,1000,2526.669511
111.289717,1000,2529.437124
111.240428,1000,2530.311993
99.03643,1000,2532.917356
109.248083,1000,2533.61074
111.513592,1000,2536.31557
113.01085,1000,2537.015228
109.162693,1000,2539.990358
114.161531,1000,2540.674318
108.157373,1000,2543.356894
114.383086,1000,2544.040342
116.164097,1000,2546.93068
110.112003,1000,2547.662136
114.142085,1000,2550.300886
114.74629,1000,2551.30829
112.495753,1000,2554.17018
111.891101,1000,2554.987107
110.317752,1000,2558.189834
112.988328,1000,2558.952331
114.468193,1000,2562.046461
113.80754,1000,2562.881755
110.866056,1000,2565.227298
116.598935,1000,2566.080953
116.067981,1000,2569.157551
121.27862,1000,2570.010231
114.723693,1000,2573.081529
117.826079,1000,2573.921589
118.882503,1000,2574.665048
120.199527,1000,2577.433562
114.147119,1000,2578.289754
117.410761,1000,2581.298566
116.43242,1000,2581.980288
118.235587,1000,2584.672613
117.905247,1000,2585.437483
114.10066,1000,2588.299351
115.03041,1000,2589.115878
119.431214,1000,2592.169432
117.315501,1000,2593.104281
113.224271,1000,2596.005466
115.198142,1000,2596.750083
116.910596,1000,2599.582117
119.462371,1000,2600.431571
118.319057,1000,2603.290122
118.599199,1000,2604.105948
117.517463,1000,2607.179003
108.788043,1000,2607.956407
110.537824,1000,2610.889487
115.467201,1000,2611.705992
107.948751,1000,2614.549969
111.796212,1000,2615.274572
116.93794,1000,2618.156148
112.807263,1000,2618.9778
112.788583,1000,2621.871208
113.055156,1000,2622.63725
114.023593,1000,2625.630966
113.688614,1000,2626.448658
110.607161,1000,2629.108208
106.544923,1000,2629.858607
109.358923,1000,2632.669871
103.229363,1000,2633.389639
112.742343,1000,2636.1017
109.888419,1000,2636.751417
108.550253,1000,2639.783512
107.590067,1000,2640.604977
105.83922,1000,2643.734443
107.945909,1000,2644.589391
103.065141,1000,2647.187734
100.38475,1000,2648.040969
104.927148,1000,2650.787897
107.34467,1000,2651.514741
106.578697,1000,2652.287514
104.657629,1000,2654.92635
106.921968,1000,2655.746706
104.471488,1000,2658.513406
105.739436,1000,2659.370953
104.620425,1000,2662.427794
108.256355,1000,2663.262757
112.203258,1000,2666.205202
108.998967,1000,2666.998973
109.293257,1000,2669.532235
105.52818,1000,2670.371648
111.255443,1000,2672.966688
113.505782,1000,2673.721745
109.431415,1000,2676.851143
111.973657,1000,2677.637511
112.949468,1000,2680.461331
109.123692,1000,2681.315674
108.938649,1000,2683.735424
111.67548,1000,2684.508235
113.014171,1000,2687.415828
108.430537,1000,2688.158781
113.405866,1000,2691.304634
106.770761,1000,2692.14556
114.412317,1000,2695.146999
115.757911,1000,2696.00579
109.698309,1000,2699.292173
107.244709,1000,2700.055258
111.08817,1000,2702.740776
116.59572,1000,2703.564884
114.532861,1000,2706.632697
113.432468,1000,2707.429664
105.259297,1000,2710.55565
108.443756,1000,2711.40356
112.648342,1000,2714.240731
112.736388,1000,2715.050211
108.876045,1000,2717.823113
110.752223,1000,2718.608827
104.440973,1000,2721.420279
112.483523,1000,2722.274005
113.430322,1000,2725.058675
107.975871,1000,2725.790089
116.395626,1000,2726.569428
111.290911,1000,2729.451624
112.036874,1000,2730.19834
108.803081,1000,2733.136811
105.311963,1000,2733.944614
108.316475,1000,2736.861789
116.275857,1000,2737.712899
111.964413,1000,2740.527757
109.835624,1000,2741.385702
109.523758,1000,2744.334015
114.370772,1000,2745.006342
116.65114,1000,2747.709505
114.407651,1000,2748.492151
112.234674,1000,2751.343968
109.720575,1000,2752.024342
108.259487,1000,2754.890342
113.268338,1000,2755.560806
111.381173,1000,2758.022784
117.914413,1000,2758.803782
114.653186,1000,2761.608153
111.863762,1000,2762.323891
113.667083,1000,2765.040857
116.62802,1000,2765.754298
114.396586,1000,2768.638242
114.17665,1000,2769.422492
111.515653,1000,2772.560162
112.026242,1000,2773.457488
111.49261,1000,2776.69278
114.798095,1000,2777.448282
106.885853,1000,2780.351121
114.723509,1000,2781.086832
109.838893,1000,2783.705948
106.943145,1000,2784.508953
115.453888,1000,2787.091487
100.897744,1000,2787.885237
113.163373,1000,2790.917411
109.319622,1000,2791.756969
110.101099,1000,2794.945229
105.841216,1000,2795.737041
112.226561,1000,2798.71511
110.424716,1000,2799.573265
110.624791,1000,2802.607629
112.152674,1000,2803.456038
111.328725,1000,2804.244477
110.666595,1000,2806.999448
104.792883,1000,2807.711812
110.191123,1000,2810.38331
112.684516,1000,2811.003396
111.201917,1000,2813.654178
107.308532,1000,2814.359396
107.981058,1000,2817.177789
110.961751,1000,2817.910844
109.195015,1000,2820.71963
109.084588,1000,2821.393735
108.833291,1000,2824.142985
106.607234,1000,2824.785346
109.144417,1000,2827.689275
111.844519,1000,2828.47254
113.770047,1000,2831.22031
109.334921,1000,2831.858963
110.42984,1000,2834.527235
113.424306,1000,2835.162825
110.979586,1000,2837.78216
112.549255,1000,2838.580081
113.301931,1000,2841.241983
112.028533,1000,2842.040535
108.66901,1000,2845.070682
104.333314,1000,2845.711632
114.389139,1000,2848.647735
108.77543,1000,2849.638207
112.927235,1000,2852.440671
100.484383,1000,2853.083582
110.889925,1000,2856.06865
107.451111,1000,2857.083142
107.164911,1000,2859.846466
106.417334,1000,2860.491727
107.099166,1000,2863.260022
107.89889,1000,2864.059624
106.973681,1000,2867.035991
112.03845,1000,2867.727886
111.730405,1000,2870.742306
108.959485,1000,2871.454808
107.36193,1000,2874.406856
112.307691,1000,2875.177324
107.534049,1000,2877.821841
109.679483,1000,2878.484195
116.764689,1000,2879.288168
112.938494,1000,2881.823901
112.964582,1000,2882.602443
112.998646,1000,2885.671974
111.723186,1000,2886.493112
114.682739,1000,2889.607991
113.33308,1000,2890.37806
112.472767,1000,2893.485381
113.485804,1000,2894.286989
112.871221,1000,2896.648161
114.838367,1000,2897.474038
113.782512,1000,2900.53163
112.812214,1000,2901.345756
116.16958,1000,2904.549121
118.894189,1000,2905.383446
117.90189,1000,2907.866304
116.621234,1000,2908.676044
116.08837,1000,2911.68127
113.423727,1000,2912.449756
115.042736,1000,2915.592437
111.586774,1000,2916.311387
118.239944,1000,2919.012396
110.836208,1000,2919.754984
117.431158,1000,2922.818464
116.945934,1000,2923.5581
102.495986,1000,2926.258395
115.104178,1000,2927.019114
109.676559,1000,2930.035437
112.381441,1000,2930.715012
107.561441,1000,2933.569223
116.912609,1000,2934.312843
116.562203,1000,2937.139821
107.758947,1000,2937.83151
114.220445,1000,2940.651948
111.361696,1000,2941.358804
110.307621,1000,2944.165769
113.218454,1000,2944.812518
112.107608,1000,2947.402328
113.659139,1000,2948.154644
105.694687,1000,2951.009094
111.491847,1000,2951.90364
110.753877,1000,2954.705024
111.690772,1000,2955.414668
115.067017,1000,2956.058499
115.942304,1000,2958.827691
113.83758,1000,2959.570865
113.585244,1000,2962.456571
113.164305,1000,2963.217524
113.408977,1000,2965.828859
103.30498,1000,2966.592096
110.526163,1000,2969.277399
109.897931,1000,2969.923906
114.510503,1000,2972.715207
112.127819,1000,2973.360235
113.100971,1000,2976.026269
110.921209,1000,2976.668488
111.061436,1000,2979.403258
114.057102,1000,2980.04462
108.967712,1000,2983.038438
111.932772,1000,2983.899992
113.668505,1000,2986.64991
108.973143,1000,2987.384337
112.484226,1000,2990.201576
109.880478,1000,2990.848302
107.94548,1000,2993.617269
107.578541,1000,2994.573717
116.016157,1000,2997.32449
108.580562,1000,2998.181895
110.499961,1000,3001.495553
107.955045,1000,3002.30695
112.925969,1000,3004.795795
108.700363,1000,3005.52866
115.834614,1000,3008.657233
108.719689,1000,3009.426625
116.972079,1000,3012.68516
111.642542,1000,3013.501897
111.887108,1000,3016.193784
112.408604,1000,3016.995055
107.107341,1000,3019.900063
113.668987,1000,3020.691242
108.313989,1000,3023.084905
111.154724,1000,3023.843386
113.813944,1000,3026.948837
112.085017,1000,3027.805933
114.804908,1000,3030.944957
112.952428,1000,3031.708164
113.754976,1000,3032.404027
111.382279,1000,3035.342298
106.819571,1000,3036.084239
114.960675,1000,3038.752468
120.212715,1000,3039.41275
111.361013,1000,3042.124716
114.879032,1000,3042.81249
112.401616,1000,3045.468461
113.690466,1000,3046.238256
100.506911,1000,3049.139122
111.166864,1000,3049.793944
114.106634,1000,3052.778944
111.184757,1000,3053.601379
107.613937,1000,3056.283284
112.933583,1000,3056.926336
107.44572,1000,3059.693453
114.691684,1000,3060.592096
110.484188,1000,3063.444217
110.33536,1000,3064.084864
111.051301,1000,3066.74237
111.572666,1000,3067.456117
114.270549,1000,3070.27582
113.216717,1000,3071.151457
114.577152,1000,3073.684933
111.972084,1000,3074.333928
113.378264,1000,3076.876222
109.948061,1000,3077.645429
112.186494,1000,3080.840061
113.772188,1000,3081.643691
111.914131,1000,3084.538906
119.955173,1000,3085.321741
115.064869,1000,3087.98952
113.66671,1000,3088.753827
114.224361,1000,3091.435359
105.54919,1000,3092.188703
109.587591,1000,3095.197536
114.696055,1000,3095.872113
112.463179,1000,3098.460391
113.624302,1000,3099.209712
113.820418,1000,3102.118127
113.925428,1000,3102.924062
115.49916,1000,3105.675303
104.897893,1000,3106.464214
109.694863,1000,3107.237368
114.393832,1000,3110.149396
114.69321,1000,3110.894044
104.005514,1000,3113.669875
109.248986,1000,3114.379796
119.028766,1000,3117.399124
116.032308,1000,3118.056317
110.085679,1000,3120.956574
115.069086,1000,3121.699292
108.936696,1000,3124.241376
113.766196,1000,3124.960035
118.861013,1000,3127.878653
115.170733,1000,3128.526788
117.291142,1000,3131.512682
112.164219,1000,3132.286854
111.086932,1000,3135.406857
109.601387,1000,3136.152174
115.773947,1000,3138.733314
113.568123,1000,3139.63658
114.075271,1000,3142.34942
112.819142,1000,3143.200885
109.152926,1000,3146.216564
105.186452,1000,3146.998261
111.877414,1000,3149.560352
110.968764,1000,3150.313286
110.112266,1000,3153.214686
111.025347,1000,3154.009879
109.63781,1000,3157.002359
117.0796,1000,3157.798324
114.70448,1000,3160.796857
109.02778,1000,3161.736862
112.613437,1000,3164.477253
111.711934,1000,3165.287529
114.182913,1000,3167.844116
112.081157,1000,3168.612002
109.284772,1000,3171.634894
108.447576,1000,3172.49292
115.08626,1000,3175.110432
114.611321,1000,3175.964025
115.759809,1000,3178.699146
110.648596,1000,3179.537062
111.199306,1000,3180.314315
112.061475,1000,3183.329624
108.295298,1000,3184.126063
111.41683,1000,3186.987831
110.796394,1000,3187.6827
115.783769,1000,3190.870237
111.873585,1000,3191.640162
115.06438,1000,3194.60185
116.561352,1000,3195.395077
118.453183,1000,3198.501161
112.864532,1000,3199.327731
114.660984,1000,3202.682764
111.341293,1000,3203.476788
107.97278,1000,3206.419456
111.372798,1000,3207.24405
118.622139,1000,3210.33018
113.274595,1000,3211.078517
115.816031,1000,3213.882888
117.882187,1000,3214.609083
114.552037,1000,3217.12928
116.549961,1000,3217.905626
109.798866,1000,3220.849271
108.792482,1000,3221.612653
115.098913,1000,3224.641338
107.520075,1000,3225.375415
112.193136,1000,3228.392079
112.263167,1000,3229.097323
110.596358,1000,3231.838027
111.74151,1000,3232.521989
112.640688,1000,3235.266826
115.766756,1000,3236.106006
111.252303,1000,3238.895925
110.609306,1000,3239.638513
114.895984,1000,3242.358991
107.878888,1000,3243.045605
115.295785,1000,3245.721882
114.151132,1000,3246.499668
109.550017,1000,3249.222666
112.085074,1000,3250.039662
111.384772,1000,3252.868293
111.60204,1000,3253.631988
110.814647,1000,3256.613386
113.023322,1000,3257.402454
114.320571,1000,3258.149527
111.936973,1000,3261.203395
110.452234,1000,3261.850368
110.378442,1000,3264.473082
104.132261,1000,3265.175331
110.12932,1000,3267.960486
112.528636,1000,3268.645163
107.188492,1000,3271.28727
103.209288,1000,3272.030263
104.27183,1000,3274.691098
105.013899,1000,3275.433211
104.033627,1000,3278.096196
105.062761,1000,3278.883932
101.933022,1000,3281.893312
95.099493,1000,3282.700629
101.800354,1000,3285.380839
96.440962,1000,3286.179968
108.006049,1000,3289.49869
100.847762,1000,3290.331302
102.907799,1000,3293.098718
98.229249,1000,3293.887705
103.04485,1000,3296.777979
103.776392,1000,3297.480896
101.190294,1000,3300.320616
99.708181,1000,3301.18363
106.51557,1000,3304.356571
105.131968,1000,3305.173074
99.689705,1000,3307.895374
104.218906,1000,3308.567266
96.423302,1000,3311.345616
104.126181,1000,3312.06112
105.264766,1000,3314.881263
102.095549,1000,3315.634836
106.049071,1000,3318.850267
101.420301,1000,3319.559487
102.283717,1000,3322.532067
103.690692,1000,3323.277136
105.422966,1000,3326.407968
106.530216,1000,3327.221867
104.875811,1000,3329.886697
108.548664,1000,3330.607426
112.962525,1000,3333.803876
100.598032,1000,3334.571485
106.008967,1000,3335.311102
113.284016,1000,3338.05384
109.764625,1000,3338.918859
110.856645,1000,3341.889642
112.99388,1000,3342.650683
101.702325,1000,3345.754493
110.272524,1000,3346.550045
107.396888,1000,3349.221906
102.726238,1000,3349.985426
111.467205,1000,3352.812284
109.642674,1000,3353.583647
112.927405,1000,3356.344084
113.730916,1000,3357.20901
113.33152,1000,3360.269577
116.646232,1000,3361.082119
114.071752,1000,3364.144816
105.157652,1000,3364.894654
110.341276,1000,3367.839065
107.508662,1000,3368.622387
107.845978,1000,3371.204316
114.258806,1000,3372.042554
116.664979,1000,3374.932652
115.319234,1000,3375.685916
113.608809,1000,3378.376962
116.422215,1000,3379.120474
114.01598,1000,3381.971067
114.150881,1000,3382.794851
113.313652,1000,3385.57641
114.426295,1000,3386.325417
111.427929,1000,3389.279684
113.840846,1000,3389.989938
114.802099,1000,3392.269075
112.29363,1000,3393.090798
108.715115,1000,3396.151469
119.77834,1000,3396.965553
113.26783,1000,3399.968817
115.825105,1000,3400.817366
115.952611,1000,3403.581687
117.26672,1000,3404.359712
112.864945,1000,3407.167968
115.669087,1000,3407.977931
117.176858,1000,3411.031816
116.192485,1000,3411.822912
120.586827,1000,3412.552255
116.636438,1000,3415.452227
113.015651,1000,3416.200135
115.947798,1000,3418.838758
115.439897,1000,3419.535285
116.225651,1000,3422.189097
113.90343,1000,3423.052497
111.864367,1000,3426.328516
118.896901,1000,3427.088805
117.098823,1000,3429.910428
116.021588,1000,3430.69887
110.231673,1000,3433.537287
120.352562,1000,3434.395252
111.85337,1000,3437.091024
114.472838,1000,3437.836841
112.868099,1000,3440.774587
116.92166,1000,3441.562265
114.973302,1000,3444.42426
112.082259,1000,3445.151585
110.344276,1000,3447.871456
116.232613,1000,3448.518063
116.000364,1000,3451.452026
110.244989,1000,3452.295247
114.729039,1000,3454.832403
109.534936,1000,3455.567861
106.688854,1000,3458.38411
109.575409,1000,3459.171523
117.661244,1000,3462.432608
112.895821,1000,3463.162359
112.369927,1000,3466.122488
114.087143,1000,3466.880227
113.829718,1000,3469.685431
107.49305,1000,3470.428662
113.496246,1000,3473.52841
113.958252,1000,3474.288888
114.508654,1000,3477.357007
114.56451,1000,3478.258034
114.576353,1000,3480.781513
113.939053,1000,3481.761113
110.99055,1000,3484.83658
116.831888,1000,3485.475945
108.244711,1000,3488.210586
112.462749,1000,3488.965662
115.334445,1000,3489.734534
112.784382,1000,3492.162683
111.672808,1000,3493.011022
104.939464,1000,3495.897759
113.591675,1000,3496.725522
116.037136,1000,3499.557672
114.16641,1000,3500.245382
111.259608,1000,3502.878345
117.449019,1000,3503.641471
115.382107,1000,3506.127013
114.754023,1000,3506.96799
115.606221,1000,3509.794475
108.72156,1000,3510.647143
116.735764,1000,3513.279669
113.176446,1000,3514.047998
114.773264,1000,3516.697855
113.325696,1000,3517.466683
109.951019,1000,3520.079275
108.692257,1000,3520.984443
118.416856,1000,3523.963224
110.93281,1000,3524.777589
110.099332,1000,3527.93637
112.534877,1000,3528.870268
111.557941,1000,3531.981268
107.340079,1000,3532.724094
108.480565,1000,3535.514155
109.899991,1000,3536.319726
109.882526,1000,3539.146671
113.996346,1000,3539.857386
111.301638,1000,3542.390065
115.653715,1000,3543.081053
109.318959,1000,3545.533287
112.124306,1000,3546.292305
113.099736,1000,3548.679299
113.933711,1000,3549.294635
