#{"t_start": 1533175582.9251647, "env_id": "HalfCheetah-v2"}
r,l,t
-659.478303,1000,0.771431
-807.181045,1000,1.553417
-660.382748,1000,2.996636
-732.391267,1000,3.508468
-720.779797,1000,4.901605
-511.74489,1000,5.615579
-676.759334,1000,7.100835
-653.809128,1000,7.859989
-537.826539,1000,9.389094
-669.062558,1000,9.962582
-629.52629,1000,11.439921
-642.807187,1000,12.055745
-674.745172,1000,13.427221
-541.609525,1000,14.26324
-500.155739,1000,15.805368
-621.861129,1000,16.630903
-491.494607,1000,18.015834
-689.360586,1000,18.842087
-465.860235,1000,20.334084
-530.946964,1000,21.053516
-613.342256,1000,22.594789
-614.639705,1000,23.318363
-490.282068,1000,24.811246
-561.527981,1000,25.517621
-513.463052,1000,26.665704
-472.017798,1000,27.336839
-578.960992,1000,28.709535
-486.16424,1000,29.391181
-532.619,1000,30.928547
-509.40398,1000,31.756536
-547.89364,1000,33.251776
-609.136504,1000,33.85328
-487.213631,1000,35.254745
-503.090166,1000,35.917187
-590.86578,1000,37.378719
-502.094552,1000,37.928799
-486.347527,1000,39.280168
-500.982912,1000,40.009099
-578.575421,1000,41.481916
-270.183937,1000,42.209699
-437.607347,1000,43.797071
-437.719534,1000,44.594804
-457.210872,1000,45.251845
-374.559401,1000,46.790203
-391.174812,1000,47.598775
-409.840949,1000,49.121623
-370.518941,1000,49.925176
-448.573907,1000,51.439745
-367.570812,1000,52.14945
-449.449486,1000,53.600039
-281.25282,1000,54.377587
-250.987977,1000,55.851097
-246.096614,1000,56.55852
-195.570419,1000,57.941743
-349.590317,1000,58.64167
-402.089593,1000,60.232701
-316.450735,1000,61.005536
-207.700628,1000,62.549782
-217.498974,1000,63.230911
-286.643458,1000,64.743769
-221.910004,1000,65.548378
-233.121212,1000,66.967092
-344.347071,1000,67.721256
-261.281329,1000,69.051537
-195.531851,1000,69.865875
-239.558518,1000,71.385946
-234.660966,1000,72.203522
-187.942703,1000,73.78309
-358.272073,1000,74.601969
-176.022632,1000,76.147361
-267.903201,1000,76.905777
-209.20099,1000,78.485441
-207.912706,1000,79.192579
-44.304263,1000,80.570343
-113.435716,1000,81.42372
-363.680478,1000,82.889412
-249.725037,1000,83.489693
-142.251773,1000,84.83895
-92.606651,1000,85.67291
-75.501671,1000,87.104167
-208.519959,1000,87.8431
-155.867472,1000,89.441944
-163.900443,1000,90.173198
-173.525866,1000,91.696823
-166.12588,1000,92.40907
-96.526583,1000,93.042098
-97.762702,1000,94.460351
-29.330065,1000,95.289669
-113.860417,1000,96.911073
-31.058727,1000,97.744508
45.61056,1000,99.250067
-44.756412,1000,100.060393
-103.694884,1000,101.480888
-233.052476,1000,102.29141
-49.129452,1000,103.767295
-162.302733,1000,104.347115
-16.487998,1000,105.46956
-4.56329,1000,106.165483
-19.886515,1000,107.694611
86.717254,1000,108.434774
-99.626906,1000,109.827978
-109.831068,1000,110.448966
-80.77507,1000,111.810322
-65.53695,1000,112.641732
-50.306555,1000,114.098621
-225.389909,1000,114.831646
18.815232,1000,116.29718
7.76853,1000,116.977548
-18.539031,1000,118.47725
66.799271,1000,119.295241
-24.692477,1000,120.682428
124.579651,1000,121.276103
-16.900891,1000,122.639627
-15.777465,1000,123.44818
30.811061,1000,124.966317
-51.30886,1000,125.698109
17.666214,1000,127.131289
40.261141,1000,127.671122
30.582747,1000,129.058971
-37.623649,1000,129.846161
184.430544,1000,131.289501
192.722328,1000,131.897299
10.882233,1000,133.180846
119.147046,1000,133.875641
165.772994,1000,135.035338
101.107143,1000,135.722762
112.974105,1000,137.096257
203.750214,1000,137.923941
65.61883,1000,138.747017
115.222447,1000,140.251714
98.932554,1000,141.030987
-78.890838,1000,142.402126
87.968689,1000,143.193646
151.595706,1000,144.782464
80.203042,1000,145.358481
93.579924,1000,146.722519
299.428405,1000,147.523585
271.510065,1000,148.986172
122.809847,1000,149.601807
241.30127,1000,151.139821
211.467284,1000,151.842434
-32.897586,1000,153.307097
172.734992,1000,153.988554
276.529162,1000,155.47641
319.621409,1000,156.299214
304.404176,1000,157.812393
62.278061,1000,158.363945
154.188011,1000,159.576836
274.163426,1000,160.272984
140.81978,1000,161.857986
196.938553,1000,162.688629
191.233476,1000,163.973151
309.686373,1000,164.737946
322.02548,1000,166.214345
301.075878,1000,166.842514
254.839928,1000,168.048105
391.603297,1000,168.790382
198.675541,1000,170.320334
306.185708,1000,171.011274
213.911137,1000,172.145599
195.176125,1000,172.672553
268.311715,1000,174.157709
331.517095,1000,174.967818
430.806317,1000,176.481386
266.06838,1000,177.299474
152.325511,1000,178.796552
364.064714,1000,179.480048
270.459637,1000,181.032545
240.919359,1000,181.798342
354.387542,1000,183.282441
319.480175,1000,184.092759
309.785364,1000,184.860682
413.669728,1000,186.44791
388.819641,1000,187.263946
378.480176,1000,188.792441
450.280439,1000,189.377897
358.120596,1000,190.915246
301.023224,1000,191.72455
558.601236,1000,193.254819
425.170099,1000,194.065541
492.096297,1000,195.505309
492.067658,1000,196.310172
418.331635,1000,197.756205
576.380873,1000,198.365854
599.440643,1000,199.839808
479.666907,1000,200.639696
589.106262,1000,202.191274
431.366423,1000,203.025972
334.160831,1000,204.461531
570.027948,1000,205.255804
462.318383,1000,206.80288
552.562523,1000,207.609028
528.047276,1000,209.244137
418.271506,1000,210.053966
400.814373,1000,211.611851
569.045227,1000,212.399823
485.254963,1000,213.959019
632.763779,1000,214.649081
538.186688,1000,216.118849
674.734025,1000,216.729705
747.692802,1000,218.147493
474.481213,1000,218.898515
449.320197,1000,220.415753
551.121738,1000,221.04478
580.830199,1000,222.294436
614.391976,1000,222.97047
645.538916,1000,224.112651
571.146518,1000,224.687987
575.562134,1000,226.251431
663.558526,1000,227.033741
680.999302,1000,228.516094
714.886281,1000,229.343858
782.308615,1000,230.639519
785.559625,1000,231.149602
641.972769,1000,231.714624
725.396361,1000,232.972037
727.82253,1000,233.508949
717.08998,1000,234.844944
665.414057,1000,235.650405
533.260232,1000,237.009095
806.679402,1000,237.803349
713.286487,1000,239.327987
-111.15701,1000,240.116549
638.562902,1000,241.714705
868.846208,1000,242.538499
720.042417,1000,243.840534
792.803739,1000,244.466264
698.774017,1000,245.902197
768.873094,1000,246.68989
742.289743,1000,248.281226
801.542332,1000,249.097763
802.857128,1000,250.610522
769.289255,1000,251.275527
840.821742,1000,252.446095
719.4737,1000,253.137732
892.706615,1000,254.42716
959.718404,1000,255.222939
735.093014,1000,256.750686
755.344629,1000,257.551288
739.111712,1000,259.0037
686.797996,1000,259.827025
790.211693,1000,261.367853
711.773103,1000,262.19157
761.292895,1000,263.589888
826.111533,1000,264.405509
971.720278,1000,265.915395
990.323441,1000,266.488926
680.370187,1000,267.872609
931.205048,1000,268.606985
826.93649,1000,270.120168
863.867588,1000,270.802821
884.376421,1000,272.273457
691.366477,1000,273.085966
835.554899,1000,274.608238
909.077585,1000,275.411076
928.251523,1000,276.225705
927.452541,1000,277.837636
999.659726,1000,278.656897
950.910195,1000,280.04647
1056.962514,1000,280.726829
1019.776195,1000,282.240357
770.714856,1000,282.988484
805.860539,1000,284.372258
802.400537,1000,285.124091
766.373849,1000,286.62683
898.0684,1000,287.26073
712.863273,1000,288.738491
942.154849,1000,289.399235
977.473781,1000,290.838022
114.914407,1000,291.459157
964.629843,1000,292.948593
924.86022,1000,293.715528
1112.000896,1000,295.275563
766.827664,1000,295.987428
1023.890939,1000,297.043686
948.810572,1000,297.684092
912.176927,1000,299.17702
1045.67469,1000,299.936816
973.90755,1000,301.424208
913.055945,1000,302.243222
1191.169691,1000,303.666825
1132.753096,1000,304.42761
1117.022804,1000,305.835134
986.039113,1000,306.634072
853.915421,1000,308.235243
1000.998323,1000,308.994668
1233.767934,1000,310.561783
1068.470815,1000,311.274264
920.306615,1000,312.817541
1134.484028,1000,313.597877
1027.941197,1000,315.082556
1239.152797,1000,315.752442
924.944466,1000,317.332508
708.909759,1000,318.03715
1089.753408,1000,319.272069
1222.210603,1000,319.918659
1112.805851,1000,321.441816
993.652869,1000,322.259255
939.672862,1000,322.935246
1095.721521,1000,324.433766
1009.5447,1000,325.147269
1073.042751,1000,326.508294
1038.479024,1000,327.148812
1091.620698,1000,328.704735
939.50708,1000,329.531374
1321.105724,1000,330.825336
1087.623462,1000,331.526882
946.509582,1000,332.747737
1010.924343,1000,333.41816
1127.680354,1000,334.780241
1131.568726,1000,335.346789
1041.310273,1000,336.804189
1262.981168,1000,337.610608
1133.681821,1000,339.145296
613.821148,1000,339.971838
1138.14521,1000,341.516428
1079.217343,1000,342.231032
993.069653,1000,343.653627
1102.521502,1000,344.450106
1041.110807,1000,345.932157
1243.323186,1000,346.740641
1273.147745,1000,348.222481
1036.066467,1000,349.03021
1069.548222,1000,350.458205
1062.966915,1000,351.030612
1013.585998,1000,352.491562
1177.475557,1000,353.286379
1174.163918,1000,354.82219
1051.400246,1000,355.631975
1031.033,1000,357.069098
1065.013306,1000,357.63264
1187.018211,1000,359.032265
1180.054539,1000,359.829997
1225.09626,1000,361.237338
1211.156433,1000,361.752852
1119.231111,1000,363.313485
1086.791595,1000,364.131249
1093.668896,1000,365.616005
1221.553002,1000,366.361174
1135.334063,1000,367.925795
1217.518221,1000,368.624784
1211.346292,1000,369.440294
1207.114598,1000,370.974618
1159.519475,1000,371.608804
1335.33925,1000,373.082293
1334.974476,1000,373.910977
1096.891823,1000,375.427244
1484.264637,1000,376.214515
1225.108605,1000,377.746696
1249.266896,1000,378.561571
1180.560909,1000,380.053167
1312.237188,1000,380.865216
1201.956004,1000,382.380869
1297.565868,1000,383.18453
1200.595908,1000,384.615885
1333.863574,1000,385.421789
566.27047,1000,386.879969
1032.158649,1000,387.684389
1230.968084,1000,389.079688
1003.039229,1000,389.721656
1150.216372,1000,391.185965
1367.020778,1000,391.802204
1180.018741,1000,393.183273
1346.31001,1000,394.009613
1147.630386,1000,395.477232
1297.332557,1000,396.127395
1290.577668,1000,397.630916
1308.86921,1000,398.371852
1413.384013,1000,399.73222
1203.054037,1000,400.347371
-191.538601,1000,401.707918
1332.810794,1000,402.222058
1294.965488,1000,403.445618
1232.566495,1000,404.206058
1400.225594,1000,405.76962
1529.591929,1000,406.470969
1364.57561,1000,407.499292
1288.655653,1000,408.206652
1395.590592,1000,409.775066
1544.581853,1000,410.571707
1401.721229,1000,412.054616
1471.650996,1000,412.871857
1228.880854,1000,414.409647
1563.009352,1000,415.22614
1424.703968,1000,416.045341
1354.395725,1000,417.571843
1333.572008,1000,418.394523
1320.129735,1000,419.9443
1420.883443,1000,420.591527
1363.468326,1000,421.920899
1232.104604,1000,422.639428
1470.442971,1000,424.109737
1272.891575,1000,424.714251
1569.94457,1000,426.159077
1468.025332,1000,426.981878
1547.672432,1000,428.541827
1407.637375,1000,429.345841
1330.330899,1000,430.883444
1199.978967,1000,431.712784
1320.076128,1000,433.26024
1396.194491,1000,433.985298
1550.389869,1000,435.516262
1322.287468,1000,436.335146
1403.248699,1000,437.851832
-457.063026,1000,438.68997
1329.628694,1000,440.289754
1461.756422,1000,441.049619
1617.837434,1000,442.498326
1404.625838,1000,443.231418
1428.489484,1000,444.790803
1441.227578,1000,445.514458
1616.000939,1000,447.066749
1487.773119,1000,447.895508
1517.021252,1000,449.444944
1544.21533,1000,450.24642
1505.778603,1000,451.859452
1466.081491,1000,452.681229
1449.123231,1000,454.171587
1425.390456,1000,454.888054
1520.889268,1000,456.345372
1323.183261,1000,457.12939
1331.180995,1000,458.738342
1648.637801,1000,459.50585
1477.345898,1000,461.013232
1511.533977,1000,461.837965
1669.891282,1000,463.292551
1502.181627,1000,464.1004
1619.702518,1000,464.888873
1475.071858,1000,466.414554
1589.856701,1000,467.104505
1500.308961,1000,468.577234
1568.92278,1000,469.370894
1579.71518,1000,470.806324
1579.210625,1000,471.603016
1591.233426,1000,473.111765
1539.791999,1000,473.718078
1517.271128,1000,475.143502
1591.592582,1000,475.961607
1660.875276,1000,477.459231
1565.269994,1000,478.287316
1645.115201,1000,479.875167
1627.671483,1000,480.690721
1452.579394,1000,482.096959
1539.224475,1000,482.665928
1438.706723,1000,484.078211
1604.250469,1000,484.820733
1358.886988,1000,486.150432
671.050847,1000,486.991599
1658.50013,1000,488.538157
1484.03837,1000,489.332602
1707.972016,1000,490.90062
1597.560974,1000,491.569396
1463.099204,1000,492.887359
296.678806,1000,493.694862
1343.329332,1000,495.096356
1819.346275,1000,495.828825
1722.232956,1000,497.315424
1595.858431,1000,498.106304
1543.588976,1000,499.586326
1658.735286,1000,500.377
1439.991219,1000,501.89521
1561.05137,1000,502.706261
1700.684623,1000,504.207904
1674.602798,1000,504.94448
1705.044622,1000,506.184144
1518.453991,1000,506.913662
1515.274725,1000,508.166389
1758.092562,1000,508.912384
1552.710899,1000,510.536044
1787.310243,1000,511.224015
1506.113983,1000,511.886152
1752.774274,1000,513.436525
1836.587282,1000,514.200603
1858.079839,1000,515.725656
1839.203075,1000,516.556168
1695.033273,1000,518.144191
1657.276563,1000,518.972187
1543.948058,1000,520.535328
1525.14182,1000,521.093101
1739.325813,1000,522.284062
1613.432375,1000,522.998236
1804.116382,1000,524.06647
1624.837758,1000,524.720433
1708.578223,1000,526.238545
1520.126282,1000,527.00186
1927.88024,1000,528.441892
1691.357852,1000,529.20793
1845.973964,1000,530.728362
1619.742496,1000,531.558352
1698.111169,1000,533.133294
1650.604627,1000,533.89205
1750.307962,1000,535.229367
2000.093393,1000,535.849268
1822.887615,1000,537.222198
1445.077632,1000,538.019212
1633.025907,1000,539.588756
1614.189177,1000,540.374198
1742.205874,1000,541.824914
1456.861725,1000,542.639177
1514.969992,1000,544.136419
1880.874082,1000,544.934305
1692.663236,1000,546.530579
-168.046243,1000,547.345983
1673.358395,1000,548.725627
1950.776807,1000,549.424434
1678.223262,1000,551.011449
1678.45261,1000,551.803724
1618.540527,1000,552.82977
1661.516916,1000,553.487821
1890.468707,1000,555.014691
1688.453987,1000,555.704972
1720.668259,1000,556.524366
1977.148156,1000,557.946441
1805.031161,1000,558.607657
1737.797525,1000,560.142348
2011.866371,1000,560.839976
1641.554551,1000,562.288896
1566.942073,1000,563.058243
1856.381907,1000,564.667803
1546.263809,1000,565.428567
1788.543721,1000,566.986644
1981.269832,1000,567.792728
483.955971,1000,569.116654
1816.912641,1000,569.766109
1903.010509,1000,571.338308
2138.448,1000,572.033302
1866.696451,1000,573.6165
1827.563485,1000,574.251305
2154.023395,1000,575.707241
1892.030907,1000,576.46751
1664.401402,1000,578.001568
1969.208645,1000,578.731704
1846.935223,1000,580.132332
1138.51631,1000,580.766369
1803.520326,1000,581.98335
1766.865395,1000,582.610419
1858.203141,1000,583.950459
1814.905939,1000,584.712424
1969.779601,1000,586.084432
1769.310065,1000,586.906618
1950.189099,1000,588.357555
1909.031296,1000,589.088852
1774.947785,1000,590.705473
1903.958162,1000,591.473801
1894.237345,1000,592.812326
2121.594503,1000,593.619592
1905.308535,1000,594.988783
1849.722947,1000,595.592385
2029.303449,1000,596.876717
2035.293378,1000,597.691377
1888.40603,1000,599.261394
1782.840975,1000,599.998879
1965.524109,1000,601.566131
2083.563064,1000,602.240992
2020.601761,1000,602.984546
1881.111746,1000,604.44793
1944.541078,1000,605.167086
1968.089513,1000,606.738984
1840.703324,1000,607.482968
1978.153835,1000,608.929268
1881.688905,1000,609.742857
1794.017823,1000,611.20733
1887.795814,1000,611.920041
1902.981856,1000,613.268435
2010.96525,1000,614.068291
2047.042356,1000,615.570694
1940.682667,1000,616.354413
1858.284819,1000,617.875862
2032.976331,1000,618.693389
2091.662591,1000,620.185218
2198.954636,1000,620.79388
2161.639078,1000,621.966742
1914.203707,1000,622.682582
1981.613683,1000,624.204115
2048.128674,1000,624.918119
1979.991019,1000,626.352134
2037.086746,1000,627.115633
2132.330351,1000,628.585431
2153.372131,1000,629.377953
2298.313704,1000,630.570803
2028.919916,1000,631.219571
2054.434007,1000,632.681225
1861.43643,1000,633.261767
2214.180661,1000,634.78582
1924.75596,1000,635.562739
2129.230804,1000,637.154888
2120.530915,1000,637.905002
2133.239602,1000,639.238692
1996.727321,1000,639.741026
2164.320934,1000,641.0964
1996.416951,1000,641.84314
1827.31846,1000,643.246365
2140.406334,1000,644.069099
2177.466718,1000,645.468075
2235.336219,1000,646.131961
2182.883793,1000,647.54478
2156.442349,1000,648.285503
2103.838278,1000,649.103748
2095.232616,1000,650.346065
2076.689682,1000,650.9053
902.90772,1000,652.277088
1998.701375,1000,653.055624
2095.948092,1000,654.518974
1987.076764,1000,655.136454
2249.723217,1000,656.721363
2023.307153,1000,657.430691
2084.564544,1000,659.049444
2121.548691,1000,659.848521
2347.375021,1000,661.339087
2014.606676,1000,662.114109
2118.636771,1000,663.49125
2187.349833,1000,664.061812
2057.319611,1000,665.5865
2081.456644,1000,666.267048
2106.779916,1000,667.616219
1996.357338,1000,668.312565
2079.832601,1000,669.776931
2039.6692,1000,670.576775
2147.254861,1000,671.958167
2084.122486,1000,672.745754
2134.169172,1000,674.272723
1982.379917,1000,674.996969
2194.699901,1000,676.553441
2170.107935,1000,677.213809
2178.325419,1000,678.650149
945.043082,1000,679.466336
2195.420125,1000,680.992159
2205.7121,1000,681.782705
2191.870782,1000,683.171879
2215.968859,1000,683.989137
2359.173527,1000,685.53576
2257.546194,1000,686.344544
2276.19363,1000,687.871418
2448.805173,1000,688.566252
2374.357008,1000,690.016969
2155.23924,1000,690.82232
2101.00051,1000,692.222611
2190.484678,1000,693.025988
2175.764283,1000,694.477996
2163.312857,1000,695.28565
2223.737096,1000,695.988549
2408.942279,1000,697.522193
2145.515006,1000,698.243275
2380.738248,1000,699.794811
2376.217701,1000,700.576627
2153.965838,1000,702.062721
2284.2646,1000,702.883192
2378.907715,1000,704.278387
2359.929236,1000,705.047941
2340.639509,1000,706.462152
2209.657978,1000,707.274167
1976.363816,1000,708.784017
2297.416917,1000,709.588549
2325.799244,1000,711.069581
2306.557862,1000,711.80567
2349.812185,1000,713.208464
2174.385647,1000,713.867427
2454.093052,1000,715.31084
2161.086537,1000,716.133507
2451.448948,1000,717.572803
2081.796441,1000,718.360724
2316.513739,1000,719.947984
2298.909614,1000,720.750782
2295.243116,1000,722.220179
2225.48971,1000,723.046098
2299.622472,1000,724.552243
2388.744823,1000,725.311023
-105.655352,1000,726.780292
2156.748027,1000,727.566326
2331.876292,1000,729.131022
2457.49262,1000,729.824382
2145.289921,1000,731.28349
2483.953716,1000,732.031199
2444.997917,1000,733.564427
2330.840317,1000,734.266561
2426.228113,1000,735.714545
2371.668338,1000,736.547339
2091.223461,1000,737.968588
2258.152319,1000,738.777837
2196.613978,1000,740.294358
2242.421123,1000,741.055229
2122.396586,1000,742.624366
2262.893485,1000,743.436353
2130.817101,1000,744.149085
2546.890627,1000,745.644526
2329.8,1000,746.422587
2209.968839,1000,747.873181
2257.920365,1000,748.443792
2361.815304,1000,749.852337
2338.4196,1000,750.664722
2328.607879,1000,752.109416
2103.862072,1000,752.720529
2075.223059,1000,754.103865
2150.815438,1000,754.746517
2337.305649,1000,755.92065
2518.865063,1000,756.52282
2117.93845,1000,758.00099
2056.00062,1000,758.811575
2401.019211,1000,760.330005
2274.666487,1000,761.067813
1746.232513,1000,762.626645
2319.434303,1000,763.428197
2491.799507,1000,764.90428
2294.564908,1000,765.638268
2287.552872,1000,767.14501
2462.12301,1000,767.895757
2325.505519,1000,769.328341
2378.623536,1000,770.010829
2420.276116,1000,771.480552
2218.681894,1000,772.293897
2051.884314,1000,773.717343
2143.741727,1000,774.507028
2429.733443,1000,776.096705
2399.159507,1000,776.821541
2378.305671,1000,778.31114
2480.455208,1000,779.096297
2392.965009,1000,780.528685
2249.352282,1000,781.31876
2561.454264,1000,782.804335
894.559102,1000,783.662998
2187.561394,1000,785.189447
2354.538127,1000,786.013964
2429.933336,1000,787.573146
2102.350573,1000,788.374117
2288.88566,1000,789.785475
2328.634814,1000,790.58902
2325.971692,1000,791.4138
2188.387312,1000,792.893043
2469.56403,1000,793.710392
2273.421434,1000,795.117467
2383.60048,1000,795.75065
2279.267051,1000,797.278411
2301.569155,1000,798.008385
2336.287327,1000,799.411268
2280.168237,1000,800.167993
2280.98967,1000,801.707844
2472.673232,1000,802.526735
2524.297092,1000,804.086268
2380.709134,1000,804.894184
2491.389368,1000,806.329011
2354.3264,1000,806.840415
2380.400443,1000,808.229951
2256.07555,1000,809.022552
2455.533149,1000,810.469684
2491.044592,1000,811.092333
2239.104644,1000,812.502283
2476.789225,1000,813.333048
2032.624415,1000,814.734028
2358.387619,1000,815.55869
2220.092072,1000,817.101286
2388.573844,1000,817.795859
2379.000274,1000,819.127623
2414.096695,1000,819.830526
2412.751571,1000,821.291074
2212.638649,1000,821.930002
2355.238217,1000,823.459244
2155.397965,1000,824.182786
2414.340351,1000,825.537582
2267.034226,1000,826.244283
2545.159309,1000,827.807863
2392.368888,1000,828.519595
2281.826144,1000,829.981494
2292.452934,1000,830.791888
2547.239604,1000,832.283391
2376.847028,1000,832.969537
2236.773254,1000,834.343994
2417.910908,1000,835.1355
2341.763354,1000,835.915191
2286.729225,1000,837.433071
2203.963758,1000,838.234687
2467.822951,1000,839.772942
2548.540925,1000,840.566187
2451.22661,1000,842.070119
2281.888258,1000,842.760115
2065.70798,1000,844.027608
2453.142042,1000,844.799086
2293.393322,1000,846.377463
2249.014312,1000,847.004752
2441.329291,1000,848.555985
2067.112746,1000,849.187141
2576.722589,1000,850.623882
2351.887044,1000,851.29268
2207.142453,1000,852.822845
2500.763795,1000,853.60851
2505.475853,1000,854.964287
2356.600532,1000,855.636522
2273.245915,1000,857.123358
2426.606523,1000,857.804245
2614.011011,1000,859.196237
148.465571,1000,860.051292
2417.877923,1000,861.521825
2533.815326,1000,862.224307
2305.271971,1000,863.815298
688.097668,1000,864.645658
2573.146285,1000,866.029517
2651.36684,1000,866.83987
2465.130662,1000,868.235542
2389.414757,1000,869.058384
2638.314075,1000,870.547253
2617.043944,1000,871.234822
2486.695818,1000,872.835479
2501.862261,1000,873.520857
2513.89491,1000,875.00798
2518.338349,1000,875.836317
2423.364529,1000,877.388097
2516.307878,1000,878.107357
2558.430377,1000,879.561708
2408.738698,1000,880.386469
2496.665867,1000,881.633867
2324.691057,1000,882.312585
2175.303534,1000,882.863783
2587.676749,1000,884.244728
2362.608198,1000,885.058601
2559.682611,1000,886.630902
2448.059699,1000,887.45019
2633.007571,1000,888.999695
2612.678136,1000,889.716271
2634.725753,1000,891.203109
2498.05597,1000,892.005301
2398.361292,1000,893.412883
2216.3042,1000,893.957278
2548.078836,1000,895.335065
2593.086766,1000,896.076632
2602.386332,1000,897.458089
2553.307037,1000,898.263896
2836.922732,1000,899.644886
2541.265694,1000,900.324275
2422.618998,1000,901.794234
2446.869292,1000,902.607882
2620.342605,1000,903.801183
2568.6999,1000,904.50159
2684.827535,1000,905.743569
2833.302741,1000,906.317403
2874.920757,1000,907.656429
2350.609749,1000,908.449448
2670.448111,1000,909.881533
2290.914946,1000,910.485219
2403.975829,1000,911.992011
2584.328961,1000,912.778191
2725.455185,1000,914.324342
2487.821273,1000,915.101733
2642.403045,1000,916.591418
2751.937304,1000,917.386264
2362.675897,1000,918.966566
2675.514291,1000,919.607378
2382.169028,1000,921.119642
2662.463966,1000,921.672518
2419.700063,1000,923.060198
2630.040981,1000,923.858694
2530.835527,1000,925.312585
2848.207222,1000,926.109471
2906.647377,1000,927.577734
2567.172567,1000,928.366263
2469.773611,1000,929.111446
2803.995215,1000,930.693789
2613.942987,1000,931.52363
2622.280194,1000,933.002717
2300.410231,1000,933.827039
2503.904083,1000,935.193549
2629.43664,1000,935.870578
2562.678855,1000,937.370713
2729.988917,1000,938.038496
2621.83135,1000,939.34187
2639.472494,1000,940.156679
2582.499436,1000,941.710095
2579.978512,1000,942.399992
2751.003976,1000,943.862181
2617.069781,1000,944.561384
2540.163682,1000,945.875361
2488.891169,1000,946.676331
2545.701511,1000,948.251241
2725.593325,1000,949.067932
2646.250316,1000,950.487025
2839.827603,1000,951.284514
2694.331912,1000,952.800048
2835.496756,1000,953.612499
2661.544493,1000,954.982812
2673.713008,1000,955.496516
2708.654029,1000,956.926808
2787.081342,1000,957.714412
2872.028367,1000,959.326417
2514.73077,1000,960.125439
2651.848524,1000,961.530093
2894.371173,1000,962.217426
2721.194368,1000,963.641327
2743.020727,1000,964.328587
2799.927226,1000,965.877111
2658.920156,1000,966.605478
2591.488496,1000,968.03007
2872.965781,1000,968.837303
2780.487019,1000,970.377257
2683.953852,1000,971.198282
2669.345905,1000,972.727886
2411.314123,1000,973.502512
2887.017641,1000,974.981773
2703.144154,1000,975.770358
2875.156828,1000,976.561547
2822.007044,1000,978.09847
2874.768444,1000,978.905807
2828.432156,1000,980.32395
2788.278578,1000,981.115087
2767.646522,1000,982.552855
2756.866698,1000,983.218452
2954.625842,1000,984.433515
2699.192297,1000,985.149662
2773.511768,1000,986.591569
2646.963908,1000,987.332586
2857.751295,1000,988.810564
2567.17368,1000,989.475739
2827.460229,1000,990.989397
2755.597249,1000,991.692174
2518.384275,1000,993.140133
2615.786973,1000,993.878229
2679.254976,1000,995.4822
2451.063308,1000,996.289742
2906.531195,1000,997.732584
2808.06989,1000,998.592682
2858.20143,1000,1000.058384
2938.980214,1000,1000.702642
2756.136518,1000,1002.025737
2841.179996,1000,1002.818351
2968.433121,1000,1004.151053
2755.90824,1000,1004.780516
2920.065836,1000,1006.146369
2665.366165,1000,1006.94648
2857.246765,1000,1008.43088
2830.523069,1000,1009.22583
2827.486985,1000,1010.668955
2799.097715,1000,1011.225601
2924.320961,1000,1012.542445
2619.991507,1000,1013.364041
2599.845329,1000,1014.690054
2688.020497,1000,1015.26196
2930.837765,1000,1016.742659
2739.006648,1000,1017.265073
2781.388402,1000,1018.497778
2866.885789,1000,1019.196214
2887.034821,1000,1020.6353
2939.571284,1000,1021.426926
2680.525527,1000,1022.240429
2549.705447,1000,1023.615682
2865.377755,1000,1024.144168
2757.503765,1000,1025.340115
2777.439195,1000,1025.975176
3074.11877,1000,1027.503927
2722.203822,1000,1028.297964
2923.389584,1000,1029.795219
2632.375567,1000,1030.607632
2955.411344,1000,1032.171986
2836.265924,1000,1032.804179
2931.50264,1000,1034.058817
2798.248884,1000,1034.662062
2783.199938,1000,1035.996072
2895.47817,1000,1036.659315
2753.38312,1000,1038.176047
2912.057385,1000,1038.95243
2837.247824,1000,1040.497939
2700.551001,1000,1041.304502
2874.425434,1000,1042.783129
2850.164885,1000,1043.609241
3024.652704,1000,1044.990628
2875.427679,1000,1045.807277
2771.257337,1000,1047.361897
2929.972944,1000,1048.121729
2776.626553,1000,1049.533749
2927.262468,1000,1050.358632
2933.706539,1000,1051.853774
3016.311917,1000,1052.576849
2868.158978,1000,1054.063221
2812.246591,1000,1054.614747
2783.173116,1000,1056.033406
2783.72269,1000,1056.71214
2869.834558,1000,1058.028823
2814.675733,1000,1058.713982
3016.833223,1000,1059.986189
2947.167835,1000,1060.801904
2863.870914,1000,1062.329011
2852.802921,1000,1063.098769
3010.172779,1000,1064.42063
2813.978292,1000,1065.026975
2985.389636,1000,1066.551042
3057.864709,1000,1067.371967
2896.77617,1000,1068.068743
2986.178071,1000,1069.579832
2936.097432,1000,1070.312197
2822.357045,1000,1071.788978
3219.707792,1000,1072.580155
2717.127851,1000,1074.064733
2774.471333,1000,1074.761567
2599.485222,1000,1076.099831
2862.909846,1000,1076.816265
3114.133327,1000,1078.075041
2907.848754,1000,1078.787894
2753.579005,1000,1080.297457
2733.703529,1000,1081.115286
2876.668832,1000,1082.736015
2972.369784,1000,1083.461593
3099.145745,1000,1084.857181
2713.263727,1000,1085.677783
3200.941886,1000,1086.893648
2876.36916,1000,1087.435201
2909.799776,1000,1088.755564
2800.262513,1000,1089.322924
2781.714422,1000,1090.657618
3117.301667,1000,1091.496392
2734.851366,1000,1092.998003
2899.442894,1000,1093.797987
2966.96018,1000,1095.387743
2830.840709,1000,1096.117148
3093.575184,1000,1097.56898
2822.452694,1000,1098.32716
3060.353722,1000,1099.772702
2831.871004,1000,1100.538062
3012.093483,1000,1102.057601
3009.892943,1000,1102.707258
1784.837436,1000,1104.114011
2874.625275,1000,1104.87827
3081.760849,1000,1106.143518
3033.492782,1000,1106.908857
2928.814753,1000,1108.208454
2973.310349,1000,1108.872589
2900.626779,1000,1110.15538
2742.270772,1000,1110.894404
3161.968614,1000,1111.714535
2751.021532,1000,1113.279482
2972.151391,1000,1114.099339
2976.494131,1000,1115.654246
3011.562234,1000,1116.400108
2986.665048,1000,1117.593377
3154.538782,1000,1118.286254
3079.28544,1000,1119.862559
2738.807833,1000,1120.592595
3003.981747,1000,1122.16625
2940.004014,1000,1122.97549
2670.611035,1000,1124.470434
2966.515244,1000,1125.224994
2922.899421,1000,1126.693696
3006.411291,1000,1127.461444
2640.147704,1000,1129.047865
2997.044978,1000,1129.783327
3003.258642,1000,1131.386231
2854.268826,1000,1132.109885
2861.866707,1000,1133.693865
2957.472392,1000,1134.423156
2806.561433,1000,1135.980994
3022.539585,1000,1136.802239
2898.705374,1000,1138.363963
2922.308345,1000,1139.187518
3006.123005,1000,1140.653692
2894.032764,1000,1141.469636
2996.402086,1000,1142.983679
2942.729191,1000,1143.79285
3001.144515,1000,1145.282485
2700.698044,1000,1146.048564
2780.485338,1000,1147.568411
3066.458918,1000,1148.342778
2826.00819,1000,1149.873921
2878.801451,1000,1150.675699
3012.765788,1000,1152.013066
3229.226499,1000,1152.649936
3238.902062,1000,1153.971005
2935.188441,1000,1154.797641
3198.494521,1000,1156.327474
3012.915974,1000,1157.145355
2947.020194,1000,1158.679261
3018.798063,1000,1159.48542
2937.834093,1000,1160.228686
3053.423952,1000,1161.77754
3036.78245,1000,1162.617068
3067.399664,1000,1163.989793
2976.94741,1000,1164.785194
3005.009465,1000,1166.344719
3155.77823,1000,1167.15542
3254.754717,1000,1168.64844
3036.905484,1000,1169.44514
3151.09335,1000,1170.92664
3134.797365,1000,1171.735711
2718.394344,1000,1173.156962
2916.223327,1000,1173.827956
3016.440659,1000,1175.348203
2870.756025,1000,1176.125829
2942.372167,1000,1177.434602
3110.611358,1000,1178.061401
2943.925116,1000,1179.457303
3158.502068,1000,1180.170419
2940.537249,1000,1181.652256
3034.190028,1000,1182.373448
3036.349034,1000,1183.821926
3135.05403,1000,1184.486012
3178.500975,1000,1185.85376
2740.140593,1000,1186.639657
2854.539467,1000,1188.013692
3123.040322,1000,1188.586689
2825.022699,1000,1190.040402
3200.192913,1000,1190.750303
3033.887982,1000,1192.216395
2868.948544,1000,1192.924202
2747.75951,1000,1194.490821
2987.510872,1000,1195.310988
2932.70394,1000,1196.829284
2973.523503,1000,1197.500236
823.925058,1000,1198.982345
3014.677405,1000,1199.660342
3251.423956,1000,1201.192375
3114.366089,1000,1202.00722
3346.075913,1000,1203.509788
3071.9104,1000,1204.208555
3077.74013,1000,1205.484907
2962.187198,1000,1206.282161
3243.97061,1000,1206.903614
3314.181616,1000,1208.385
3044.040118,1000,1209.13602
3082.393543,1000,1210.739994
3087.842027,1000,1211.448936
3021.087146,1000,1213.050917
3000.152883,1000,1213.675182
3051.060757,1000,1215.208988
3075.537824,1000,1215.951906
2916.686833,1000,1217.225546
2965.726355,1000,1218.050867
1418.037167,1000,1219.490982
3077.198787,1000,1220.148481
3020.569792,1000,1221.620749
3114.869365,1000,1222.43118
2959.885223,1000,1223.986684
3092.826256,1000,1224.792558
2701.498437,1000,1226.311323
3079.157298,1000,1227.116098
3098.794792,1000,1228.655991
3081.857585,1000,1229.405418
3104.589206,1000,1230.899799
3220.838021,1000,1231.71076
3288.43908,1000,1233.116038
3079.778633,1000,1233.839214
3079.003263,1000,1235.383044
2795.745862,1000,1236.201106
2820.375349,1000,1237.728281
2926.883093,1000,1238.544035
3163.562524,1000,1240.07226
2978.520752,1000,1240.815661
2916.69089,1000,1242.319211
3318.962224,1000,1243.108541
3194.670375,1000,1244.522654
2962.787609,1000,1245.340312
3196.303816,1000,1246.838956
2872.565536,1000,1247.643276
1004.392625,1000,1249.194475
3230.370092,1000,1249.972086
3094.047936,1000,1251.433573
3129.103402,1000,1252.202179
2974.261838,1000,1253.625526
2832.94707,1000,1254.39738
2965.997912,1000,1255.095797
3037.65618,1000,1256.576957
2939.446138,1000,1257.367322
3303.888643,1000,1258.790371
3137.54098,1000,1259.421395
3114.885133,1000,1260.757231
3187.670835,1000,1261.440633
3116.322494,1000,1262.818266
3286.469134,1000,1263.486687
3083.398701,1000,1264.702095
3036.678324,1000,1265.539407
3138.177687,1000,1267.06648
2955.660359,1000,1267.659826
2948.283348,1000,1268.916276
3048.263563,1000,1269.555378
2935.744343,1000,1271.108114
3373.173631,1000,1271.84863
3155.540336,1000,1273.387469
3106.982671,1000,1274.202591
2756.296729,1000,1275.758242
3142.444265,1000,1276.567034
3197.972318,1000,1277.974241
2934.49775,1000,1278.528125
2907.44933,1000,1279.960228
3279.187335,1000,1280.779615
3061.914197,1000,1282.268825
3399.359796,1000,1283.014942
3252.921993,1000,1284.475691
3269.500824,1000,1285.028504
3229.354861,1000,1286.324551
2837.84344,1000,1287.133409
3214.779483,1000,1288.669865
2940.470882,1000,1289.428737
3022.823321,1000,1290.9805
3260.481985,1000,1291.713529
3022.128775,1000,1293.06475
3143.264191,1000,1293.640388
3203.257331,1000,1294.961543
3129.632757,1000,1295.747512
3007.092342,1000,1297.289882
3280.5101,1000,1298.092198
2931.001561,1000,1299.6516
3136.215142,1000,1300.380596
3095.27628,1000,1301.203673
3184.430169,1000,1302.694988
2870.571789,1000,1303.499442
3278.306076,1000,1305.056831
3192.824535,1000,1305.745737
3403.803774,1000,1307.3408
3144.364375,1000,1308.091852
3011.950765,1000,1309.449103
3097.960941,1000,1310.211395
2994.637613,1000,1311.606074
3042.838881,1000,1312.334229
3102.586854,1000,1313.825191
2954.295145,1000,1314.393652
3203.564539,1000,1315.844943
3151.744015,1000,1316.655669
3178.880296,1000,1317.823084
3161.882437,1000,1318.440411
3106.300449,1000,1319.9649
2984.578131,1000,1320.749114
3243.294017,1000,1322.205781
2834.764353,1000,1323.013505
2974.832712,1000,1324.4457
3102.429173,1000,1325.079893
3345.789802,1000,1326.152264
3176.953354,1000,1326.86699
2837.84723,1000,1328.157225
3185.104517,1000,1328.710324
2962.289795,1000,1330.2241
2648.338534,1000,1331.022419
2959.466773,1000,1332.310922
3180.460301,1000,1332.914753
3123.067649,1000,1334.356373
2893.64625,1000,1334.947585
3377.596345,1000,1336.413774
3209.732889,1000,1337.238012
3104.192086,1000,1338.707013
3019.131305,1000,1339.460771
3044.272881,1000,1340.968758
2947.542668,1000,1341.697222
3178.830054,1000,1343.290571
871.84725,1000,1343.991216
3328.318414,1000,1345.255203
2884.773762,1000,1345.882878
3116.35212,1000,1346.602353
3271.575862,1000,1348.104731
3157.491111,1000,1348.887437
3294.209472,1000,1350.226238
2999.812228,1000,1350.933401
3064.833885,1000,1352.263538
2889.841326,1000,1353.04349
3079.355241,1000,1354.512043
3081.7553,1000,1355.307121
3065.95012,1000,1356.682881
3048.099157,1000,1357.482307
3095.144674,1000,1358.903296
3278.839952,1000,1359.427231
3155.235372,1000,1360.71722
3209.098954,1000,1361.406722
3090.277578,1000,1362.98975
3366.543122,1000,1363.710835
2906.730177,1000,1365.010361
3001.907995,1000,1365.829146
3026.480944,1000,1367.268527
3012.258399,1000,1367.847184
3097.633032,1000,1369.284534
2758.83348,1000,1369.832752
3039.149621,1000,1371.258672
3079.508327,1000,1372.084955
3089.916341,1000,1373.634914
3031.480621,1000,1374.453914
3074.556941,1000,1375.926175
3149.988592,1000,1376.584099
3320.696231,1000,1377.908871
3079.898701,1000,1378.549633
3214.602538,1000,1379.915428
2833.284674,1000,1380.587864
2863.843077,1000,1381.860878
3155.207998,1000,1382.669016
3108.32715,1000,1384.163222
3239.773863,1000,1384.800872
2997.509704,1000,1386.273274
3279.311819,1000,1387.044657
3282.798134,1000,1388.607992
3176.151034,1000,1389.285599
3087.27217,1000,1389.924322
3039.566939,1000,1390.93952
3066.977705,1000,1391.624965
3248.327775,1000,1393.184367
3449.870729,1000,1393.893335
3080.896832,1000,1395.164898
3079.637647,1000,1395.749767
3151.467663,1000,1397.218233
3039.32202,1000,1398.014094
3204.620323,1000,1399.473449
3210.082968,1000,1400.269445
3141.398495,1000,1401.829682
3464.716309,1000,1402.415838
3394.079578,1000,1403.909484
3023.753823,1000,1404.624513
3225.08051,1000,1406.04889
3068.493576,1000,1406.844819
3425.978251,1000,1408.301869
3087.97724,1000,1409.106131
3372.379046,1000,1410.580841
3302.392341,1000,1411.384551
3392.320379,1000,1412.942524
3156.916638,1000,1413.762216
3224.502764,1000,1415.140586
3091.868116,1000,1415.931193
3147.700387,1000,1417.443985
3134.336311,1000,1418.259812
3111.141607,1000,1419.714706
2227.978473,1000,1420.539958
3243.840363,1000,1421.991931
3019.069576,1000,1422.805177
3105.694765,1000,1424.415583
3208.574791,1000,1425.153154
3116.152794,1000,1426.54655
2888.377841,1000,1427.308376
3324.475475,1000,1428.672304
3257.817584,1000,1429.466361
3283.112719,1000,1430.974678
3118.06259,1000,1431.740864
3287.841367,1000,1433.28038
3124.25225,1000,1434.036598
3114.210162,1000,1435.579848
3234.67957,1000,1436.239352
3200.5713,1000,1436.834935
3264.384732,1000,1438.134501
2977.800959,1000,1438.832872
3088.947747,1000,1440.323594
3084.868692,1000,1441.111749
3124.623509,1000,1442.61499
3313.175703,1000,1443.346735
3033.322043,1000,1444.906129
2977.766199,1000,1445.677597
3321.135587,1000,1447.274
3109.506094,1000,1448.084854
3091.462038,1000,1449.471349
3069.260673,1000,1450.242329
3130.434961,1000,1451.821348
2911.091795,1000,1452.6464
3142.199065,1000,1454.136466
3190.263484,1000,1454.800807
3205.662813,1000,1456.250406
3205.734068,1000,1456.904159
3171.028144,1000,1458.383713
3311.730574,1000,1459.162082
3126.448049,1000,1460.69139
3101.189946,1000,1461.440251
2954.530889,1000,1462.922533
3273.762222,1000,1463.707277
3064.334415,1000,1465.138973
3221.434704,1000,1465.941188
3047.742839,1000,1467.495813
3255.192468,1000,1468.119672
2930.532892,1000,1469.350738
3195.527446,1000,1470.149772
3045.165369,1000,1471.696343
3195.413057,1000,1472.477936
3193.09872,1000,1473.99968
3384.038946,1000,1474.708271
3205.076411,1000,1476.244685
2919.067625,1000,1476.970266
3103.682076,1000,1478.456789
3118.194518,1000,1479.221536
3313.239927,1000,1480.391746
3067.938104,1000,1481.207736
3100.780449,1000,1482.573304
3177.734311,1000,1483.08464
3193.866317,1000,1483.761716
3101.4507,1000,1485.022363
3518.102471,1000,1485.856891
3252.345794,1000,1487.469696
3134.372443,1000,1488.263847
3082.138091,1000,1489.479786
3253.520075,1000,1490.286583
3139.150569,1000,1491.825432
3136.442421,1000,1492.484895
3189.797316,1000,1493.876525
3339.901546,1000,1494.619793
3001.612017,1000,1496.190133
3271.583245,1000,1496.93202
3107.895277,1000,1498.441573
3345.836044,1000,1499.25423
3124.862834,1000,1500.786287
3249.262693,1000,1501.602416
3364.682211,1000,1503.136335
3233.159727,1000,1503.806133
3268.82932,1000,1505.247289
3200.628521,1000,1506.074722
3001.350396,1000,1507.576502
2832.996496,1000,1508.221499
3348.80958,1000,1509.58456
3272.374155,1000,1510.366498
3071.260763,1000,1511.690089
3468.127822,1000,1512.37773
3289.645772,1000,1513.765565
3062.50493,1000,1514.348686
3310.391309,1000,1515.833158
3292.910379,1000,1516.598713
3242.857031,1000,1517.936044
3346.131365,1000,1518.758074
3160.131141,1000,1520.250136
3297.75702,1000,1521.050193
2996.862308,1000,1522.539955
3173.560357,1000,1523.365631
3259.807359,1000,1524.840289
3161.016544,1000,1525.55959
3081.5052,1000,1527.031466
3297.301964,1000,1527.55753
3239.250159,1000,1528.912234
3374.264031,1000,1529.731548
3244.75242,1000,1530.489963
3214.340011,1000,1532.010159
3454.216532,1000,1532.787395
3294.116236,1000,1534.362258
2969.963553,1000,1535.097555
3151.847518,1000,1536.54784
3161.315937,1000,1537.360791
3139.099147,1000,1538.839652
2919.959898,1000,1539.657605
2989.133734,1000,1541.129649
2910.782453,1000,1541.798424
3106.277971,1000,1543.122861
3058.479729,1000,1543.939433
3274.066864,1000,1545.372322
3156.530899,1000,1546.174525
3130.601481,1000,1547.690232
3344.398966,1000,1548.426201
3078.496539,1000,1550.019183
3257.978151,1000,1550.838068
3005.336331,1000,1552.363739
3119.051585,1000,1553.01116
3219.449502,1000,1554.570294
3341.904061,1000,1555.392307
3149.335801,1000,1556.84951
3303.698891,1000,1557.675066
3185.876714,1000,1559.227576
3181.130965,1000,1560.038074
3093.163268,1000,1561.617187
3287.8746,1000,1562.43363
3065.720104,1000,1563.940124
3239.913347,1000,1564.752057
2988.759089,1000,1566.124529
3217.430279,1000,1566.921983
3310.832443,1000,1568.416348
3273.59499,1000,1569.040489
2989.96808,1000,1570.336432
3165.506981,1000,1571.120229
2971.600056,1000,1572.671198
3265.434697,1000,1573.348189
3150.646194,1000,1574.880615
3205.066743,1000,1575.536745
3253.684133,1000,1576.920666
3324.719227,1000,1577.553808
3188.503999,1000,1578.106424
3207.652893,1000,1579.600031
2788.76073,1000,1580.419469
3156.106581,1000,1581.831936
3227.811792,1000,1582.540981
3287.990676,1000,1584.091548
3093.299404,1000,1584.837578
3162.191092,1000,1586.290318
2997.50944,1000,1586.845862
3134.84943,1000,1588.296081
2993.455845,1000,1589.09977
3150.994093,1000,1590.584876
3129.377487,1000,1591.362631
3107.368863,1000,1592.656354
3039.605293,1000,1593.366828
2951.934545,1000,1594.931275
3191.092875,1000,1595.743078
3167.976186,1000,1596.888381
3210.832964,1000,1597.515785
3166.320667,1000,1599.132113
3136.440935,1000,1599.943958
3276.690058,1000,1601.522922
3308.842729,1000,1602.339746
3461.23616,1000,1603.835323
3296.049119,1000,1604.67122
3068.3828,1000,1606.281579
2994.533872,1000,1607.088766
3056.736522,1000,1608.487751
3136.333833,1000,1609.203488
3278.236541,1000,1610.73876
3131.68004,1000,1611.524382
3065.117372,1000,1612.815749
3285.527374,1000,1613.375175
3123.977432,1000,1614.77933
3123.419283,1000,1615.605526
3117.38117,1000,1617.107694
2846.903288,1000,1617.658217
3186.799362,1000,1619.144953
3256.264555,1000,1619.756542
3050.468318,1000,1621.095196
3084.309776,1000,1621.88443
2921.672678,1000,1623.382315
3177.342328,1000,1624.179583
3036.258812,1000,1624.867533
3209.227006,1000,1626.253173
3076.639713,1000,1627.068787
3066.644619,1000,1628.670111
3006.287212,1000,1629.454229
3093.150018,1000,1630.905137
2786.375186,1000,1631.621208
3290.211603,1000,1633.154647
3311.358259,1000,1633.965874
424.807873,1000,1635.419025
3148.431207,1000,1636.113978
3233.795978,1000,1637.591684
3229.565659,1000,1638.316562
3234.967884,1000,1639.724963
3137.371461,1000,1640.289166
3215.118137,1000,1641.602183
3115.712222,1000,1642.212841
2998.309846,1000,1643.552741
2845.612942,1000,1644.301766
3355.736001,1000,1645.715455
3257.853823,1000,1646.369523
3113.060791,1000,1647.711621
3061.089223,1000,1648.341805
2900.172071,1000,1649.599845
3040.584102,1000,1650.415323
3138.897289,1000,1651.925237
3188.636584,1000,1652.662989
1258.360368,1000,1654.187258
3038.958589,1000,1654.946101
3156.932981,1000,1656.49849
3068.357002,1000,1657.266386
3143.717647,1000,1658.694842
2959.074205,1000,1659.466853
3175.173983,1000,1660.764245
3048.52222,1000,1661.593814
3102.384776,1000,1663.045314
3236.724399,1000,1663.658314
3240.815492,1000,1664.842902
3289.169551,1000,1665.395319
3218.288881,1000,1666.827527
3409.423226,1000,1667.628875
2993.020861,1000,1668.323427
3207.727463,1000,1669.794453
3163.948234,1000,1670.482481
3313.828453,1000,1671.893118
3190.37389,1000,1672.42141
2913.210384,1000,1673.747071
3189.703267,1000,1674.368306
3388.991243,1000,1675.858146
2873.375559,1000,1676.648073
3206.774346,1000,1678.134391
3254.057409,1000,1678.833439
3301.186214,1000,1680.14886
3144.614652,1000,1680.739558
3253.742569,1000,1682.037988
3114.785233,1000,1682.827648
3137.716158,1000,1684.378848
3111.04507,1000,1685.055845
3260.27739,1000,1686.620133
-431.317055,1000,1687.367259
3256.066936,1000,1688.736953
3235.53897,1000,1689.500518
3332.753555,1000,1691.089394
3223.615358,1000,1691.812818
3318.090077,1000,1693.280375
3308.847799,1000,1694.047056
3140.350347,1000,1695.452343
3325.559816,1000,1696.249002
3063.964119,1000,1697.793684
3071.505062,1000,1698.529129
3305.314814,1000,1699.74025
3253.078079,1000,1700.377314
3000.190576,1000,1701.826132
2903.008557,1000,1702.566611
3334.152831,1000,1703.949102
3414.861376,1000,1704.754608
3160.974034,1000,1706.191231
3022.325243,1000,1706.844328
3337.0378,1000,1708.289348
3492.820431,1000,1709.106087
3076.224671,1000,1710.638007
3357.505185,1000,1711.448959
3435.783244,1000,1712.998297
2997.935579,1000,1713.647889
3048.409578,1000,1714.367765
3218.432605,1000,1715.846235
3409.003321,1000,1716.659063
3413.977743,1000,1718.199294
2998.55147,1000,1718.953553
3117.581742,1000,1720.269307
2951.265478,1000,1720.883518
3448.893742,1000,1722.247442
3357.575467,1000,1723.055394
3194.559971,1000,1724.518834
3213.232943,1000,1725.346582
3225.383938,1000,1726.85018
3140.724181,1000,1727.67264
3144.286401,1000,1729.25663
3298.945856,1000,1730.009866
3285.518155,1000,1731.315054
3098.261956,1000,1731.830564
3046.833721,1000,1733.202616
2990.101443,1000,1734.012098
3183.205488,1000,1735.33919
3393.150534,1000,1736.155831
3378.181037,1000,1737.626188
3337.069491,1000,1738.222413
3314.719491,1000,1739.585161
3191.858625,1000,1740.40648
3338.36911,1000,1741.921056
3244.062477,1000,1742.726548
3279.818777,1000,1744.305164
2959.380896,1000,1745.14521
3286.65106,1000,1746.530159
3176.583896,1000,1747.318435
3154.20247,1000,1748.80784
2792.509021,1000,1749.365193
3475.591235,1000,1750.75558
3039.370786,1000,1751.554199
3135.183686,1000,1753.035683
3269.34893,1000,1753.762029
3036.081292,1000,1755.208748
3175.42787,1000,1756.007879
3428.503172,1000,1757.45382
3356.493511,1000,1758.217673
3276.855831,1000,1759.680705
3366.499492,1000,1760.475622
3246.913774,1000,1761.276589
3174.561489,1000,1762.508772
3317.544368,1000,1763.02738
3379.750784,1000,1764.421472
3290.940434,1000,1765.188136
3092.553436,1000,1766.758904
3202.520936,1000,1767.371458
3038.327122,1000,1768.789896
3240.110437,1000,1769.394147
3415.836973,1000,1770.859501
3218.49078,1000,1771.66569
3348.773001,1000,1773.194076
3282.47765,1000,1773.925845
3312.335723,1000,1775.466036
3018.451296,1000,1776.243521
3487.659717,1000,1777.704926
3231.094696,1000,1778.462828
3241.317747,1000,1779.901411
3524.210731,1000,1780.719927
3443.099126,1000,1782.178573
3233.361284,1000,1782.962614
3377.668544,1000,1784.282448
3088.79806,1000,1785.087964
3248.54306,1000,1786.634161
3119.913038,1000,1787.402433
3224.181978,1000,1788.711112
3201.77082,1000,1789.374999
3017.22937,1000,1790.840381
3194.975015,1000,1791.623465
3376.60661,1000,1793.078554
3210.72469,1000,1793.643613
3187.166101,1000,1794.917766
3517.040325,1000,1795.51846
3688.333918,1000,1796.709048
3509.840022,1000,1797.44096
3200.307211,1000,1798.814316
3446.96059,1000,1799.604871
3412.811517,1000,1801.060627
3292.996665,1000,1801.765089
3254.22283,1000,1803.194922
3231.355319,1000,1803.752052
3204.325559,1000,1805.057892
3085.888609,1000,1805.868911
3187.711196,1000,1806.665004
3539.732724,1000,1808.114996
3401.579802,1000,1808.931475
3407.742717,1000,1810.408623
3269.456405,1000,1811.090252
3073.157617,1000,1812.426687
3494.054188,1000,1813.235827
3366.640435,1000,1814.821207
3454.565032,1000,1815.644819
2932.211214,1000,1817.195659
3211.404851,1000,1817.985744
3287.658303,1000,1819.49654
3267.220476,1000,1820.210547
3430.683333,1000,1821.200038
3279.093629,1000,1821.923168
3439.457736,1000,1823.290934
3257.271898,1000,1823.838665
3158.363247,1000,1825.181849
3219.530938,1000,1825.975273
3378.242644,1000,1827.366884
3314.642203,1000,1828.121535
3377.712337,1000,1829.626946
3282.289685,1000,1830.211104
3505.152443,1000,1831.54011
3385.365764,1000,1832.205032
3322.890463,1000,1833.361191
3353.601516,1000,1834.036314
3211.7097,1000,1835.290514
3434.997491,1000,1835.952008
3391.567704,1000,1837.464911
3297.881177,1000,1838.247201
3297.588347,1000,1839.778306
3370.654837,1000,1840.342886
3372.811706,1000,1841.656412
3297.819403,1000,1842.365511
3079.765533,1000,1843.858449
3300.313098,1000,1844.517039
3321.252683,1000,1846.021492
3330.804301,1000,1846.757539
3328.723626,1000,1848.136365
3317.57739,1000,1848.989477
3355.302648,1000,1850.597068
3452.63928,1000,1851.42261
3270.756311,1000,1852.14139
3335.506364,1000,1853.672646
3260.575687,1000,1854.414921
3331.966253,1000,1855.782576
3443.874744,1000,1856.414651
3404.395418,1000,1857.825824
3597.270366,1000,1858.610616
3464.765804,1000,1860.083511
3171.389552,1000,1860.740645
3402.643668,1000,1862.10527
3401.22354,1000,1862.88617
3473.141886,1000,1864.395442
3200.279919,1000,1865.18566
3245.350689,1000,1866.748881
3325.635479,1000,1867.495478
3279.703886,1000,1868.994174
3215.273813,1000,1869.809002
3291.701324,1000,1871.21693
3240.633763,1000,1871.73047
3320.10271,1000,1873.050752
3328.903736,1000,1873.70623
3263.188938,1000,1874.875718
3253.119758,1000,1875.566396
3440.894409,1000,1877.084295
3205.853117,1000,1877.887701
3310.281781,1000,1879.456007
3451.036713,1000,1880.27684
3270.507151,1000,1881.65375
3395.365724,1000,1882.439069
3318.275291,1000,1883.887037
3128.320903,1000,1884.678143
3306.633839,1000,1886.134071
3245.086995,1000,1886.940303
3197.950073,1000,1888.423104
3176.837123,1000,1889.12368
3430.864612,1000,1890.651636
3350.05199,1000,1891.480255
3428.818317,1000,1892.86468
3371.674193,1000,1893.420453
3499.972405,1000,1894.948293
3469.358337,1000,1895.556208
3439.401021,1000,1896.745134
3330.251586,1000,1897.555229
3520.74055,1000,1898.366632
3594.158862,1000,1899.90879
3101.195776,1000,1900.719066
3264.207212,1000,1902.299011
2944.754452,1000,1903.148424
3430.401399,1000,1904.752995
3619.767484,1000,1905.562291
3302.438502,1000,1906.689562
3316.297586,1000,1907.481803
3403.592161,1000,1909.073385
3300.126401,1000,1909.835529
3493.764026,1000,1911.165321
209.645272,1000,1912.024756
3342.927032,1000,1913.603167
3302.961476,1000,1914.36689
3256.411985,1000,1915.824161
3496.407348,1000,1916.596118
3360.229077,1000,1918.101737
3362.187491,1000,1918.878142
3356.29365,1000,1920.366094
3110.336844,1000,1921.07894
3450.814448,1000,1922.570337
3292.248159,1000,1923.389991
3148.386385,1000,1924.894696
3149.715751,1000,1925.701077
3299.202563,1000,1927.19092
3268.40428,1000,1927.929408
3273.406302,1000,1929.447028
3235.245076,1000,1930.244024
3476.553502,1000,1931.743928
3334.3005,1000,1932.481078
3312.326821,1000,1933.932311
3443.532972,1000,1934.653767
3349.119515,1000,1936.082469
3372.749859,1000,1936.757188
3339.663564,1000,1938.27711
3443.702621,1000,1939.044259
3278.975037,1000,1940.413687
3448.261914,1000,1941.227501
3323.405934,1000,1942.790773
3311.636856,1000,1943.586723
3316.750146,1000,1944.336848
3190.49919,1000,1945.80151
3584.88622,1000,1946.597093
3438.813872,1000,1948.042728
3449.938033,1000,1948.830269
3127.235576,1000,1950.30895
3425.768769,1000,1951.121636
3437.882304,1000,1952.649482
3221.83474,1000,1953.390727
3423.125132,1000,1954.926147
3444.187479,1000,1955.661456
3488.323957,1000,1957.044924
3416.54961,1000,1957.692693
3504.147608,1000,1959.090358
3476.46097,1000,1959.886323
3527.933453,1000,1961.323896
3495.005481,1000,1961.93359
3359.168847,1000,1963.235874
3154.00934,1000,1963.880282
3518.141708,1000,1965.202245
3303.156121,1000,1966.02875
3466.780869,1000,1967.497128
3559.423321,1000,1968.140587
3702.960077,1000,1969.560068
3363.728953,1000,1970.365952
3280.252428,1000,1971.877258
3557.774816,1000,1972.695163
3540.609167,1000,1974.058423
3260.110502,1000,1974.718713
3222.718584,1000,1975.97319
3671.624507,1000,1976.593384
3457.332243,1000,1977.81691
3416.202615,1000,1978.440896
3336.698073,1000,1979.800181
3321.104963,1000,1980.607881
3630.304501,1000,1982.099236
3334.440511,1000,1982.710021
3717.199508,1000,1984.007879
3400.922892,1000,1984.839772
3386.340982,1000,1986.320594
3498.997107,1000,1987.130674
3391.627005,1000,1988.521144
3252.891772,1000,1989.319967
3349.900234,1000,1990.121235
3220.106406,1000,1991.572413
3361.02628,1000,1992.299724
3277.162124,1000,1993.843946
3360.611162,1000,1994.618755
3381.931907,1000,1996.171132
3453.957645,1000,1996.930972
3555.669751,1000,1998.510673
3366.184976,1000,1999.27415
3580.986427,1000,2000.810261
3297.623833,1000,2001.611852
3286.615239,1000,2002.910308
3347.080473,1000,2003.61386
3432.63647,1000,2005.035919
3445.797984,1000,2005.771487
3435.697123,1000,2007.386967
3209.988708,1000,2008.071961
3235.62007,1000,2009.319281
3434.811692,1000,2010.177696
3405.089866,1000,2011.809797
3266.260586,1000,2012.633814
3218.322799,1000,2014.22047
3426.678817,1000,2014.936671
3480.563001,1000,2016.394481
3410.867743,1000,2017.224119
3184.302162,1000,2018.665995
3427.888602,1000,2019.370964
3433.210399,1000,2020.884759
3336.223438,1000,2021.701731
3603.502632,1000,2023.2203
3522.851727,1000,2023.901874
3311.640722,1000,2025.411725
3363.893398,1000,2026.052575
3489.352465,1000,2027.237755
3413.640229,1000,2027.972309
3373.695957,1000,2029.396455
3314.455506,1000,2030.213228
3246.950585,1000,2031.738539
3459.585372,1000,2032.450364
3378.530213,1000,2033.758883
3383.971019,1000,2034.58199
3582.825093,1000,2036.029017
3547.94124,1000,2036.75939
3359.817762,1000,2037.568732
3360.510405,1000,2038.976225
3245.804704,1000,2039.747999
3414.555904,1000,2041.276307
3186.215738,1000,2042.100845
3249.304191,1000,2043.560831
3303.670691,1000,2044.155581
3474.615857,1000,2045.590312
3481.66642,1000,2046.39546
3417.708789,1000,2047.899219
3424.561465,1000,2048.70026
3342.930158,1000,2050.263504
3279.868649,1000,2051.05355
3579.434597,1000,2052.400648
3245.164323,1000,2053.05841
3513.094708,1000,2054.49508
3294.745928,1000,2055.300604
3431.650925,1000,2056.764066
3406.018073,1000,2057.571867
3348.385819,1000,2058.964158
3523.892476,1000,2059.780686
3550.017895,1000,2061.32802
3730.448641,1000,2062.113663
3477.700154,1000,2063.527622
3524.001833,1000,2064.117716
3314.479897,1000,2065.645481
3160.191,1000,2066.462647
3428.841536,1000,2068.013676
3313.60676,1000,2068.628498
3341.633696,1000,2069.923286
3708.088879,1000,2070.743881
3473.064103,1000,2072.252212
3521.660877,1000,2073.064845
3607.539438,1000,2074.515807
3493.203152,1000,2075.182575
3457.024866,1000,2076.500221
3252.600222,1000,2077.269851
3461.938872,1000,2078.877141
3295.506662,1000,2079.65773
3655.967444,1000,2081.127829
3546.569907,1000,2081.945404
3536.263187,1000,2083.515539
3277.469124,1000,2084.335589
3339.805221,1000,2085.127917
3622.776821,1000,2086.566661
3459.869458,1000,2087.192572
3411.480174,1000,2088.440441
3479.004028,1000,2089.116907
3364.137348,1000,2090.619265
3265.138314,1000,2091.444039
3400.990152,1000,2093.004821
3549.279121,1000,2093.683079
3604.621416,1000,2095.16015
3616.979538,1000,2095.965229
3505.971082,1000,2097.550766
3593.525445,1000,2098.18079
3449.745374,1000,2099.586541
3528.348218,1000,2100.405941
3305.288992,1000,2101.930601
3537.141821,1000,2102.641237
3662.483069,1000,2104.097105
3524.368387,1000,2104.745321
3439.747846,1000,2106.01801
3662.892538,1000,2106.77952
3450.796184,1000,2108.193768
3604.627304,1000,2108.737271
3430.88635,1000,2110.143484
3570.329963,1000,2110.907308
3406.658897,1000,2112.435482
3600.155124,1000,2113.219498
3539.898799,1000,2114.555178
3619.440069,1000,2115.350101
3500.19117,1000,2116.906366
3601.346909,1000,2117.734796
3255.49536,1000,2119.106692
3420.76889,1000,2119.678837
3488.576441,1000,2121.010248
3527.892217,1000,2121.826193
3392.734529,1000,2123.219067
3531.012613,1000,2123.912728
3484.032321,1000,2125.448269
3311.409389,1000,2126.250177
3656.337407,1000,2127.70601
3625.65732,1000,2128.532232
3409.203881,1000,2129.952638
3412.102159,1000,2130.792543
3317.035148,1000,2131.55284
3208.880275,1000,2133.046336
3343.054146,1000,2133.8537
3607.334101,1000,2135.434784
3510.155316,1000,2136.083633
3566.865868,1000,2137.583547
3634.524274,1000,2138.365012
3436.179392,1000,2139.915419
3277.253399,1000,2140.640759
3479.206607,1000,2142.085031
3243.409218,1000,2142.826381
3550.993127,1000,2144.377954
3622.784678,1000,2145.087617
3389.467096,1000,2146.714114
3476.385728,1000,2147.42166
3450.569746,1000,2148.952811
3430.113965,1000,2149.732577
3511.376201,1000,2151.218878
3454.412891,1000,2151.980846
3800.197529,1000,2153.525097
3409.245258,1000,2154.308406
3510.315557,1000,2155.575217
3601.29581,1000,2156.141296
3491.532654,1000,2157.494372
3511.735377,1000,2158.165255
3823.866822,1000,2159.375316
3559.752189,1000,2160.181527
3697.48911,1000,2161.709366
3437.923707,1000,2162.525503
3615.384271,1000,2164.120213
3589.537881,1000,2164.927327
3406.634212,1000,2166.28653
3554.845319,1000,2167.100856
3537.289308,1000,2168.424558
3316.01461,1000,2168.923697
