#{"t_start": 1535400032.2234762, "env_id": "HalfCheetah-v2"}
r,l,t
-1139.24127,1000,1.199391
-1502.617922,1000,1.81551
-1135.714048,1000,4.683954
-1369.881382,1000,5.314018
-1087.526971,1000,7.786868
-1183.878266,1000,8.420635
-1220.127096,1000,10.74318
-1144.678721,1000,11.372751
-1161.689388,1000,13.827641
-1188.163197,1000,14.454236
-1120.095664,1000,16.826225
-736.045055,1000,17.451807
-1017.814952,1000,19.913396
-816.827445,1000,20.547734
-1194.145441,1000,22.812699
-1077.728338,1000,23.44039
-1126.613398,1000,25.818512
-1174.194656,1000,26.446026
-940.518416,1000,28.732775
-1075.461491,1000,29.362404
-807.131137,1000,31.967333
-1023.661358,1000,32.590951
-869.978004,1000,35.086195
-845.161825,1000,35.709556
-795.274723,1000,38.463889
-892.891605,1000,39.15973
-717.656595,1000,41.690906
-893.938081,1000,42.334175
-970.477302,1000,44.956249
-705.632963,1000,45.624716
-555.642547,1000,48.313348
-598.891407,1000,48.964618
-896.618242,1000,51.686741
-919.187156,1000,52.366879
-600.564095,1000,55.119868
-830.694481,1000,55.789992
-568.303064,1000,58.459903
-613.892881,1000,59.115197
-640.851549,1000,61.635621
-584.548868,1000,62.276062
-585.388405,1000,64.649594
-470.309369,1000,65.291185
-540.412571,1000,65.934319
-552.069235,1000,68.382959
-537.572037,1000,69.012514
-804.290213,1000,71.451901
-419.914001,1000,72.086036
-733.037662,1000,74.549771
-625.827711,1000,75.185373
-423.039868,1000,77.714518
-362.598205,1000,78.343229
-436.712468,1000,80.552387
-346.758721,1000,81.307307
-365.641513,1000,83.580382
-464.449974,1000,84.218436
-359.784226,1000,86.520055
-365.924087,1000,87.1869
-394.60774,1000,89.803197
-431.880584,1000,90.456087
-374.334327,1000,92.982146
-203.528381,1000,93.616288
-193.926337,1000,96.194417
-320.165576,1000,96.83747
-309.75402,1000,99.297332
-254.757471,1000,99.930886
-267.846929,1000,102.461653
-322.564845,1000,103.106409
-431.952939,1000,105.52322
-210.340706,1000,106.151824
-317.219365,1000,108.50575
-304.578529,1000,109.187755
-360.554484,1000,111.718768
-314.954751,1000,112.363951
-311.17914,1000,114.803845
-267.363948,1000,115.440125
-246.15128,1000,117.814265
-150.501845,1000,118.450699
-103.410357,1000,120.75569
-369.118465,1000,121.394159
-322.453048,1000,123.895485
-154.676369,1000,124.534734
-167.957225,1000,126.951475
-189.904948,1000,127.594562
-122.150086,1000,130.115557
-94.563905,1000,130.748704
-75.044896,1000,131.427683
-186.544305,1000,133.893595
-32.113477,1000,134.541196
-50.468073,1000,136.872484
16.653439,1000,137.51476
-132.092982,1000,140.053573
-132.576726,1000,140.686743
-111.481091,1000,142.961627
-66.294706,1000,143.594738
75.491271,1000,145.800711
-84.675079,1000,146.451901
-295.843643,1000,148.82071
-23.654921,1000,149.506202
62.624516,1000,151.896873
77.102771,1000,152.537126
24.339724,1000,155.096103
64.061295,1000,155.734031
-98.045352,1000,158.135577
66.529779,1000,158.785553
30.177251,1000,160.998888
178.733434,1000,161.62757
40.327227,1000,163.825717
102.790587,1000,164.455802
21.580579,1000,166.638224
196.91138,1000,167.270221
229.324865,1000,169.881892
6.564218,1000,170.538998
295.951823,1000,173.041562
-606.620815,1000,173.671516
212.370465,1000,176.212311
-321.107002,1000,176.968998
-1131.582603,1000,179.396345
205.88527,1000,180.087754
207.954948,1000,182.655168
49.921984,1000,183.305696
69.792044,1000,185.669139
287.616203,1000,186.298215
152.596509,1000,188.473024
211.385885,1000,189.136645
88.323088,1000,191.619097
53.858583,1000,192.256653
-141.307533,1000,194.745977
144.504323,1000,195.383849
227.868343,1000,196.014663
317.169374,1000,198.590766
35.401789,1000,199.229094
501.160798,1000,201.871705
-79.732621,1000,202.507764
201.04049,1000,204.872916
338.900716,1000,205.508042
375.837759,1000,207.92461
400.128616,1000,208.564769
253.976022,1000,210.757837
361.906373,1000,211.443568
-397.330286,1000,213.727628
326.872276,1000,214.37975
420.421413,1000,216.881863
561.918817,1000,217.523714
365.103065,1000,219.850117
364.226288,1000,220.493975
212.195425,1000,222.658055
-757.802963,1000,223.288289
302.480914,1000,225.454148
276.471232,1000,226.08292
491.169134,1000,228.41473
388.812296,1000,229.075245
412.651547,1000,231.454235
499.709174,1000,232.088955
541.945765,1000,234.601681
-36.843448,1000,235.238221
-615.711615,1000,237.674558
632.26449,1000,238.307539
-632.627104,1000,240.563536
428.16076,1000,241.196832
509.731896,1000,243.513316
629.297122,1000,244.152758
409.399361,1000,246.524687
634.454396,1000,247.158085
509.655369,1000,249.743753
360.056277,1000,250.461798
-404.592241,1000,252.811416
259.039938,1000,253.465467
349.504265,1000,255.972779
524.442557,1000,256.652995
517.373461,1000,258.943998
707.247832,1000,259.578089
494.577582,1000,260.230785
29.242504,1000,262.68601
241.122898,1000,263.312125
491.861265,1000,265.718181
630.256233,1000,266.402611
584.993879,1000,268.626351
678.78458,1000,269.250772
666.535688,1000,271.820411
776.126172,1000,272.449776
486.303996,1000,274.808081
677.399841,1000,275.445475
488.097324,1000,277.738115
621.089009,1000,278.3945
909.610325,1000,280.654445
548.852092,1000,281.293541
733.753162,1000,283.663389
483.19668,1000,284.299084
207.582879,1000,286.683585
595.937096,1000,287.319524
709.792346,1000,289.724565
669.304358,1000,290.366487
559.593794,1000,292.766566
864.36797,1000,293.421455
854.944279,1000,295.642283
-755.843041,1000,296.283499
454.21548,1000,298.673439
581.32405,1000,299.30718
-422.379554,1000,301.792017
681.262201,1000,302.439835
621.279914,1000,304.886689
628.228058,1000,305.521253
720.023303,1000,307.79018
621.763041,1000,308.438053
661.540741,1000,311.009168
706.685636,1000,311.643101
517.833231,1000,314.159428
-11.933779,1000,314.840596
-392.462089,1000,317.324363
850.082811,1000,317.956668
594.642397,1000,320.425288
599.359754,1000,321.053491
819.22794,1000,323.59927
918.63182,1000,324.291869
698.462277,1000,324.918161
736.483503,1000,327.448383
698.71271,1000,328.085791
905.599992,1000,330.456984
-238.557915,1000,331.083144
717.840165,1000,333.600666
817.999112,1000,334.245235
969.89088,1000,336.80123
742.155273,1000,337.42455
772.668316,1000,339.803761
620.595143,1000,340.433766
-784.149647,1000,342.858603
870.808335,1000,343.483452
943.652019,1000,346.026144
822.591764,1000,346.658705
181.900129,1000,349.079217
749.618099,1000,349.700964
950.265267,1000,352.117575
734.377589,1000,352.766225
233.6623,1000,355.133678
-137.257171,1000,355.773066
185.596503,1000,358.025715
888.338303,1000,358.665561
841.77288,1000,360.934383
857.089822,1000,361.564052
891.902333,1000,363.919909
1003.386245,1000,364.552716
950.763396,1000,367.048547
955.947246,1000,367.721802
1054.774323,1000,370.047984
925.177547,1000,370.690473
950.342192,1000,373.203122
957.203036,1000,373.825108
949.676538,1000,376.292864
1121.143562,1000,376.919821
1154.719678,1000,379.308353
1046.072421,1000,379.932709
1063.345071,1000,382.372174
1146.886701,1000,383.012409
237.42134,1000,385.514643
939.62022,1000,386.149637
212.888464,1000,386.788681
959.755398,1000,389.331419
131.258704,1000,389.961923
965.539283,1000,392.217041
-314.385486,1000,392.867671
480.017214,1000,395.326942
817.277719,1000,395.962771
776.056312,1000,398.554732
-211.409008,1000,399.18769
767.176101,1000,401.727007
-432.996971,1000,402.355579
1097.762349,1000,404.931683
-476.156587,1000,405.579834
854.124752,1000,408.046677
1129.810818,1000,408.677672
1088.645939,1000,410.958305
1169.575124,1000,411.58615
853.476806,1000,414.005086
1034.732159,1000,414.634524
1018.760862,1000,417.219226
938.761792,1000,417.840925
912.978211,1000,420.311989
1124.219456,1000,420.94716
963.393074,1000,423.33463
1176.119016,1000,423.97277
814.463801,1000,426.403511
1093.520751,1000,427.028105
988.13624,1000,429.536992
1206.721355,1000,430.192085
1048.843863,1000,432.628845
1197.225557,1000,433.265042
-938.346306,1000,435.536684
-75.723083,1000,436.273657
993.01099,1000,438.605878
1054.975609,1000,439.243485
1079.296161,1000,441.453907
-738.511204,1000,442.117468
1101.916049,1000,444.494454
1060.82025,1000,445.125553
-146.402845,1000,447.48403
-257.026041,1000,448.119155
1133.692924,1000,450.342543
1203.790048,1000,450.983013
-802.154689,1000,451.638805
547.761249,1000,454.094186
1125.69576,1000,454.729535
-949.399549,1000,457.381796
1052.812395,1000,458.021536
938.502145,1000,460.44853
1092.752178,1000,461.073993
1154.108008,1000,463.653459
1179.80861,1000,464.278856
934.378374,1000,466.761004
769.005105,1000,467.398241
1075.27788,1000,469.814692
1190.577057,1000,470.45092
1124.483496,1000,472.89447
1082.635341,1000,473.531103
1206.793446,1000,476.032756
1196.703294,1000,476.663079
1124.493064,1000,479.073867
787.814374,1000,479.706381
995.457407,1000,482.163062
1181.742792,1000,482.816232
814.76576,1000,485.114963
1252.654669,1000,485.814011
-932.876746,1000,488.241533
1118.010552,1000,488.909252
-863.803089,1000,491.254776
1027.367321,1000,491.929541
1225.302732,1000,494.341718
1195.868217,1000,495.002986
956.854121,1000,497.537977
1128.625421,1000,498.178548
1284.070248,1000,500.340668
1181.869615,1000,500.965656
-706.365955,1000,503.139493
1101.417862,1000,503.767947
1262.2836,1000,505.949119
1045.605398,1000,506.577366
-889.349162,1000,508.913833
1220.871307,1000,509.544955
1189.895551,1000,511.700998
1138.222697,1000,512.33181
-207.19652,1000,514.486803
449.707276,1000,515.118549
1201.275964,1000,515.747374
966.616202,1000,518.038975
917.050749,1000,518.671187
1236.839784,1000,521.033123
1104.736497,1000,521.662792
114.151854,1000,523.8887
1132.360275,1000,524.520939
1151.259751,1000,526.865066
1142.672973,1000,527.497805
-260.229134,1000,529.772926
1415.369563,1000,530.399068
1106.272329,1000,532.545613
1329.474279,1000,533.17181
1295.581305,1000,535.446701
1241.535304,1000,536.074111
943.305891,1000,538.363835
1024.216392,1000,539.00941
-37.847183,1000,541.332915
1178.497505,1000,541.956823
1127.683605,1000,544.365684
284.942123,1000,545.015498
1227.877627,1000,547.523692
824.226881,1000,548.162192
1071.368911,1000,550.670374
1252.899252,1000,551.308126
1064.331601,1000,553.829316
1040.178135,1000,554.459358
1032.345213,1000,556.877223
1119.995155,1000,557.504847
1063.811921,1000,559.941745
-311.711808,1000,560.576679
1140.607622,1000,562.957641
1232.662063,1000,563.6216
1139.486924,1000,566.203347
1102.019183,1000,566.827909
-531.881564,1000,569.371035
1271.717738,1000,569.995771
1097.448221,1000,572.160778
-256.103381,1000,572.786895
1205.340998,1000,575.20286
1157.567449,1000,575.842086
1182.806637,1000,578.09719
1325.148648,1000,578.734227
1218.520392,1000,579.374289
1067.617738,1000,581.615213
1153.687518,1000,582.25256
1065.595811,1000,584.786321
388.025291,1000,585.415885
1085.199179,1000,587.632767
1221.902133,1000,588.25827
1094.442215,1000,590.742262
1278.203171,1000,591.371579
784.052597,1000,594.002481
1232.201885,1000,594.648951
1292.376463,1000,596.97761
1368.642087,1000,597.649223
1035.839819,1000,600.096714
1158.340433,1000,600.724189
917.712596,1000,603.105862
1184.551769,1000,603.731304
1073.715137,1000,606.23153
1141.047577,1000,606.858427
1139.434657,1000,609.315894
1224.744643,1000,609.938892
1253.856463,1000,612.456909
1063.818304,1000,613.087167
-818.487738,1000,615.671227
1171.051761,1000,616.296603
1005.249142,1000,618.702223
1072.945261,1000,619.324816
1159.173458,1000,621.872894
1010.073459,1000,622.508769
1113.589083,1000,624.965212
1048.367435,1000,625.587943
-130.516039,1000,627.995902
521.991747,1000,628.643362
1185.005916,1000,631.128962
1124.566383,1000,631.763065
1207.955543,1000,634.01367
1323.566655,1000,634.643189
1046.701332,1000,637.073803
1335.201063,1000,637.695072
1255.194133,1000,640.0708
1103.993406,1000,640.701013
-554.092648,1000,643.142225
1158.186412,1000,643.789551
1333.321511,1000,644.411386
1154.026002,1000,646.896871
1326.845971,1000,647.536746
1144.832203,1000,649.849056
1264.402105,1000,650.472831
1166.451967,1000,652.913226
786.875444,1000,653.558715
1241.83416,1000,655.983474
1125.631409,1000,656.611429
112.419047,1000,659.019811
1141.305775,1000,659.650078
1284.686054,1000,661.816231
-71.969204,1000,662.447513
1260.217004,1000,664.599868
-666.695337,1000,665.233231
1039.504678,1000,667.4422
1167.129628,1000,668.089682
1200.234793,1000,670.368178
1045.347676,1000,670.997742
1201.648941,1000,673.449003
1287.781649,1000,674.075609
1120.642831,1000,676.578134
1182.264301,1000,677.217794
1111.754315,1000,679.664971
1169.490657,1000,680.291204
1137.840754,1000,682.782726
-804.845361,1000,683.4185
1246.905116,1000,685.89937
647.865819,1000,686.529718
-700.075751,1000,688.915098
1204.669281,1000,689.569434
861.548745,1000,692.035606
884.195598,1000,692.702665
1332.745022,1000,694.893214
-409.067621,1000,695.543454
1340.953461,1000,698.107185
1375.671074,1000,698.740207
1344.886823,1000,701.259104
1276.1277,1000,701.898089
922.165895,1000,704.364591
1304.36334,1000,704.989945
879.653653,1000,707.519943
1207.368297,1000,708.160595
1289.263239,1000,708.800244
1300.345374,1000,711.287106
-518.963785,1000,711.935987
1093.604093,1000,714.472736
1108.299955,1000,715.102261
1111.798667,1000,717.278734
1320.69135,1000,717.911292
1229.514103,1000,720.11138
-204.893436,1000,720.759051
1140.421217,1000,723.038094
-641.47882,1000,723.692247
1370.54451,1000,726.060173
1287.36968,1000,726.685858
-8.268183,1000,728.932808
1266.671581,1000,729.557733
346.565949,1000,731.935761
1366.362861,1000,732.57293
-825.773941,1000,735.036934
1357.52886,1000,735.661903
1366.249264,1000,738.152365
1402.864738,1000,738.789968
1300.324477,1000,741.320353
996.670967,1000,741.956425
1269.459859,1000,744.273259
1246.25298,1000,744.921661
-774.23324,1000,747.312318
1370.525589,1000,747.952423
-214.338054,1000,750.340185
1123.340045,1000,750.965259
1215.030846,1000,753.387514
-1102.927272,1000,754.028433
1377.012357,1000,756.696336
1349.803294,1000,757.334539
-723.984183,1000,759.693918
1072.841661,1000,760.323364
1389.961631,1000,762.609594
1044.795714,1000,763.24109
1305.867586,1000,765.667341
1240.073007,1000,766.318496
-497.465204,1000,768.723586
1360.366768,1000,769.374376
1405.175523,1000,770.012829
-549.936564,1000,772.379562
1228.688106,1000,773.033326
1268.962939,1000,775.231877
1153.402691,1000,775.861492
1364.216256,1000,778.192292
1355.426166,1000,778.819814
1362.339494,1000,781.198258
1444.56619,1000,781.837686
1207.880834,1000,784.310764
1387.723533,1000,784.93774
1344.813279,1000,787.410482
1328.042919,1000,788.072203
1139.663699,1000,790.411281
1445.173765,1000,791.038401
-235.329486,1000,793.264368
1318.467306,1000,793.942201
1251.122047,1000,796.289963
1468.14738,1000,796.930413
1403.377392,1000,799.375513
1354.830981,1000,800.02864
1229.216673,1000,802.5199
1081.745921,1000,803.150986
1236.582304,1000,805.619173
1387.637699,1000,806.272189
1184.475957,1000,808.838207
1331.247151,1000,809.463719
1418.246194,1000,811.859769
-509.48849,1000,812.51641
1321.593386,1000,815.021964
1249.033746,1000,815.649879
1427.331882,1000,818.125713
1422.736499,1000,818.750133
1284.074153,1000,821.232358
1466.692523,1000,821.863232
-747.198541,1000,824.05577
1369.476326,1000,824.702929
1312.619403,1000,827.052537
1464.920687,1000,827.693738
1429.41574,1000,829.886901
1023.689232,1000,830.530605
1307.875045,1000,832.870751
1373.03062,1000,833.513186
1344.044267,1000,834.150808
1454.137726,1000,836.369267
1437.801613,1000,836.995639
958.647261,1000,839.336332
1476.035585,1000,839.972152
-260.915714,1000,842.26502
1537.767865,1000,842.898541
-1004.104428,1000,845.462924
1218.233158,1000,846.162701
1502.650998,1000,848.805227
1282.991089,1000,849.486795
1300.976677,1000,852.087404
1361.203926,1000,852.759319
1290.816365,1000,855.416165
1346.648898,1000,856.102359
1241.972089,1000,858.90579
1374.314351,1000,859.53903
160.063433,1000,861.985511
792.189337,1000,862.644006
1307.527272,1000,864.89376
1356.957588,1000,865.532516
1498.503352,1000,868.017741
1353.252144,1000,868.658633
-467.771471,1000,870.935827
1120.067565,1000,871.573595
1451.557094,1000,873.980019
1480.618709,1000,874.642706
571.967695,1000,877.003973
1339.655908,1000,877.637609
1170.090743,1000,879.881577
1290.815646,1000,880.559991
1439.584372,1000,882.940915
1397.263969,1000,883.57583
1484.363692,1000,885.831174
1320.447464,1000,886.472035
1441.154243,1000,888.911296
1415.10973,1000,889.543956
1313.259672,1000,891.923145
1463.172427,1000,892.563254
1436.872866,1000,895.140697
1387.484946,1000,895.774788
1420.818731,1000,898.198513
1534.505369,1000,898.832025
1574.688176,1000,899.478366
1472.944465,1000,901.955915
1351.661849,1000,902.599533
1428.526632,1000,904.90245
1384.510753,1000,905.532935
1511.761432,1000,908.042909
1486.998783,1000,908.699575
1554.890803,1000,911.157009
1462.694935,1000,911.82888
1455.629195,1000,914.157057
1339.171529,1000,914.792416
1490.630247,1000,917.32454
-733.044829,1000,917.966654
1561.00361,1000,920.340396
1439.083745,1000,920.984109
1420.937482,1000,923.293223
1325.990201,1000,923.965989
1551.990093,1000,926.407423
1490.010422,1000,927.042899
1529.130125,1000,929.370599
86.242019,1000,930.006868
1339.240544,1000,932.491714
768.20699,1000,933.151486
1382.94722,1000,935.518082
1411.97104,1000,936.170323
1040.157199,1000,938.642515
1454.08973,1000,939.334302
1496.42186,1000,941.613953
1415.439959,1000,942.282811
1441.737097,1000,944.707026
784.574471,1000,945.370499
-241.133189,1000,947.63649
-568.626134,1000,948.27647
1552.394635,1000,950.719128
1397.780418,1000,951.353441
1547.99504,1000,953.66047
1228.672053,1000,954.289335
1456.858158,1000,956.74863
1400.622794,1000,957.427568
765.723063,1000,959.909073
-618.78656,1000,960.560293
1465.698408,1000,962.999035
-894.663257,1000,963.65381
1417.757761,1000,964.293591
1465.99599,1000,966.908943
1449.410448,1000,967.559034
1602.077589,1000,969.94398
1511.282258,1000,970.578465
1364.103521,1000,972.934245
1515.469614,1000,973.585324
1513.531639,1000,975.987128
540.787293,1000,976.630899
381.516168,1000,979.147628
1574.60057,1000,979.786416
1500.83924,1000,981.996275
744.968838,1000,982.655634
1392.954198,1000,985.134972
1480.126466,1000,985.787197
1569.347705,1000,988.239818
1526.315357,1000,988.90391
1520.447981,1000,991.533484
1577.673456,1000,992.196407
1558.96625,1000,994.737748
1669.058488,1000,995.41403
1445.751533,1000,997.828345
1309.313193,1000,998.465193
1367.126337,1000,1000.756705
1372.629833,1000,1001.38755
1408.548909,1000,1003.801637
1497.128605,1000,1004.447192
1488.388674,1000,1006.86168
1474.29988,1000,1007.489214
1713.29678,1000,1009.956585
1405.24354,1000,1010.589001
1551.40521,1000,1013.039934
243.843541,1000,1013.675849
1568.941166,1000,1016.276298
770.771899,1000,1016.923296
1438.704587,1000,1019.171393
1390.794068,1000,1019.801613
1349.145477,1000,1022.195386
1395.011624,1000,1022.857921
1382.363102,1000,1025.347967
1585.75042,1000,1025.982623
1603.00663,1000,1028.436611
-475.408818,1000,1029.081027
1500.140901,1000,1029.715201
714.945893,1000,1032.272811
-557.767419,1000,1032.911631
1540.763684,1000,1035.313457
1531.763743,1000,1035.937152
1522.481849,1000,1038.45194
1592.309172,1000,1039.086936
1578.342302,1000,1041.432163
1436.7494,1000,1042.068588
1473.733564,1000,1044.320438
1010.601543,1000,1044.955359
1453.84538,1000,1047.314664
1389.888233,1000,1047.958257
1742.968756,1000,1050.56079
1387.235799,1000,1051.200497
1670.334906,1000,1053.721125
1544.222475,1000,1054.347028
1333.531101,1000,1056.864241
1575.876205,1000,1057.498592
1606.450332,1000,1059.814772
1317.343124,1000,1060.475121
1596.513539,1000,1063.058526
1501.959467,1000,1063.739249
1515.439567,1000,1066.243139
1544.241411,1000,1066.898649
1393.952602,1000,1069.451649
1647.948758,1000,1070.08175
1212.721913,1000,1072.476744
1513.475806,1000,1073.105197
1359.275893,1000,1075.607508
804.146384,1000,1076.248212
1605.275856,1000,1078.56445
1342.782992,1000,1079.19963
-586.598425,1000,1081.679898
1711.069205,1000,1082.30479
1549.003503,1000,1084.704857
1484.180618,1000,1085.341363
1531.949239,1000,1087.817204
1465.35066,1000,1088.442492
-156.750319,1000,1090.978254
328.005862,1000,1091.617172
1570.654013,1000,1093.869862
1599.103698,1000,1094.499656
1508.560395,1000,1095.130871
1568.173097,1000,1097.378342
1591.863779,1000,1098.026458
1474.804322,1000,1100.514622
1672.414377,1000,1101.156698
1548.019771,1000,1103.587728
1664.324734,1000,1104.257302
1503.896415,1000,1106.721308
1478.467442,1000,1107.377034
701.773646,1000,1109.759287
1502.178857,1000,1110.405697
-322.07811,1000,1112.729485
1558.213579,1000,1113.387449
1696.816058,1000,1115.895088
1509.163263,1000,1116.526959
1476.552176,1000,1118.937639
1458.153037,1000,1119.599216
1693.510618,1000,1122.075621
1669.939188,1000,1122.705469
1515.090645,1000,1124.885857
1667.658882,1000,1125.519643
1635.464857,1000,1127.821998
1697.28016,1000,1128.464805
609.835765,1000,1130.659065
1657.43747,1000,1131.307824
1515.764208,1000,1133.62357
1572.499425,1000,1134.278147
1600.772684,1000,1136.444931
1776.974606,1000,1137.121825
1671.236473,1000,1139.472064
1695.925779,1000,1140.106657
170.729976,1000,1142.393115
1786.109563,1000,1143.032184
1534.780661,1000,1145.476013
1543.924978,1000,1146.13112
1500.928854,1000,1148.341143
1397.581882,1000,1148.975609
1766.590666,1000,1151.261272
-4.940646,1000,1151.899311
1722.056481,1000,1154.246977
1704.784123,1000,1154.875439
1578.448724,1000,1155.507685
1555.860462,1000,1157.999149
1531.781476,1000,1158.638929
1599.375318,1000,1161.214838
188.364188,1000,1161.865347
-294.275745,1000,1164.274691
1650.746035,1000,1164.904063
1432.903717,1000,1167.16568
619.848392,1000,1167.797604
787.978065,1000,1170.227793
1696.726316,1000,1170.854851
1692.388602,1000,1173.078852
1519.220393,1000,1173.717184
775.657744,1000,1176.149955
1651.944875,1000,1176.828733
1707.540894,1000,1179.430834
1586.906752,1000,1180.060537
1593.675482,1000,1182.791838
-1035.039068,1000,1183.44694
1664.381036,1000,1185.954837
1674.316504,1000,1186.593905
1581.13272,1000,1189.145952
1598.185712,1000,1189.780321
1717.923489,1000,1192.199918
1726.339641,1000,1192.84445
1467.741791,1000,1195.251001
-788.09653,1000,1195.888379
1337.862761,1000,1198.389727
1601.117824,1000,1199.01515
1416.121094,1000,1201.371516
1632.320255,1000,1202.013126
1725.198316,1000,1204.653595
1518.350377,1000,1205.280131
1600.543994,1000,1207.530381
1721.732362,1000,1208.162257
1589.444289,1000,1210.582035
1584.418871,1000,1211.229055
1481.755816,1000,1213.768648
1643.89106,1000,1214.400017
1727.789036,1000,1216.819474
1375.196777,1000,1217.505343
1657.300716,1000,1220.010659
1574.293698,1000,1220.741611
1649.062308,1000,1221.379787
1617.884498,1000,1223.874822
1796.719074,1000,1224.499101
855.68048,1000,1226.933528
1654.870315,1000,1227.591406
1655.893708,1000,1229.914223
1723.34842,1000,1230.59539
1524.668436,1000,1233.152113
1886.306283,1000,1233.775448
1602.887069,1000,1236.332122
1356.506098,1000,1236.976254
1679.910618,1000,1239.555952
1762.507666,1000,1240.21121
1664.505551,1000,1242.871315
1505.096908,1000,1243.49649
1674.962215,1000,1246.097965
1620.99775,1000,1246.7211
1621.822623,1000,1249.331062
475.438945,1000,1249.962317
1495.000118,1000,1252.456731
1605.54016,1000,1253.086874
1724.67802,1000,1255.709407
-238.033493,1000,1256.369134
1215.817743,1000,1259.062121
1529.057473,1000,1259.728945
1788.244848,1000,1262.36048
1676.108245,1000,1262.999968
1785.020847,1000,1265.258002
-148.1512,1000,1265.938379
1382.512174,1000,1268.633633
1545.420936,1000,1269.282823
1712.153613,1000,1271.872114
1637.053714,1000,1272.497147
1805.995711,1000,1275.061403
1618.07235,1000,1275.749252
-451.679172,1000,1278.062091
1596.289633,1000,1278.706715
1720.972226,1000,1281.253729
1647.741424,1000,1281.905703
-363.213017,1000,1284.308822
1631.369917,1000,1284.952412
1788.041673,1000,1287.455348
1563.476071,1000,1288.080159
-929.392806,1000,1288.71927
1498.215965,1000,1291.263727
1768.414316,1000,1291.899915
1740.338068,1000,1294.239528
1594.580484,1000,1294.890382
1749.134115,1000,1297.288735
1799.263012,1000,1297.928917
1797.853441,1000,1300.407536
-817.957064,1000,1301.118657
1832.485772,1000,1303.772812
1804.956027,1000,1304.419936
1574.765861,1000,1306.914549
515.681573,1000,1307.615258
1610.181625,1000,1310.294556
1764.975034,1000,1310.986022
1836.066119,1000,1313.559598
1766.475195,1000,1314.201899
1828.411283,1000,1316.674439
1641.084885,1000,1317.313407
1728.890493,1000,1319.505832
1744.428895,1000,1320.202293
1706.859604,1000,1322.702003
-317.833487,1000,1323.334465
1668.110146,1000,1325.949428
1468.66907,1000,1326.624638
1670.712407,1000,1329.438864
1931.9723,1000,1330.162876
1078.09635,1000,1332.762744
1780.490714,1000,1333.393174
1727.574865,1000,1335.782154
1769.983276,1000,1336.449155
-735.961327,1000,1339.014104
998.531028,1000,1339.676102
-468.87414,1000,1342.26637
1710.795029,1000,1342.986595
1830.807117,1000,1345.470178
1692.521516,1000,1346.117398
1887.893104,1000,1348.518757
1686.866921,1000,1349.181579
1708.781438,1000,1351.703735
1811.597393,1000,1352.355406
1902.883318,1000,1354.912482
1662.229057,1000,1355.589563
1868.915017,1000,1356.226768
1828.278118,1000,1358.764018
2011.461235,1000,1359.393915
2091.392413,1000,1361.738407
1843.753263,1000,1362.383577
1807.360654,1000,1364.826852
1878.264171,1000,1365.491835
1670.261504,1000,1368.101398
-504.60022,1000,1368.751695
-225.56973,1000,1371.258469
1695.110091,1000,1371.947965
-249.043052,1000,1374.475399
-865.730426,1000,1375.160832
1459.488802,1000,1377.613014
1727.252217,1000,1378.256248
1744.149753,1000,1380.709675
1964.328998,1000,1381.353291
-620.326367,1000,1383.689005
1857.970961,1000,1384.348402
1694.283134,1000,1386.837942
1729.394527,1000,1387.512134
1577.339823,1000,1389.999988
1730.328811,1000,1390.668523
1523.878015,1000,1393.228139
1477.080764,1000,1393.916648
1623.389644,1000,1396.504748
1833.962034,1000,1397.133435
1887.304687,1000,1399.588746
554.510352,1000,1400.246288
1795.954003,1000,1402.732278
1746.10462,1000,1403.373093
1749.928805,1000,1405.826577
1102.376515,1000,1406.46433
1713.037301,1000,1409.142638
1773.695929,1000,1409.781271
1814.230397,1000,1412.310053
1797.998443,1000,1412.955359
1840.178372,1000,1415.631653
1849.221234,1000,1416.27699
1696.104477,1000,1418.8032
1802.043683,1000,1419.483257
1758.14646,1000,1421.975976
1710.659899,1000,1422.631637
1664.854574,1000,1423.261766
1619.518552,1000,1425.708651
1777.732777,1000,1426.367583
1917.960711,1000,1428.953593
1707.063154,1000,1429.610604
1673.099846,1000,1432.288661
1808.622272,1000,1432.932169
1703.54734,1000,1435.424795
1725.649042,1000,1436.137941
2005.538343,1000,1438.591228
1770.474358,1000,1439.329171
1795.650824,1000,1441.606843
1700.821522,1000,1442.258722
1809.583294,1000,1444.829373
1734.532855,1000,1445.508557
1902.830967,1000,1448.096826
1882.572116,1000,1448.747183
287.560871,1000,1451.262429
1728.459319,1000,1451.952155
1809.69208,1000,1454.581759
1348.997216,1000,1455.232253
1553.164356,1000,1457.886791
1587.210251,1000,1458.561882
1963.558074,1000,1461.016583
821.704091,1000,1461.744303
53.595401,1000,1464.393029
449.89463,1000,1465.043881
1927.094868,1000,1467.724519
1758.404418,1000,1468.39891
1708.252884,1000,1470.99411
1683.02381,1000,1471.647246
1787.383698,1000,1474.243875
1731.917438,1000,1474.897551
-675.406482,1000,1477.272978
1705.624042,1000,1477.921072
2056.376873,1000,1480.367167
1540.281185,1000,1481.016268
1891.578979,1000,1483.507456
394.201662,1000,1484.176421
1745.13351,1000,1486.669591
1853.220117,1000,1487.3698
1673.784696,1000,1489.836502
1732.717303,1000,1490.504369
277.924702,1000,1491.16954
416.426443,1000,1493.49128
1835.243341,1000,1494.114176
939.172288,1000,1496.588714
1960.795355,1000,1497.249828
1853.003162,1000,1499.756557
1952.089199,1000,1500.401953
-466.757361,1000,1502.989022
1953.828381,1000,1503.633328
1808.427124,1000,1506.160541
2042.42502,1000,1506.82759
1938.925404,1000,1509.380372
1850.496776,1000,1510.017384
1925.152597,1000,1512.552179
1610.36014,1000,1513.18337
1871.101674,1000,1515.683933
1760.503789,1000,1516.338392
1996.499283,1000,1518.792603
1935.335908,1000,1519.426513
-174.065483,1000,1521.893189
1995.961898,1000,1522.536485
1794.676011,1000,1524.891732
1744.649352,1000,1525.544764
-269.615859,1000,1528.035721
-673.147259,1000,1528.6937
1884.484133,1000,1531.1929
897.16608,1000,1531.867538
1966.800381,1000,1534.328926
1765.879803,1000,1534.954063
1834.917275,1000,1537.447987
2017.013476,1000,1538.210704
1827.622454,1000,1540.730884
1728.306816,1000,1541.469446
1601.352332,1000,1544.08969
1997.420291,1000,1544.751049
851.876295,1000,1547.33497
-178.076117,1000,1547.970953
1933.155491,1000,1550.481639
1893.578136,1000,1551.222469
-864.864951,1000,1553.810278
-1046.661094,1000,1554.490166
2004.821521,1000,1555.179602
1828.327877,1000,1557.819916
1887.817486,1000,1558.530797
1994.175678,1000,1561.119146
1834.081448,1000,1561.798771
1733.247048,1000,1564.46339
1717.000978,1000,1565.109614
1721.911128,1000,1567.705895
1989.943282,1000,1568.351812
1910.298643,1000,1570.894963
1926.42891,1000,1571.534542
976.999473,1000,1574.090919
-645.431207,1000,1574.761023
572.382689,1000,1577.301797
1830.218267,1000,1577.931884
2078.925606,1000,1580.461319
1842.872597,1000,1581.092211
2065.183096,1000,1583.718176
1926.613879,1000,1584.414424
960.672746,1000,1587.002963
1797.995197,1000,1587.670924
1994.121386,1000,1590.24999
1831.646299,1000,1590.891245
1936.040369,1000,1593.519672
1891.556819,1000,1594.149636
204.037132,1000,1596.569628
-199.200088,1000,1597.214439
1913.976236,1000,1599.721625
1919.022276,1000,1600.364943
1891.608713,1000,1602.728973
2057.738425,1000,1603.426452
1900.691684,1000,1606.005154
1916.838463,1000,1606.692414
1924.188701,1000,1609.173755
1914.112178,1000,1609.808861
1950.432039,1000,1612.348985
2035.171697,1000,1613.019789
1480.385885,1000,1615.439723
440.785271,1000,1616.119334
1127.289643,1000,1618.713054
2029.983806,1000,1619.378749
1807.453706,1000,1621.853004
1301.119854,1000,1622.487646
2052.64949,1000,1623.116438
1918.026304,1000,1625.670904
1915.266487,1000,1626.302366
1940.562383,1000,1628.800033
1980.679587,1000,1629.482246
1944.450001,1000,1632.044762
1736.096795,1000,1632.679524
2089.29789,1000,1635.24231
1852.304603,1000,1635.913563
1911.01898,1000,1638.450443
2109.757907,1000,1639.079801
2176.700629,1000,1641.529721
1823.244569,1000,1642.188581
2169.436031,1000,1644.614771
1977.320548,1000,1645.254924
1073.341702,1000,1647.623842
1953.158692,1000,1648.280113
1883.979708,1000,1650.604435
1968.120553,1000,1651.235114
2015.609564,1000,1653.751045
-866.113902,1000,1654.417243
1928.801695,1000,1656.828123
-101.61524,1000,1657.460507
202.160131,1000,1659.955844
2021.41994,1000,1660.588949
2151.485239,1000,1662.985873
1985.333155,1000,1663.656539
1875.879459,1000,1666.125038
1772.121975,1000,1666.833747
677.007182,1000,1669.235538
2145.621531,1000,1669.874474
1843.078119,1000,1672.377703
1920.241887,1000,1673.021556
1883.513402,1000,1675.451509
2040.023115,1000,1676.104273
1833.795744,1000,1678.29378
1925.599257,1000,1678.930478
1872.233225,1000,1681.419464
2031.542363,1000,1682.043333
14.766781,1000,1684.608358
502.992243,1000,1685.245089
1336.942678,1000,1687.531222
2109.002552,1000,1688.159854
2088.845109,1000,1688.793873
1953.89916,1000,1691.169911
1923.861406,1000,1691.814906
1826.610096,1000,1694.296678
1836.329474,1000,1695.034677
2024.973674,1000,1697.458797
2048.296397,1000,1698.160186
-1456.212044,1000,1700.533466
2092.962005,1000,1701.192199
1965.237717,1000,1703.454601
1822.522087,1000,1704.094345
1915.189988,1000,1706.310464
2176.490036,1000,1706.993186
2132.489518,1000,1709.597566
1876.912721,1000,1710.26133
1920.720532,1000,1712.639443
2231.455725,1000,1713.270995
2086.585105,1000,1715.831199
-530.740596,1000,1716.495587
1396.271251,1000,1719.197644
59.714872,1000,1719.895773
1881.702403,1000,1722.422295
1694.431557,1000,1723.221827
1908.553337,1000,1725.651211
2047.364973,1000,1726.358907
2028.604811,1000,1728.894918
2030.319737,1000,1729.557827
1916.551274,1000,1731.861266
1829.702283,1000,1732.492283
2039.998133,1000,1735.020764
2043.066624,1000,1735.704779
1868.715225,1000,1738.341525
-942.171874,1000,1739.016913
1798.995504,1000,1741.611961
2224.751773,1000,1742.257781
2030.634629,1000,1744.842492
1990.640886,1000,1745.539311
1763.307345,1000,1748.034874
832.467658,1000,1748.708247
2171.30852,1000,1751.213269
1969.158093,1000,1751.843343
2231.680919,1000,1754.250979
2041.491654,1000,1754.921952
1911.051723,1000,1755.60816
2132.702831,1000,1758.154662
2143.35842,1000,1758.797142
2140.208,1000,1761.360319
1850.283798,1000,1762.105407
1888.190691,1000,1764.586413
1836.670646,1000,1765.230661
2107.25638,1000,1767.701191
1970.518459,1000,1768.336062
2067.585871,1000,1770.659732
2078.559954,1000,1771.295479
2092.584757,1000,1773.732973
1385.915651,1000,1774.371986
-129.971872,1000,1776.695915
1912.151211,1000,1777.33092
-1050.107836,1000,1779.860316
2049.465397,1000,1780.503573
1775.405215,1000,1782.786369
2060.216441,1000,1783.42892
1864.345368,1000,1785.718176
2125.37605,1000,1786.342528
1989.243172,1000,1788.754072
775.675058,1000,1789.386975
2080.125946,1000,1791.596258
732.865764,1000,1792.224501
2153.407712,1000,1794.621879
1819.670647,1000,1795.257972
2022.767311,1000,1797.700165
1937.701652,1000,1798.338255
2056.294994,1000,1800.773239
2087.898737,1000,1801.402664
1921.965646,1000,1803.806937
2042.582875,1000,1804.436246
2043.277393,1000,1806.784454
-716.198647,1000,1807.447609
1730.213849,1000,1809.841185
1810.107955,1000,1810.503291
1805.039238,1000,1813.243049
1896.073534,1000,1813.884341
42.807567,1000,1816.382878
2049.723247,1000,1817.011319
2086.615905,1000,1819.43334
2034.37973,1000,1820.116377
2000.725047,1000,1820.757154
-1391.999302,1000,1823.056283
1818.61848,1000,1823.695235
2110.630949,1000,1826.073342
1952.779393,1000,1826.703886
2114.530111,1000,1829.147821
2032.687413,1000,1829.784909
-1072.808397,1000,1832.410756
989.545645,1000,1833.040931
1881.604504,1000,1835.436059
1.439546,1000,1836.068003
-989.681857,1000,1838.466304
1641.986667,1000,1839.097866
1852.230097,1000,1841.615137
1774.561792,1000,1842.29378
1844.520796,1000,1844.692779
1865.828308,1000,1845.326858
1614.671205,1000,1847.76425
1972.169452,1000,1848.396074
2050.839477,1000,1850.820393
1122.0808,1000,1851.477019
2296.435653,1000,1853.850237
390.876296,1000,1854.484947
2067.344623,1000,1856.781364
1872.263695,1000,1857.434549
1995.402193,1000,1859.727176
1693.668047,1000,1860.359991
1993.174435,1000,1862.61692
1996.74654,1000,1863.244702
-929.584529,1000,1865.754057
2249.050326,1000,1866.379457
1961.982818,1000,1868.691087
-172.596395,1000,1869.330335
1845.617507,1000,1871.770034
1988.569182,1000,1872.398421
1850.529039,1000,1874.877224
981.992932,1000,1875.568716
2089.115219,1000,1878.178647
1894.897337,1000,1878.806087
1919.623817,1000,1881.224562
82.890955,1000,1881.855635
-236.452313,1000,1884.219219
2053.318199,1000,1884.94496
-701.58476,1000,1885.58366
1966.918459,1000,1888.110045
-495.720484,1000,1888.769324
2187.114394,1000,1891.216656
-227.997487,1000,1891.845062
1934.99589,1000,1894.365525
2227.913988,1000,1895.003918
2209.89655,1000,1897.579865
1844.09528,1000,1898.250643
2069.542279,1000,1900.783074
1998.861897,1000,1901.505793
1855.400063,1000,1904.480983
1828.647642,1000,1905.219717
1979.555947,1000,1907.799723
1770.331954,1000,1908.48794
1937.59967,1000,1911.177956
1935.307825,1000,1911.813159
1616.112775,1000,1914.393683
1953.113665,1000,1915.030246
1820.345694,1000,1917.622368
1796.63907,1000,1918.281887
1780.629284,1000,1920.858501
1829.611203,1000,1921.531989
1773.470532,1000,1924.012376
1853.886971,1000,1924.686029
1998.412295,1000,1927.228306
-578.357032,1000,1927.942971
1911.196727,1000,1930.564561
2020.701161,1000,1931.2759
1954.860191,1000,1933.832438
1878.275673,1000,1934.525444
800.900005,1000,1937.058313
1915.031928,1000,1937.69727
1857.776608,1000,1940.19101
2068.62106,1000,1940.897585
-82.500234,1000,1943.477222
1897.282165,1000,1944.195795
2037.033512,1000,1946.756413
1973.325196,1000,1947.42166
1945.2447,1000,1949.996229
1916.414298,1000,1950.688594
1881.791607,1000,1951.326382
1859.254694,1000,1953.776217
1896.552398,1000,1954.409195
1956.470811,1000,1956.833808
2022.744466,1000,1957.488725
2214.845115,1000,1960.105935
1690.343061,1000,1960.740466
1783.660081,1000,1963.313969
1720.761052,1000,1964.023161
2086.757943,1000,1966.65466
-574.847301,1000,1967.294652
1907.337642,1000,1969.994799
609.590751,1000,1970.663643
1935.661803,1000,1973.181525
1932.199077,1000,1973.885066
2000.044287,1000,1976.481316
2052.414069,1000,1977.117478
-191.070491,1000,1979.725345
1954.786168,1000,1980.361689
2182.183651,1000,1982.894181
2034.029481,1000,1983.529912
1936.518601,1000,1986.096592
1958.932889,1000,1986.777698
1959.096202,1000,1989.45715
-73.886924,1000,1990.095736
2194.476106,1000,1992.736256
1937.104359,1000,1993.419759
2294.472045,1000,1995.936877
1957.168775,1000,1996.575998
2153.884723,1000,1999.224025
345.863483,1000,1999.869034
481.940137,1000,2002.414538
2008.353677,1000,2003.056934
2068.022097,1000,2005.643774
2123.392306,1000,2006.30775
1161.22768,1000,2008.735149
1004.105482,1000,2009.389242
2050.979026,1000,2012.008773
1917.236958,1000,2012.710172
1983.333606,1000,2015.279499
2082.680417,1000,2015.964168
2023.069199,1000,2018.60633
2108.525309,1000,2019.282448
1881.290111,1000,2019.940241
119.824111,1000,2022.646839
2044.267723,1000,2023.326173
2021.870021,1000,2025.983851
2202.700986,1000,2026.626716
-644.891496,1000,2029.383153
-845.894566,1000,2030.067951
1989.302062,1000,2032.742401
2187.36102,1000,2033.457882
2104.297136,1000,2036.065444
2015.214877,1000,2036.729211
-1111.852889,1000,2039.372671
-1238.108664,1000,2040.019966
2062.506197,1000,2042.59627
1996.489029,1000,2043.24028
1962.331162,1000,2045.754862
2051.60649,1000,2046.393051
1901.420665,1000,2048.876481
1352.968229,1000,2049.547764
-696.204773,1000,2052.182827
1854.052184,1000,2052.913034
2186.30039,1000,2055.651293
924.199398,1000,2056.276813
-1381.709782,1000,2058.903637
1888.717898,1000,2059.576541
2183.96615,1000,2062.208353
1847.135901,1000,2062.875067
2198.187356,1000,2065.311448
1811.304241,1000,2065.941107
2078.796713,1000,2068.25392
766.543985,1000,2068.883291
1679.863397,1000,2071.281366
1536.308321,1000,2071.925867
2075.158169,1000,2074.459392
329.209592,1000,2075.091885
2052.499561,1000,2077.457733
-959.011761,1000,2078.110545
2084.957723,1000,2080.643616
1980.581537,1000,2081.319697
2258.477898,1000,2083.749359
2136.353678,1000,2084.41407
1964.289123,1000,2086.943476
2184.475001,1000,2087.628478
247.143542,1000,2088.267373
-932.498797,1000,2090.850649
2144.131284,1000,2091.502797
2101.570488,1000,2094.103591
1943.729086,1000,2094.760402
1939.700726,1000,2097.159981
2313.477894,1000,2097.80066
829.459666,1000,2100.190241
2254.879753,1000,2100.828164
2013.55436,1000,2103.161566
194.082332,1000,2103.799671
1846.815977,1000,2106.206929
2015.743977,1000,2106.862203
1851.968033,1000,2109.162021
1944.759368,1000,2109.803652
2060.958048,1000,2112.232421
-337.444444,1000,2112.86865
1820.995285,1000,2115.165299
1784.306481,1000,2115.803164
-868.957306,1000,2118.239427
-167.126654,1000,2118.877398
2077.000649,1000,2121.343275
-808.198129,1000,2122.057239
2022.867769,1000,2124.324511
2074.84855,1000,2124.959987
1840.666139,1000,2127.509154
2102.413222,1000,2128.161994
2150.435383,1000,2130.619068
1871.48274,1000,2131.2519
1970.826207,1000,2133.610372
1976.601345,1000,2134.257323
2105.361319,1000,2136.715466
2076.33532,1000,2137.370596
1962.392105,1000,2139.889676
2099.439969,1000,2140.533108
-742.070294,1000,2142.754615
2160.203761,1000,2143.389898
-969.551272,1000,2145.759757
2078.690988,1000,2146.401305
2177.385627,1000,2148.790263
2327.535941,1000,2149.441224
2120.872589,1000,2151.796661
2254.435593,1000,2152.450523
688.680852,1000,2153.116251
2199.630251,1000,2155.51242
2194.209543,1000,2156.164808
2032.45419,1000,2158.630215
-496.975303,1000,2159.293649
-37.92946,1000,2161.794414
2099.390029,1000,2162.483643
1841.073733,1000,2164.710203
2097.319164,1000,2165.377628
2138.876884,1000,2167.795837
2085.946068,1000,2168.465545
2089.117661,1000,2170.672048
2031.167646,1000,2171.316516
2008.287951,1000,2173.746238
2268.624423,1000,2174.41173
2116.094782,1000,2176.798312
2045.057574,1000,2177.432905
2179.826352,1000,2179.936536
2240.792444,1000,2180.575051
2183.044501,1000,2183.147312
-83.467663,1000,2183.827741
1924.808285,1000,2186.132929
1999.03287,1000,2186.762549
1934.804088,1000,2189.304564
2163.405186,1000,2189.943962
1981.361056,1000,2192.486144
2173.633456,1000,2193.120153
2011.832948,1000,2195.674406
-335.824091,1000,2196.332259
2072.927905,1000,2198.813888
733.367813,1000,2199.463186
-600.904216,1000,2202.088321
1993.866077,1000,2202.811243
2359.12484,1000,2205.231355
-709.065776,1000,2205.89422
2103.284918,1000,2208.39535
2121.811532,1000,2209.032629
-714.458329,1000,2211.427402
1799.306946,1000,2212.093554
2041.879963,1000,2214.590968
1949.227643,1000,2215.283141
2018.45013,1000,2217.934349
2148.768216,1000,2218.594926
2070.877918,1000,2219.256251
-546.007837,1000,2221.615315
33.378075,1000,2222.275975
2087.448766,1000,2224.692033
2412.066581,1000,2225.328801
2115.648691,1000,2227.882112
2204.904387,1000,2228.537551
2280.600332,1000,2230.965679
2166.56849,1000,2231.639625
2203.001149,1000,2234.093745
2399.163541,1000,2234.765054
2197.530942,1000,2237.101188
1907.396099,1000,2237.735114
2126.203815,1000,2240.110552
2067.095054,1000,2240.764121
2280.670627,1000,2243.27201
2060.895492,1000,2243.910192
2094.483132,1000,2246.521103
1986.779427,1000,2247.155705
2054.801527,1000,2249.672503
1329.488456,1000,2250.305241
1847.451092,1000,2252.673111
2084.034438,1000,2253.352568
2181.200317,1000,2255.915977
2091.731107,1000,2256.583597
2010.743811,1000,2259.145617
2201.604088,1000,2259.776239
-370.751658,1000,2262.164146
2178.304625,1000,2262.808727
2012.103367,1000,2265.239814
2212.564228,1000,2265.864396
2088.640214,1000,2268.370657
2242.291381,1000,2269.009516
2123.805733,1000,2271.59922
2206.947589,1000,2272.311403
2091.701783,1000,2275.020676
2210.500046,1000,2275.651783
2287.237778,1000,2278.230666
1990.971475,1000,2278.883083
2142.352539,1000,2281.378004
2211.767168,1000,2282.010615
2177.045507,1000,2284.363781
2271.531874,1000,2285.004166
2139.006089,1000,2285.640199
552.905632,1000,2288.086552
2236.899459,1000,2288.717141
2056.542792,1000,2291.178196
2290.495058,1000,2291.830185
1138.610522,1000,2294.348775
2115.106974,1000,2294.992149
2204.72463,1000,2297.206265
2021.09709,1000,2297.871429
2175.785365,1000,2300.260876
-527.835195,1000,2300.924496
2053.023145,1000,2303.373999
2313.76967,1000,2304.048038
2241.941652,1000,2306.411728
2381.457037,1000,2307.061711
2046.801824,1000,2309.523238
2049.278725,1000,2310.173171
2121.32637,1000,2312.59167
1965.193279,1000,2313.249163
2159.457782,1000,2315.53669
2106.44131,1000,2316.19264
1858.958057,1000,2318.66985
219.009267,1000,2319.330471
2222.058038,1000,2321.761489
2283.705405,1000,2322.415588
2394.267451,1000,2324.839463
2236.4981,1000,2325.533998
2017.710146,1000,2327.952949
2271.729334,1000,2328.595301
2217.771795,1000,2331.184108
2014.683737,1000,2331.823805
2113.722438,1000,2334.200931
2058.334105,1000,2334.847226
2111.033061,1000,2337.273976
689.226484,1000,2337.941458
1357.46214,1000,2340.323118
2134.30287,1000,2340.979464
2190.472491,1000,2343.500137
2275.639538,1000,2344.173382
2140.288994,1000,2346.54513
1992.335116,1000,2347.214788
-779.779498,1000,2347.876833
2138.934552,1000,2350.227574
2173.79528,1000,2350.857766
2199.271176,1000,2353.296132
2316.420966,1000,2353.932051
2250.261293,1000,2356.419134
2231.284399,1000,2357.06808
2210.308835,1000,2359.615248
2048.294451,1000,2360.279927
2166.863394,1000,2362.677513
2136.784827,1000,2363.314906
2185.664312,1000,2365.972741
2074.480388,1000,2366.65642
2331.184326,1000,2369.205818
1946.200574,1000,2369.840472
2025.782943,1000,2372.206673
2023.769842,1000,2372.856494
2145.687603,1000,2375.214996
2002.860139,1000,2375.872967
2258.878926,1000,2378.276185
2148.868231,1000,2378.928406
2095.174746,1000,2381.412939
2146.259698,1000,2382.065717
2111.7618,1000,2384.496032
2498.329674,1000,2385.156166
2156.907091,1000,2387.635608
1558.285804,1000,2388.297525
2173.923729,1000,2390.670471
2210.767752,1000,2391.310507
1918.005626,1000,2393.598024
2376.240588,1000,2394.255116
2316.938482,1000,2396.603202
2192.881241,1000,2397.310935
-68.831597,1000,2399.72503
2094.883819,1000,2400.370635
2391.408544,1000,2402.593149
2315.549498,1000,2403.226075
714.798907,1000,2405.710512
1949.19189,1000,2406.37139
2292.996039,1000,2408.845665
1072.982479,1000,2409.475151
2197.727212,1000,2411.876296
2308.193394,1000,2412.524955
572.730672,1000,2413.162941
2322.716143,1000,2415.687007
2208.594675,1000,2416.315812
1988.406803,1000,2418.77481
1416.248299,1000,2419.419882
2017.852696,1000,2421.852972
2196.438397,1000,2422.483175
1986.115678,1000,2424.914264
2191.130042,1000,2425.558766
2089.513408,1000,2428.092809
2172.391764,1000,2428.796409
2240.523258,1000,2431.332749
1330.262868,1000,2431.963375
1975.648446,1000,2434.45819
2189.516739,1000,2435.105822
374.201877,1000,2437.517008
1877.924722,1000,2438.177103
2247.697628,1000,2440.606756
2197.275211,1000,2441.30262
2170.513818,1000,2443.946964
360.142461,1000,2444.736428
2302.864814,1000,2447.335624
2358.957725,1000,2447.972095
724.773541,1000,2450.506043
677.854128,1000,2451.141663
2202.821681,1000,2453.511038
1930.209587,1000,2454.149164
2291.538651,1000,2456.549951
1985.164722,1000,2457.195603
2202.700505,1000,2459.560541
2338.34142,1000,2460.210654
2141.042127,1000,2462.751941
2057.493719,1000,2463.392619
2335.805124,1000,2465.850193
1067.381717,1000,2466.491497
2382.090163,1000,2468.946341
2366.853476,1000,2469.637675
2208.659235,1000,2472.054813
2344.093034,1000,2472.72028
1437.993269,1000,2475.241325
1587.17496,1000,2475.917627
1004.49413,1000,2478.373868
2175.332478,1000,2479.053265
2146.120016,1000,2479.701542
2200.878845,1000,2482.027145
2346.753498,1000,2482.674789
2245.861094,1000,2484.850714
-484.097345,1000,2485.502538
902.841758,1000,2487.884617
397.114846,1000,2488.533727
1956.264354,1000,2491.07843
-140.572785,1000,2491.721337
2143.874301,1000,2494.114791
2415.230638,1000,2494.739098
2268.660927,1000,2497.193873
1978.834499,1000,2497.96544
2234.298026,1000,2500.167906
2007.213546,1000,2500.806353
2095.074928,1000,2503.342804
2191.803367,1000,2504.041949
2139.770457,1000,2506.352847
2033.433442,1000,2506.994525
2097.688893,1000,2509.626787
2292.110291,1000,2510.268348
2216.689309,1000,2512.760375
2378.445032,1000,2513.416665
-691.635072,1000,2515.786645
2185.287747,1000,2516.481823
2258.057915,1000,2519.115946
2466.658971,1000,2519.77256
2031.762109,1000,2522.267237
321.671467,1000,2522.916272
1545.547937,1000,2525.216792
2149.806557,1000,2525.878743
2394.935768,1000,2528.354396
2310.109764,1000,2529.024977
2123.147919,1000,2531.505637
2004.070756,1000,2532.131693
2235.545502,1000,2534.647476
2219.149826,1000,2535.296829
2313.88523,1000,2537.6675
2392.745117,1000,2538.296795
469.410484,1000,2540.856871
2270.008414,1000,2541.488645
2310.922313,1000,2544.09641
2148.399406,1000,2544.762404
2187.17647,1000,2545.398859
2202.064451,1000,2547.962102
2147.362113,1000,2548.598205
2193.605579,1000,2550.936202
2305.522245,1000,2551.573135
2170.843853,1000,2554.034683
2303.324506,1000,2554.688984
2514.282266,1000,2557.262729
1679.282587,1000,2557.913657
2367.955985,1000,2560.465857
2422.803975,1000,2561.100717
2096.040622,1000,2563.595972
2313.274801,1000,2564.232979
2195.023862,1000,2566.873899
2591.428103,1000,2567.551139
2255.077646,1000,2570.128613
2333.339591,1000,2570.788675
2029.235267,1000,2573.338253
2397.981991,1000,2573.966074
1519.546693,1000,2576.413818
2463.308601,1000,2577.056709
2427.096274,1000,2579.56253
526.709118,1000,2580.251135
2306.93198,1000,2582.670026
2090.354399,1000,2583.32794
2129.319016,1000,2585.802189
2272.85185,1000,2586.50533
2362.313388,1000,2588.982367
2293.721282,1000,2589.623337
1688.116676,1000,2592.100376
2431.827226,1000,2592.751441
2375.766837,1000,2595.137543
2011.607618,1000,2595.776298
2248.237112,1000,2598.337074
2402.880071,1000,2598.975643
2199.893326,1000,2601.436665
2113.894937,1000,2602.076582
2414.800002,1000,2604.538275
2231.585847,1000,2605.166676
2447.390402,1000,2607.657281
2228.241942,1000,2608.317538
2249.852986,1000,2610.731283
2292.18399,1000,2611.365041
2449.03476,1000,2612.012487
2275.085265,1000,2614.440762
2467.869086,1000,2615.070706
2286.898886,1000,2617.417539
2266.508543,1000,2618.068456
2173.278148,1000,2620.619547
79.830797,1000,2621.258523
2197.567598,1000,2623.855963
2085.004192,1000,2624.480238
2104.904176,1000,2626.949737
2522.206725,1000,2627.588611
2361.645363,1000,2630.038186
-1359.033342,1000,2630.678857
1503.881549,1000,2633.153811
68.711639,1000,2633.805524
74.314393,1000,2636.424173
2174.186601,1000,2637.077882
1938.969931,1000,2639.67045
1946.365968,1000,2640.302147
2250.76323,1000,2642.816818
2321.0321,1000,2643.447471
2347.076117,1000,2646.007278
2163.997648,1000,2646.640747
1121.521794,1000,2649.193807
-179.386531,1000,2649.828208
-986.594873,1000,2652.192091
2471.5668,1000,2652.832357
2250.176373,1000,2655.20811
2390.457573,1000,2655.892543
-119.777193,1000,2658.371543
150.181733,1000,2659.015836
777.506019,1000,2661.489773
2406.975854,1000,2662.120577
-949.755092,1000,2664.656646
2287.718452,1000,2665.286226
2204.410145,1000,2667.808868
2207.101542,1000,2668.434381
1613.864088,1000,2670.920009
2286.381208,1000,2671.5514
322.887371,1000,2673.935553
854.838167,1000,2674.596168
2340.914431,1000,2677.138933
626.840659,1000,2677.773844
2199.421678,1000,2678.544495
2098.915188,1000,2681.097952
328.81468,1000,2681.746382
2239.272776,1000,2684.168446
533.276988,1000,2684.819054
277.806035,1000,2687.287656
251.584351,1000,2687.93297
2456.544296,1000,2690.412682
1755.648873,1000,2691.115031
-900.118877,1000,2693.594908
2039.009604,1000,2694.230049
2353.757597,1000,2696.828892
2277.160669,1000,2697.468559
-19.304732,1000,2699.960191
2198.76932,1000,2700.617799
2197.937693,1000,2703.227104
914.154364,1000,2703.870311
2378.34214,1000,2706.396196
21.781532,1000,2707.039888
2112.944743,1000,2709.617737
2073.624478,1000,2710.332625
2192.665841,1000,2712.754673
1594.042756,1000,2713.40788
2174.542375,1000,2715.972011
2246.890377,1000,2716.642046
2132.212184,1000,2719.15099
380.740497,1000,2719.794892
2009.290522,1000,2722.247477
2225.695645,1000,2722.878816
2188.719857,1000,2725.389677
-411.927357,1000,2726.070251
2211.69776,1000,2728.713233
-645.991133,1000,2729.410147
2523.34005,1000,2732.132582
2099.310608,1000,2732.787219
1729.572026,1000,2735.464239
2172.703441,1000,2736.114825
2212.77878,1000,2738.756261
2032.775278,1000,2739.39163
2074.328876,1000,2742.039134
2129.952128,1000,2742.701514
1863.431139,1000,2743.390663
1471.580693,1000,2746.079353
2235.24126,1000,2746.740701
2163.478748,1000,2749.474078
1932.820097,1000,2750.13556
2187.062707,1000,2752.620596
2227.017578,1000,2753.274072
2257.809323,1000,2755.728588
2144.461835,1000,2756.35343
2253.247268,1000,2758.786062
2183.590845,1000,2759.421541
2346.420982,1000,2761.984999
280.457502,1000,2762.621953
1762.572533,1000,2765.129918
167.047091,1000,2765.840058
2287.30493,1000,2768.363659
2082.065136,1000,2769.02597
2216.896322,1000,2771.609059
2191.394138,1000,2772.243928
398.940736,1000,2774.504323
877.094331,1000,2775.137227
2054.058251,1000,2777.800206
2137.640819,1000,2778.442129
2236.724491,1000,2781.073466
2087.256923,1000,2781.718357
2318.128606,1000,2784.113375
2484.301541,1000,2784.749509
1861.275681,1000,2787.377193
2307.345823,1000,2788.018038
2061.575343,1000,2790.593492
2309.282417,1000,2791.241225
2232.691236,1000,2793.765839
2199.074229,1000,2794.400381
2327.793483,1000,2796.894215
2196.559923,1000,2797.520313
2294.778022,1000,2799.989675
2181.056175,1000,2800.656569
2242.43095,1000,2803.300435
2459.075959,1000,2803.979701
2166.344419,1000,2806.639066
2241.231753,1000,2807.292969
2265.503798,1000,2809.954372
2160.589826,1000,2810.620113
2075.61906,1000,2811.248737
2077.270386,1000,2813.813586
2127.108358,1000,2814.485606
2308.22121,1000,2817.114367
2035.971207,1000,2817.815831
2000.208307,1000,2820.444679
1251.402352,1000,2821.125262
2231.774516,1000,2823.723885
2019.72628,1000,2824.385236
2166.323748,1000,2827.000635
2335.963214,1000,2827.711852
2330.513629,1000,2830.458849
2471.429017,1000,2831.157541
1839.20103,1000,2833.863815
2276.283467,1000,2834.542346
2373.749127,1000,2837.075642
2297.395158,1000,2837.710036
2223.455004,1000,2840.356427
2105.080613,1000,2841.019467
1033.911609,1000,2843.640212
-365.699994,1000,2844.286021
2048.794442,1000,2846.819842
2277.084063,1000,2847.462687
1913.649214,1000,2849.997693
2292.556051,1000,2850.641258
2219.470058,1000,2853.135479
2192.560961,1000,2853.786341
1551.478316,1000,2856.3803
1544.046033,1000,2857.031369
2271.580146,1000,2859.571431
2375.194383,1000,2860.272714
2251.38523,1000,2862.854783
2365.433578,1000,2863.588449
2355.527811,1000,2866.032778
2064.480387,1000,2866.671058
2449.241966,1000,2869.253479
24.787321,1000,2869.925947
2220.76327,1000,2872.467316
1960.971727,1000,2873.123717
2136.998666,1000,2875.531972
2333.24571,1000,2876.204014
2263.047949,1000,2878.78446
420.096165,1000,2879.507498
2326.479983,1000,2880.233295
1908.551745,1000,2882.910245
1156.818935,1000,2883.550416
2177.021099,1000,2886.036597
2345.744985,1000,2886.683754
2515.035432,1000,2889.206758
2414.998333,1000,2889.982774
2234.467128,1000,2892.832094
2265.088212,1000,2893.551486
2158.11286,1000,2896.385295
2194.416162,1000,2897.06742
259.828471,1000,2899.600677
1229.963972,1000,2900.261988
2365.54162,1000,2902.791771
2294.01232,1000,2903.474553
2227.101634,1000,2906.144407
2278.741959,1000,2906.835834
2270.915098,1000,2909.492729
2357.668171,1000,2910.157109
2254.873227,1000,2912.721434
2111.708964,1000,2913.444083
2394.860364,1000,2916.044557
2227.006773,1000,2916.707654
2163.888579,1000,2919.263209
2569.249588,1000,2919.973595
2284.689708,1000,2922.532051
2326.852228,1000,2923.174399
2522.649385,1000,2925.751209
1592.573841,1000,2926.44131
2517.551259,1000,2929.147408
1533.41896,1000,2929.903292
2350.809665,1000,2932.467595
2423.891064,1000,2933.180827
2383.082943,1000,2935.802457
2234.128343,1000,2936.525901
2330.593425,1000,2939.093155
2034.302359,1000,2939.846578
2262.710446,1000,2942.418702
1218.55377,1000,2943.129062
2363.117514,1000,2945.647228
2424.037683,1000,2946.334716
2552.843989,1000,2948.815603
2073.544153,1000,2949.584828
2258.001893,1000,2950.358506
-239.5382,1000,2952.921622
2262.974644,1000,2953.570817
2217.764952,1000,2956.101417
2384.057928,1000,2956.768977
2272.968637,1000,2959.341304
2146.452186,1000,2960.052434
2246.144898,1000,2962.641224
2094.668359,1000,2963.282228
-891.193456,1000,2965.885692
2093.784741,1000,2966.556199
1161.93317,1000,2968.994707
2199.245376,1000,2969.628351
2423.074626,1000,2972.228992
2040.878779,1000,2972.91899
2343.051395,1000,2975.581199
2105.087121,1000,2976.251515
2444.881396,1000,2978.815363
2010.237342,1000,2979.518252
2498.187732,1000,2982.146527
2263.538686,1000,2982.82875
2522.700436,1000,2985.437732
2360.933018,1000,2986.137304
1301.309402,1000,2988.623017
2706.86984,1000,2989.265333
2194.481113,1000,2991.8562
2198.137192,1000,2992.507926
2165.987815,1000,2995.026333
2298.424001,1000,2995.679909
2376.30785,1000,2998.289772
2544.243679,1000,2999.023572
2411.478004,1000,3001.601921
2299.966931,1000,3002.298506
-284.480766,1000,3004.998682
2197.181679,1000,3005.657758
-540.771994,1000,3008.163257
2209.816576,1000,3008.830461
2260.247341,1000,3011.477736
2027.262569,1000,3012.128769
2101.619623,1000,3014.74762
-814.395246,1000,3015.395735
-618.154455,1000,3017.758934
2284.683619,1000,3018.394367
2249.609888,1000,3019.029555
2498.921093,1000,3021.233997
2207.703251,1000,3021.87734
2477.587699,1000,3024.136763
2218.534904,1000,3024.770222
2286.496522,1000,3027.193719
2350.696234,1000,3027.910263
577.025619,1000,3030.415055
2148.151599,1000,3031.112405
2306.785035,1000,3033.446456
2226.709307,1000,3034.136313
2300.542089,1000,3036.440326
2291.935269,1000,3037.145695
2220.406552,1000,3039.483255
479.151984,1000,3040.141412
2318.546601,1000,3042.340092
2047.428294,1000,3042.970544
2239.02173,1000,3045.228447
1789.073377,1000,3045.912962
2347.946673,1000,3048.115118
2283.28293,1000,3048.740707
2205.053402,1000,3050.924915
61.652589,1000,3051.56855
2105.119484,1000,3053.757658
2147.930582,1000,3054.421691
1909.824398,1000,3056.698477
2185.419889,1000,3057.341264
2205.856127,1000,3059.665155
1470.882675,1000,3060.312617
2387.197003,1000,3062.543568
2543.607945,1000,3063.175455
2287.011796,1000,3065.395662
2248.548469,1000,3066.03441
2215.313086,1000,3068.230131
2399.811454,1000,3068.856146
