#{"t_start": 1534275590.1665154, "env_id": "HalfCheetah-v2"}
r,l,t
-667.235303,1000,1.106155
-775.162483,1000,2.513099
-791.330378,1000,9.412195
-882.781597,1000,10.814336
-737.84073,1000,17.292923
-776.526059,1000,18.400932
-766.044179,1000,25.036633
-848.573804,1000,26.234458
-708.077664,1000,32.666665
-815.066942,1000,33.82355
-760.398583,1000,39.921015
-698.103484,1000,41.062488
-744.850644,1000,47.77651
-600.925254,1000,48.972442
-566.645361,1000,55.431099
-696.135406,1000,56.674091
-769.663405,1000,63.317966
-703.966334,1000,64.271586
-664.2215,1000,70.691772
-653.439124,1000,71.668303
-556.640572,1000,78.472262
-711.530243,1000,79.582083
-680.956546,1000,85.676178
-541.368822,1000,86.646393
-599.888242,1000,93.207356
-519.704471,1000,94.357229
-525.720617,1000,100.76714
-654.133187,1000,101.75084
-614.506217,1000,107.960489
-501.45301,1000,109.179547
-580.05436,1000,115.219165
-573.153529,1000,116.47488
-626.487449,1000,122.742963
-512.017452,1000,123.883757
-519.153833,1000,130.070407
-498.499577,1000,131.063789
-514.684655,1000,137.114908
-517.611339,1000,138.264753
-462.470502,1000,144.553195
-507.565799,1000,145.549184
-457.462313,1000,151.740615
-568.337866,1000,152.796343
-431.704148,1000,153.943963
-464.24939,1000,160.856297
-478.271274,1000,161.822852
-473.563051,1000,168.168817
-457.000933,1000,169.337217
-456.260204,1000,175.870049
-391.090593,1000,176.878312
-464.795885,1000,183.062097
-509.838257,1000,184.314014
-426.577151,1000,191.467043
-348.95597,1000,192.676576
-432.760928,1000,199.32147
-409.448461,1000,200.305883
-406.843879,1000,206.858285
-434.520984,1000,207.809378
-374.103108,1000,213.779268
-324.594533,1000,215.09924
-329.705546,1000,221.050528
-456.935159,1000,222.205834
-399.889718,1000,228.174221
-390.356681,1000,229.329974
-255.464452,1000,235.469247
-518.868007,1000,236.454816
-345.596607,1000,242.48713
-360.72385,1000,243.490532
-316.634977,1000,249.708192
-471.412062,1000,251.296403
-372.330044,1000,257.4481
-304.851707,1000,258.413683
-513.006183,1000,264.283359
-210.058846,1000,265.324689
-266.205812,1000,271.561985
-303.700342,1000,272.90747
-378.827669,1000,279.211068
-243.869517,1000,280.327998
-291.812942,1000,286.467284
-297.566476,1000,287.555936
-227.00581,1000,293.659991
-292.806018,1000,294.913481
-258.181425,1000,301.442177
-269.595597,1000,302.642757
-233.873971,1000,308.317229
-209.365283,1000,309.475082
-190.913853,1000,310.570644
-329.562119,1000,316.755318
-225.234333,1000,317.795807
-288.041757,1000,323.986993
-286.878045,1000,324.96666
-236.029403,1000,330.644656
-266.926886,1000,331.613218
-226.367118,1000,337.124348
-280.073996,1000,338.093654
-267.705098,1000,344.487676
-157.918898,1000,345.860741
-226.980752,1000,352.307539
-203.678484,1000,353.385048
-143.54545,1000,358.825423
-214.982736,1000,359.878547
-209.747303,1000,366.619635
-186.750458,1000,367.779669
-178.161683,1000,373.820301
-202.027036,1000,374.786265
-168.678959,1000,380.886697
-215.643494,1000,382.069333
-188.282239,1000,388.293125
-223.576598,1000,389.503793
-233.84153,1000,395.938849
-142.669342,1000,397.222494
-90.532215,1000,403.919499
-90.364845,1000,405.058805
-165.277966,1000,411.142601
-148.722018,1000,412.282748
-15.810633,1000,418.829369
-25.051314,1000,420.192621
3.304926,1000,426.811728
-72.191577,1000,427.858951
-101.303283,1000,434.004629
-41.944537,1000,435.006991
-148.449043,1000,440.92114
-81.595529,1000,442.264989
15.467239,1000,449.625692
-108.830644,1000,450.799052
-11.963454,1000,456.929531
-5.734067,1000,458.306891
17.381543,1000,464.352442
91.364778,1000,465.701028
-73.449739,1000,466.717054
-55.942541,1000,473.094227
-73.475122,1000,474.106564
-5.548663,1000,480.145163
72.240597,1000,481.127569
33.556491,1000,487.645923
91.807463,1000,488.622976
94.255209,1000,494.928197
-1.943096,1000,495.962036
132.293707,1000,502.447499
72.05833,1000,503.431911
105.892979,1000,509.748043
105.308861,1000,510.724939
53.23496,1000,516.634237
1.952377,1000,517.760455
255.373457,1000,524.357929
169.070653,1000,525.345849
228.501408,1000,531.47533
142.65741,1000,532.85095
178.092499,1000,539.472552
288.680523,1000,540.808994
235.268827,1000,546.85006
339.171061,1000,548.13093
245.461863,1000,554.455687
264.491236,1000,555.474481
365.038855,1000,561.890679
-117.005989,1000,563.147875
443.03459,1000,569.399893
281.488167,1000,570.367506
250.266829,1000,576.879289
486.864637,1000,578.025913
290.012826,1000,583.815496
224.716227,1000,585.007604
-16.554969,1000,591.029462
350.359054,1000,592.13941
406.349226,1000,597.91217
397.23765,1000,599.017874
498.475801,1000,605.791363
199.560072,1000,606.959161
487.39488,1000,612.97941
510.425065,1000,614.175256
210.432995,1000,620.312971
-54.633867,1000,621.459332
551.957498,1000,622.681819
542.755356,1000,629.044641
532.253341,1000,630.021147
415.828576,1000,636.744147
712.513776,1000,637.766844
379.874211,1000,644.441972
570.425328,1000,645.494194
437.062397,1000,652.610487
428.084031,1000,653.896103
525.909377,1000,660.638578
576.91252,1000,661.83064
366.560614,1000,668.331695
630.053882,1000,669.487315
590.329201,1000,675.635384
720.930189,1000,676.634097
675.477017,1000,682.524436
345.166076,1000,683.544033
498.810029,1000,689.97471
668.311677,1000,690.949356
609.798214,1000,696.918099
693.003604,1000,697.921371
799.942371,1000,703.898632
462.870925,1000,704.866399
529.000776,1000,711.237111
702.502775,1000,712.221675
644.774782,1000,718.463764
771.648395,1000,719.577468
836.586052,1000,725.422652
511.74093,1000,726.502998
772.001799,1000,732.691153
746.269272,1000,734.020637
257.917072,1000,740.310303
737.504901,1000,741.502371
713.542601,1000,748.090904
531.685352,1000,749.204279
907.526592,1000,755.431213
698.313966,1000,756.718049
728.861625,1000,762.933249
695.846818,1000,763.913567
798.314011,1000,770.126227
834.456358,1000,771.120587
672.287308,1000,777.407955
721.319492,1000,778.763703
372.500454,1000,779.774911
978.405107,1000,785.967308
790.862387,1000,787.108447
900.371837,1000,793.202998
790.415807,1000,794.211668
738.32033,1000,800.158679
880.696682,1000,801.238195
767.347729,1000,807.373647
894.609572,1000,808.364366
881.586029,1000,814.64248
944.246806,1000,815.753655
788.352453,1000,822.225412
862.625161,1000,823.206284
654.207164,1000,829.539028
875.609969,1000,830.498999
819.765246,1000,836.787564
817.496498,1000,837.767454
958.06473,1000,843.630225
1000.433665,1000,844.696085
940.670229,1000,850.912999
962.329246,1000,851.872005
1026.116139,1000,858.075123
844.137689,1000,859.042465
906.720859,1000,865.40808
872.280512,1000,866.377368
701.926475,1000,872.842569
959.257888,1000,873.882777
906.830787,1000,880.574223
943.253305,1000,881.70876
806.610656,1000,888.582941
970.917786,1000,889.829664
991.668496,1000,895.676384
1073.941099,1000,896.704172
735.591344,1000,903.528509
1039.387836,1000,904.56624
972.869211,1000,910.228651
886.445521,1000,911.289146
847.64248,1000,917.35713
1027.521634,1000,918.415953
1152.653254,1000,925.19184
1055.951592,1000,926.171778
1132.469167,1000,927.143111
999.799625,1000,933.857306
999.455845,1000,934.830027
892.899164,1000,940.927861
1029.07904,1000,941.896719
1037.82663,1000,948.512686
918.132471,1000,949.56352
952.993286,1000,956.719334
1148.028823,1000,958.03202
973.909398,1000,964.309553
1066.989504,1000,965.40448
1011.570666,1000,971.708099
1117.313161,1000,972.681494
966.589002,1000,978.52279
1127.177924,1000,979.846606
1073.938911,1000,986.095385
1177.622236,1000,987.466465
1022.517833,1000,994.489461
1050.594268,1000,995.536143
1030.64193,1000,1001.449351
887.173949,1000,1002.458058
1082.130457,1000,1008.610976
1268.811707,1000,1009.582407
830.961941,1000,1015.479229
1107.136152,1000,1016.495123
979.643247,1000,1022.713135
969.525028,1000,1024.053358
1286.403075,1000,1030.91711
932.711011,1000,1032.090853
1026.672686,1000,1038.520537
1311.665413,1000,1039.627441
1053.177331,1000,1045.760614
1051.995264,1000,1046.761785
1036.647527,1000,1053.223135
1166.013298,1000,1054.360818
1154.358024,1000,1060.851717
1135.170808,1000,1061.832314
1162.720557,1000,1067.831247
878.007507,1000,1069.051708
1036.411245,1000,1075.106363
854.017952,1000,1076.09512
1215.633621,1000,1082.414767
1072.138258,1000,1083.435447
1207.312621,1000,1084.397227
1089.726965,1000,1090.50876
1260.940983,1000,1091.477821
1194.217593,1000,1097.742841
1296.606932,1000,1098.721923
1175.139317,1000,1104.799794
89.732064,1000,1105.954871
1191.462947,1000,1111.525269
1280.253998,1000,1112.611212
1083.297949,1000,1118.877232
1212.629298,1000,1119.844814
1165.471276,1000,1126.547002
1152.781163,1000,1127.727056
1215.467386,1000,1133.494756
1113.265885,1000,1134.458073
1181.161791,1000,1140.497628
1261.418008,1000,1141.490954
1163.420374,1000,1147.907417
1098.803886,1000,1149.329074
1190.017798,1000,1156.021994
1140.94091,1000,1157.217641
1172.3299,1000,1163.086754
1239.020961,1000,1164.081157
1232.499151,1000,1170.30516
1072.649064,1000,1171.281053
1107.568321,1000,1177.322248
1151.431721,1000,1178.343382
1031.984751,1000,1184.323947
987.359322,1000,1185.486183
1029.69332,1000,1191.836432
1253.249124,1000,1192.899899
1167.490463,1000,1198.861589
1153.481607,1000,1199.83592
1149.306493,1000,1206.036442
1381.102856,1000,1206.998355
1126.990614,1000,1212.903804
1109.414557,1000,1213.882069
1263.562194,1000,1220.114639
1216.313234,1000,1221.358935
1322.317335,1000,1226.784368
1054.976189,1000,1227.79987
1400.06407,1000,1233.492083
1246.612049,1000,1234.588928
1149.640379,1000,1235.547522
1272.447151,1000,1242.129905
1290.373074,1000,1243.103295
1296.060603,1000,1249.411596
1234.037613,1000,1250.639814
1208.581123,1000,1256.866823
1393.724812,1000,1257.827391
1234.237151,1000,1264.122872
1169.169852,1000,1265.093416
1183.516556,1000,1271.607648
1241.702717,1000,1272.573546
1280.66993,1000,1278.603624
1360.234747,1000,1279.730732
1448.356035,1000,1286.349177
1191.471867,1000,1287.318585
1247.054201,1000,1292.736327
1320.317646,1000,1293.722639
1152.600777,1000,1300.133584
1277.87669,1000,1301.462808
1334.21604,1000,1307.48183
1212.634883,1000,1308.631196
1352.907022,1000,1315.054362
1057.317211,1000,1316.033906
1204.258963,1000,1322.303314
1226.271719,1000,1323.51323
1247.408097,1000,1330.112297
1367.657987,1000,1331.145571
1421.605359,1000,1337.473886
1290.64389,1000,1338.445916
1285.914501,1000,1344.850419
1428.5614,1000,1345.829657
1326.171166,1000,1351.833939
1218.818308,1000,1353.168486
1177.015204,1000,1359.120692
1203.462049,1000,1360.274637
1362.903674,1000,1366.368976
1298.384233,1000,1367.365269
1251.331686,1000,1373.521247
1367.244562,1000,1374.710782
1332.905352,1000,1380.828723
1185.089571,1000,1381.898505
1244.288764,1000,1387.85988
1365.070175,1000,1388.872431
1222.625475,1000,1389.962091
1361.352204,1000,1396.373319
1373.496651,1000,1397.3667
1365.159406,1000,1403.396698
1259.09566,1000,1404.401107
1179.111236,1000,1410.634603
1265.917086,1000,1411.669156
1409.479234,1000,1418.060567
1372.15121,1000,1419.02013
1191.960314,1000,1425.466666
1283.792841,1000,1426.616562
1236.494005,1000,1432.996459
1406.767495,1000,1433.963134
1336.599432,1000,1440.944994
1419.65609,1000,1442.141661
1369.046329,1000,1447.904613
1447.306881,1000,1449.194416
1342.564556,1000,1455.755231
1398.931203,1000,1456.93769
1353.361619,1000,1463.30539
1322.288284,1000,1464.340526
1406.93642,1000,1470.890966
1286.539849,1000,1471.855616
1342.217816,1000,1478.011626
1467.484132,1000,1479.080593
1481.512269,1000,1485.955161
1278.622604,1000,1487.103486
1325.094483,1000,1492.678384
1434.529122,1000,1493.841267
1563.146049,1000,1499.968283
1527.429288,1000,1500.955176
1556.70487,1000,1506.896843
1397.790224,1000,1508.25548
1347.487297,1000,1514.872942
1465.909049,1000,1515.934601
1486.904903,1000,1522.174593
1378.169647,1000,1523.332726
1488.466042,1000,1529.981694
1713.198997,1000,1531.118776
1421.19926,1000,1538.109344
1637.410622,1000,1539.411101
1444.212396,1000,1545.7854
1400.972811,1000,1546.798962
1254.119845,1000,1547.766645
671.899099,1000,1554.320912
1339.425255,1000,1555.284906
1474.29517,1000,1561.855748
1431.336525,1000,1563.056453
942.892054,1000,1569.43258
1466.133016,1000,1570.557838
1331.750077,1000,1575.320302
147.756669,1000,1576.385555
1536.757833,1000,1582.726487
1623.482915,1000,1583.988198
1555.823274,1000,1590.349585
1534.755134,1000,1591.311969
1472.585363,1000,1596.977768
1556.191174,1000,1597.958483
1249.164037,1000,1604.491349
1577.29025,1000,1605.615495
1383.348002,1000,1612.492386
1454.542532,1000,1613.713688
1555.635807,1000,1620.269213
1319.279453,1000,1621.237363
1435.524926,1000,1627.515404
1416.221588,1000,1628.569736
1515.543566,1000,1634.210574
1234.072143,1000,1635.438673
1398.573517,1000,1641.610033
1414.788827,1000,1642.578959
1265.64667,1000,1649.091285
1406.435223,1000,1650.059458
1461.269332,1000,1656.694182
1529.604554,1000,1657.814196
1404.697354,1000,1664.200392
1596.403161,1000,1665.328819
1524.516424,1000,1670.563348
1489.949399,1000,1671.550768
1421.294097,1000,1677.112919
1441.3412,1000,1678.268051
1737.037143,1000,1684.111197
1652.388825,1000,1685.500655
1697.378296,1000,1691.639772
1487.63539,1000,1692.783658
1576.534575,1000,1699.508161
1412.743325,1000,1700.880996
1399.983352,1000,1701.980856
1432.54665,1000,1708.389268
1433.850249,1000,1709.404985
1693.696572,1000,1715.706973
1471.387165,1000,1716.870815
1581.07654,1000,1723.365495
1493.668723,1000,1724.336229
1452.448693,1000,1730.374132
1819.302245,1000,1731.363425
1539.417906,1000,1737.647683
1269.018237,1000,1738.662663
1522.377103,1000,1744.924326
1537.908352,1000,1745.904944
1409.784059,1000,1752.327916
1340.841317,1000,1753.480107
1548.319038,1000,1760.07951
1537.594888,1000,1761.074609
1620.666065,1000,1767.63529
1631.804855,1000,1768.84096
1685.717911,1000,1775.139951
1576.06762,1000,1776.353881
1747.564082,1000,1782.838878
1482.270417,1000,1783.914536
1713.191096,1000,1790.098046
1579.359095,1000,1791.300127
1515.2182,1000,1797.912358
1497.112037,1000,1798.87174
1731.977688,1000,1804.961024
1544.937634,1000,1805.929848
1616.849282,1000,1812.134795
1581.019545,1000,1813.476276
1620.140425,1000,1819.352056
1614.731162,1000,1820.315987
1867.307732,1000,1827.212104
1868.511502,1000,1828.309345
1698.55608,1000,1834.114478
1494.48955,1000,1835.228912
1648.680033,1000,1841.864018
1541.258074,1000,1843.074034
1618.36035,1000,1849.112544
1777.382494,1000,1850.179247
1457.935763,1000,1851.132151
1804.117513,1000,1858.02886
1750.636117,1000,1859.313208
1694.35166,1000,1865.152243
1705.789055,1000,1866.234393
1421.197537,1000,1872.718479
1817.817974,1000,1873.735988
1586.837254,1000,1879.72745
1558.197785,1000,1880.72389
1550.317468,1000,1886.963322
1771.450054,1000,1888.160866
1635.55698,1000,1894.236398
1622.466041,1000,1895.259293
1671.686301,1000,1901.463109
1699.242081,1000,1902.429613
1674.297705,1000,1909.20664
1699.652964,1000,1910.42462
1734.218602,1000,1917.53752
1694.498978,1000,1918.614295
1660.488296,1000,1925.100822
1485.750824,1000,1926.059261
1989.320664,1000,1932.332664
1537.69104,1000,1933.525834
1753.53371,1000,1940.153516
1691.023518,1000,1941.264252
1799.068232,1000,1947.6652
1758.855157,1000,1948.687604
1651.694978,1000,1954.772298
1773.11856,1000,1955.733252
1795.986527,1000,1962.134135
1844.577045,1000,1963.302516
1694.198988,1000,1969.811703
1934.654501,1000,1970.922308
1741.959787,1000,1977.198288
889.65321,1000,1978.489183
1625.760999,1000,1984.995521
1783.386526,1000,1986.043876
1847.121977,1000,1992.53569
1770.126912,1000,1993.583315
1592.320878,1000,1999.164855
1880.721157,1000,2000.31631
1647.045947,1000,2006.157422
1797.977612,1000,2007.326709
1773.754717,1000,2008.389527
1904.14291,1000,2014.725283
1789.393745,1000,2015.756882
2019.842472,1000,2021.520581
2205.905169,1000,2022.480103
1509.576787,1000,2028.329306
1627.729247,1000,2029.570286
1721.262298,1000,2035.626855
1779.45945,1000,2036.584435
1934.684435,1000,2042.904927
1816.034191,1000,2044.00318
1811.912095,1000,2050.541329
1875.242885,1000,2051.616009
1636.338186,1000,2057.810346
1874.549447,1000,2058.796902
1908.268622,1000,2065.045682
1867.313467,1000,2065.999838
2046.809909,1000,2072.777661
2032.580287,1000,2073.754064
1858.418415,1000,2080.480239
1750.726156,1000,2081.467069
2032.392902,1000,2088.130828
1924.297025,1000,2089.271083
1948.605941,1000,2094.633952
2072.01055,1000,2095.625502
1720.913392,1000,2102.51322
1952.342805,1000,2103.675511
2048.892622,1000,2109.867045
1812.948538,1000,2110.935344
1830.557222,1000,2116.900781
2002.817926,1000,2117.882061
1755.54727,1000,2123.974108
1900.794103,1000,2124.977224
1925.087537,1000,2131.281947
1997.831082,1000,2132.292382
1938.03965,1000,2138.576307
2036.211176,1000,2139.555331
1813.449841,1000,2146.057915
1894.472862,1000,2147.111895
2068.330029,1000,2153.412531
1890.931884,1000,2154.463889
1724.683926,1000,2160.732656
709.504811,1000,2161.821081
1819.810929,1000,2162.872755
2251.624706,1000,2168.631916
1957.447807,1000,2169.695941
1980.526009,1000,2175.959273
1737.857082,1000,2176.925601
1931.896432,1000,2183.432134
1924.74616,1000,2184.409378
1821.207831,1000,2190.690913
1957.752474,1000,2191.892797
1842.387883,1000,2198.254722
2093.13473,1000,2199.219167
1966.421033,1000,2205.569836
1683.025644,1000,2206.727799
1780.553044,1000,2213.765329
1947.384207,1000,2214.809379
2033.282582,1000,2220.56432
2009.27229,1000,2221.576635
1850.662037,1000,2227.794186
2344.203395,1000,2228.753362
1919.358495,1000,2235.834216
2013.871987,1000,2236.915318
2114.977926,1000,2242.917748
1621.712519,1000,2243.891001
1713.896388,1000,2250.279902
2192.253583,1000,2251.317437
1959.803315,1000,2257.896324
1576.885116,1000,2259.030648
2275.25326,1000,2265.095836
2260.946098,1000,2266.1876
2139.268186,1000,2272.957841
2073.521224,1000,2273.938669
2047.517405,1000,2279.966079
2149.041945,1000,2280.950804
2099.744807,1000,2287.759747
2274.938538,1000,2288.733109
1933.98401,1000,2294.32482
1909.893029,1000,2295.285354
950.921423,1000,2301.627423
1915.205386,1000,2302.775767
1752.717031,1000,2309.650655
1988.562936,1000,2310.631308
2069.452708,1000,2315.57259
1554.628965,1000,2316.670207
2052.076541,1000,2317.718437
1907.033822,1000,2323.552428
2010.105103,1000,2324.511755
1952.396003,1000,2330.480579
1630.306071,1000,2331.502647
1962.299565,1000,2337.928455
2095.042495,1000,2338.901881
1927.735994,1000,2345.399947
1797.003781,1000,2346.412925
2037.760152,1000,2353.259447
1944.528954,1000,2354.226705
1994.305028,1000,2360.145185
1833.466579,1000,2361.107626
1821.053252,1000,2367.183113
1911.977183,1000,2368.408588
2003.641112,1000,2374.792562
2110.605181,1000,2375.777813
1858.965916,1000,2382.529005
2234.380704,1000,2383.560689
1820.486624,1000,2389.695107
2218.564428,1000,2390.878255
1894.903161,1000,2397.763025
1896.803955,1000,2398.832332
1996.671617,1000,2405.286082
2360.013619,1000,2406.456876
1961.938627,1000,2412.11068
2102.976481,1000,2413.076483
1951.954852,1000,2419.421341
2079.130614,1000,2420.706272
2346.403619,1000,2427.240493
2051.386386,1000,2428.583576
254.717595,1000,2434.836296
2188.582111,1000,2435.807828
2164.462479,1000,2442.325407
2161.682008,1000,2443.698316
1974.431814,1000,2450.184154
2094.174589,1000,2451.56104
2010.574639,1000,2458.009146
2192.655681,1000,2459.110495
1066.046131,1000,2465.057886
2146.527857,1000,2466.322109
2123.193247,1000,2472.343637
2134.136423,1000,2473.612714
2179.564127,1000,2474.679518
1889.733543,1000,2481.414229
2102.26613,1000,2482.385932
1902.515659,1000,2488.937462
2206.285277,1000,2489.89555
2081.963918,1000,2496.278492
1864.451381,1000,2497.401423
2253.859442,1000,2503.905149
1932.041467,1000,2504.937348
2166.101283,1000,2511.211767
2230.932576,1000,2512.181156
2117.728946,1000,2518.917024
2031.145955,1000,2519.893118
2387.516336,1000,2526.098005
2295.572885,1000,2527.508752
1689.800308,1000,2533.269776
1718.964109,1000,2534.357778
1693.338186,1000,2540.60766
2069.794932,1000,2541.714902
2144.29596,1000,2548.343182
1970.372935,1000,2549.324416
2282.652029,1000,2555.403503
2154.136959,1000,2556.648195
2225.62998,1000,2563.101574
2268.09483,1000,2564.264721
2146.762004,1000,2570.555277
2302.088051,1000,2571.671915
2174.39112,1000,2578.265138
2045.298545,1000,2579.406898
2311.48051,1000,2586.12389
2135.716536,1000,2587.22687
2060.754054,1000,2593.777302
2114.286735,1000,2595.158812
2115.697378,1000,2601.49508
2208.746684,1000,2602.736829
2138.977273,1000,2608.656501
2026.864312,1000,2609.648197
1991.315558,1000,2615.52514
2107.39971,1000,2616.662923
2281.905191,1000,2622.792851
2170.479321,1000,2623.911814
2039.196679,1000,2630.161559
2327.709638,1000,2631.275284
1949.792972,1000,2632.244742
2206.971332,1000,2638.865159
2252.523862,1000,2640.19276
2167.954267,1000,2646.33468
2257.542984,1000,2647.305015
2067.554339,1000,2653.949028
2043.252254,1000,2655.089664
2261.763352,1000,2661.845307
2225.174712,1000,2662.819238
2318.897517,1000,2669.369264
2306.496896,1000,2670.347168
1890.417013,1000,2676.319237
1750.284102,1000,2677.360622
2137.344388,1000,2683.696451
1969.508973,1000,2684.663526
1924.944807,1000,2691.029029
2048.404574,1000,2692.250901
2073.130872,1000,2699.196755
2274.703085,1000,2700.494352
2060.541658,1000,2707.123007
2205.709576,1000,2708.092482
1990.9335,1000,2714.75781
1966.28106,1000,2715.932061
2344.154514,1000,2721.908902
1992.055817,1000,2722.888584
2058.637406,1000,2728.82035
2148.937006,1000,2729.848553
2410.9375,1000,2736.356697
2352.060949,1000,2737.319319
2008.493821,1000,2743.353967
2442.308306,1000,2744.371895
2078.504519,1000,2750.504242
2053.348859,1000,2751.765268
2440.164471,1000,2758.212323
2290.821056,1000,2759.375902
2174.145427,1000,2765.983864
2063.78763,1000,2767.137529
2199.729635,1000,2773.687534
2292.683833,1000,2774.806422
2424.217927,1000,2781.655256
1968.97688,1000,2782.820062
2042.839738,1000,2783.985155
2442.741073,1000,2790.042211
2062.166042,1000,2791.012537
2022.527759,1000,2797.284285
2103.370445,1000,2798.250776
2132.538422,1000,2804.594362
2003.872033,1000,2805.548073
2221.626907,1000,2811.965391
2313.52729,1000,2812.94232
2054.255492,1000,2819.039599
1986.094029,1000,2820.184329
1826.823098,1000,2827.029651
2151.951618,1000,2828.60498
2439.139383,1000,2835.406285
1973.697134,1000,2836.549357
2053.45661,1000,2842.664757
2212.583213,1000,2843.599266
2259.257861,1000,2849.558206
2273.222422,1000,2850.816834
2488.919419,1000,2857.559925
2313.738319,1000,2858.610652
2146.608887,1000,2864.669969
2420.620655,1000,2865.720298
2283.809212,1000,2871.81262
2162.275156,1000,2872.836864
2519.09185,1000,2878.920235
2427.235489,1000,2879.983812
2253.671075,1000,2886.174323
2360.325486,1000,2887.281512
2455.574755,1000,2893.213635
2278.196027,1000,2894.379083
2088.744776,1000,2900.522056
2051.91269,1000,2901.672827
2622.979345,1000,2907.87531
2027.414736,1000,2909.043788
2544.442424,1000,2915.135132
1944.419981,1000,2916.106132
2354.24161,1000,2922.764528
2308.43768,1000,2923.93967
1994.249682,1000,2930.437899
2204.395774,1000,2931.744509
2346.878522,1000,2938.228402
2199.089098,1000,2939.339869
2444.81764,1000,2940.311247
2283.840199,1000,2945.947533
2454.186398,1000,2946.922017
2028.678596,1000,2953.186482
2146.06118,1000,2954.241462
2337.795649,1000,2960.547645
2335.715043,1000,2961.568472
2483.591274,1000,2968.198261
2282.20219,1000,2969.262315
2446.976357,1000,2975.490359
1955.658989,1000,2976.4644
2182.265143,1000,2982.557678
2377.86076,1000,2983.538774
2376.94127,1000,2989.940313
2319.689836,1000,2990.91012
2108.594076,1000,2996.991137
2350.115782,1000,2997.982087
2301.032628,1000,3004.140958
2292.194405,1000,3005.124102
2219.047112,1000,3011.288163
2392.03863,1000,3012.255426
2138.004514,1000,3018.291017
2481.297736,1000,3019.672139
2283.867872,1000,3025.163955
2275.143271,1000,3026.13477
2282.144146,1000,3032.626519
2455.139657,1000,3033.739708
2449.904437,1000,3039.922675
2291.501102,1000,3041.032276
2220.63984,1000,3047.349227
2321.474443,1000,3048.550284
2438.295628,1000,3054.686545
2260.401142,1000,3055.850839
2363.881874,1000,3061.986376
2475.269903,1000,3062.998732
2233.353155,1000,3069.577462
984.597151,1000,3070.640311
2539.37573,1000,3076.754888
2600.43354,1000,3077.831265
2010.721333,1000,3082.831585
2539.732027,1000,3083.990228
2155.116477,1000,3090.424013
2176.345935,1000,3091.434488
2275.029195,1000,3092.406932
2333.695442,1000,3098.487568
2322.585506,1000,3099.722171
2340.333622,1000,3107.606321
2286.158921,1000,3109.000562
2389.164581,1000,3116.796651
2197.673698,1000,3118.125842
2215.322749,1000,3124.675034
2425.047983,1000,3125.924708
2540.164484,1000,3132.436629
2355.030588,1000,3133.600513
2284.689937,1000,3139.455912
2435.445863,1000,3140.501359
2459.244726,1000,3147.064933
2193.017573,1000,3148.290928
2640.316851,1000,3154.906137
2415.513179,1000,3156.080751
2054.611459,1000,3162.355446
2546.880085,1000,3163.32658
2452.803392,1000,3170.438412
2404.05433,1000,3171.88042
2245.549289,1000,3179.376137
2342.630045,1000,3180.483757
2331.570593,1000,3187.429671
2374.477111,1000,3188.771132
2439.807292,1000,3195.621382
2449.881134,1000,3196.781975
2402.287412,1000,3204.138383
2303.237131,1000,3205.309045
2600.840406,1000,3211.877626
2324.22197,1000,3212.98993
2431.52018,1000,3220.115225
2594.706064,1000,3221.267553
2398.840838,1000,3227.342923
2101.784681,1000,3228.304343
2423.752788,1000,3234.989421
2354.351951,1000,3236.050861
2490.3694,1000,3242.521007
2367.493122,1000,3243.613877
2062.89808,1000,3249.785784
2359.934378,1000,3250.811457
2662.736686,1000,3257.097178
2325.570293,1000,3258.221581
2579.359437,1000,3259.376522
2591.702181,1000,3265.78584
2053.590031,1000,3266.749548
2551.706317,1000,3272.570123
2166.657748,1000,3273.911963
2478.727593,1000,3280.808613
2356.989481,1000,3281.878249
2470.237814,1000,3287.961142
2390.328807,1000,3288.965872
2482.327667,1000,3295.290529
2437.026019,1000,3296.266932
2664.012957,1000,3302.317153
2328.256954,1000,3303.398056
2501.185067,1000,3309.68398
2260.90435,1000,3310.679397
2335.698174,1000,3317.134865
2474.241141,1000,3318.267737
2253.283527,1000,3324.132921
2504.4952,1000,3325.278311
2365.576043,1000,3331.893075
2491.154578,1000,3333.038736
2382.605149,1000,3339.533068
2725.612551,1000,3340.611699
2415.032566,1000,3346.542222
2394.150453,1000,3347.510144
1624.096605,1000,3354.124804
2607.221285,1000,3355.167584
2519.616381,1000,3361.477514
2214.492788,1000,3362.686577
2732.438304,1000,3369.490758
2338.713916,1000,3370.656561
2567.608493,1000,3376.223045
2387.85319,1000,3377.422983
2571.160124,1000,3383.463685
2020.577566,1000,3384.471334
2493.653602,1000,3391.19363
2479.344622,1000,3392.218752
2189.99602,1000,3398.713422
2432.895049,1000,3399.878517
2044.179283,1000,3406.249568
2449.981899,1000,3407.250574
2304.668651,1000,3413.199848
2165.903297,1000,3414.347473
2538.641144,1000,3415.299144
2125.204778,1000,3421.616183
2435.551997,1000,3422.591003
2505.462658,1000,3428.763602
2440.084604,1000,3429.740975
2160.10294,1000,3435.884366
2553.821564,1000,3436.842169
2632.740436,1000,3442.942407
2438.983569,1000,3443.91211
2336.994858,1000,3449.570735
2322.447936,1000,3450.578434
2138.457187,1000,3456.56722
2278.414521,1000,3457.742079
2562.740974,1000,3464.819082
2278.96512,1000,3465.784689
2512.986607,1000,3472.633719
2535.870828,1000,3473.643305
2685.898153,1000,3480.624941
2457.889667,1000,3481.833727
2564.031357,1000,3487.868348
2466.983633,1000,3488.832697
2482.07064,1000,3494.946541
2634.527399,1000,3496.130563
2410.441877,1000,3502.851155
2210.450016,1000,3503.819093
2157.981606,1000,3509.348377
2549.006008,1000,3510.359999
2504.271925,1000,3516.811438
1812.152309,1000,3517.839207
2495.147765,1000,3524.283102
2399.22909,1000,3525.316639
2722.30692,1000,3531.572197
2350.455449,1000,3532.544488
2622.639093,1000,3538.518685
2289.23048,1000,3539.615019
2451.310436,1000,3545.686178
2201.274572,1000,3546.851313
2566.15374,1000,3552.816741
2400.657159,1000,3553.785139
2645.268123,1000,3559.141347
2795.134399,1000,3560.227893
2721.48841,1000,3566.869467
2616.928472,1000,3568.072623
2449.191107,1000,3569.236692
2651.839815,1000,3575.509984
2449.188576,1000,3576.468863
2457.928777,1000,3582.87528
2626.058676,1000,3583.835993
2483.090808,1000,3589.764104
2296.681979,1000,3590.913651
2511.309101,1000,3596.480338
2590.843716,1000,3597.550754
2521.770063,1000,3603.413805
2374.7631,1000,3604.576832
2539.866191,1000,3610.932912
2722.186931,1000,3612.262321
2228.915962,1000,3618.821204
2352.715045,1000,3620.122753
2151.797928,1000,3626.663945
2428.535934,1000,3627.824682
2267.730778,1000,3633.771259
2674.777049,1000,3634.727576
2521.478086,1000,3641.19498
2661.88343,1000,3642.336989
2721.8266,1000,3648.843123
2680.358956,1000,3649.886421
2572.873344,1000,3657.01737
2607.329658,1000,3658.162804
2059.065463,1000,3664.838199
2546.235667,1000,3665.830404
2227.968579,1000,3672.688253
2337.75426,1000,3673.74791
2762.541004,1000,3679.866079
2369.584831,1000,3681.0924
2312.38478,1000,3687.299518
2420.202714,1000,3688.358141
805.585711,1000,3694.289919
2403.905813,1000,3695.258556
2487.069379,1000,3701.492903
2574.411655,1000,3702.639467
2568.257416,1000,3709.109649
2751.207257,1000,3710.259423
2595.872772,1000,3716.494236
2621.76092,1000,3717.648126
2328.587167,1000,3718.773005
2327.800089,1000,3724.335096
2146.924191,1000,3725.316706
2395.851933,1000,3731.58403
2700.275912,1000,3732.74095
2323.558921,1000,3739.179166
2629.928415,1000,3740.722899
2609.558511,1000,3746.885334
2563.557219,1000,3747.849299
2748.547785,1000,3754.057812
2735.400616,1000,3755.04333
2435.906654,1000,3761.242763
1869.613413,1000,3762.595076
2072.724895,1000,3768.950897
2646.157482,1000,3770.264212
2592.84938,1000,3776.533354
2428.401906,1000,3777.640842
2473.310727,1000,3783.824975
2509.269794,1000,3784.967989
2435.826425,1000,3791.083696
2751.772538,1000,3792.262007
2661.34647,1000,3798.264068
2931.343642,1000,3799.415771
2838.371007,1000,3805.854489
2181.195863,1000,3807.193929
2620.134382,1000,3814.147729
2515.223567,1000,3815.229779
2441.63781,1000,3821.140669
2495.735717,1000,3822.356366
2334.772835,1000,3828.438879
2429.82442,1000,3829.543885
2782.694508,1000,3835.914881
2622.059483,1000,3836.882175
2627.781759,1000,3842.661734
2567.122433,1000,3843.742803
2691.291516,1000,3849.943949
2539.003084,1000,3850.928089
2659.478262,1000,3857.033134
2745.601169,1000,3858.319361
2624.382387,1000,3865.031516
2479.027991,1000,3866.1141
2422.070069,1000,3872.450025
2680.34382,1000,3873.597803
2926.147508,1000,3874.622443
2356.578853,1000,3880.695694
2504.129317,1000,3881.672503
2882.843653,1000,3888.139536
2663.381688,1000,3889.221365
2603.319015,1000,3895.797606
2799.01456,1000,3896.944348
2263.767421,1000,3903.641158
2522.730587,1000,3904.657242
2593.827258,1000,3911.216921
1205.385851,1000,3912.270855
2273.149783,1000,3918.67535
2409.574204,1000,3919.64276
2649.136839,1000,3926.052537
2828.888124,1000,3927.270026
2707.571849,1000,3933.805129
1354.706766,1000,3934.775889
2779.153359,1000,3941.256921
2303.532767,1000,3942.459018
2790.503646,1000,3948.729911
2482.370111,1000,3949.718439
2370.246147,1000,3956.406052
2474.340876,1000,3957.374681
2568.108078,1000,3963.325803
2274.817019,1000,3964.449337
2434.519579,1000,3971.108061
2659.016803,1000,3972.202759
2598.851112,1000,3978.016571
2168.970933,1000,3979.117603
1246.794149,1000,3985.204627
2331.605421,1000,3986.179553
2587.167208,1000,3991.943957
2627.671876,1000,3993.383389
2595.814261,1000,3999.822024
2679.409901,1000,4000.804683
2473.617758,1000,4007.092791
2438.744369,1000,4008.283985
2586.989225,1000,4014.615205
2461.673705,1000,4015.886916
2275.185656,1000,4021.854248
784.140092,1000,4023.039716
2713.021725,1000,4029.330197
2395.170704,1000,4030.548795
2691.2068,1000,4031.686865
2649.523875,1000,4038.736856
2620.388527,1000,4039.706179
2725.606067,1000,4045.803891
2869.320706,1000,4046.785306
2703.431767,1000,4052.653348
2465.46632,1000,4053.629234
2463.79416,1000,4059.922361
2720.008534,1000,4061.076726
2962.499371,1000,4067.318459
2702.891914,1000,4068.482102
2229.296419,1000,4074.475303
2629.06002,1000,4075.542813
2643.216419,1000,4081.757495
2601.94175,1000,4082.908476
2604.375951,1000,4089.095336
2347.462325,1000,4090.153601
2952.598848,1000,4096.404446
2908.189372,1000,4097.392942
2021.825512,1000,4103.513241
2363.983035,1000,4104.667632
2775.708937,1000,4110.834103
2815.914317,1000,4111.941817
2444.937209,1000,4117.986808
2726.569591,1000,4119.135123
2727.472593,1000,4125.458948
2683.539671,1000,4126.553529
2616.818465,1000,4132.586215
2475.970407,1000,4133.598274
2508.214832,1000,4140.177256
2695.566657,1000,4141.549423
2596.500931,1000,4148.075094
2854.748336,1000,4149.124661
2727.828291,1000,4155.626882
2682.801079,1000,4156.632965
2519.919321,1000,4162.35561
2569.369014,1000,4163.403341
2623.691895,1000,4169.667072
2448.984689,1000,4170.772719
2681.933731,1000,4176.856583
2588.414372,1000,4178.095522
2518.528361,1000,4184.156375
2856.205887,1000,4185.445195
2544.165878,1000,4186.514183
2293.135917,1000,4191.688453
2525.826116,1000,4192.732819
2301.326254,1000,4198.754758
1526.330623,1000,4199.739225
2635.555769,1000,4206.238281
2706.00605,1000,4207.316297
2682.51225,1000,4213.854741
2874.879935,1000,4214.892931
2504.316019,1000,4221.277246
1996.327824,1000,4222.533308
2556.239127,1000,4229.062185
2738.208331,1000,4230.033988
2404.659948,1000,4235.708658
2664.79834,1000,4236.680125
2762.387803,1000,4242.907274
2713.046982,1000,4243.971718
2301.509204,1000,4250.39943
2124.924586,1000,4251.397999
2645.658977,1000,4257.21754
2448.690083,1000,4258.170653
2845.40811,1000,4263.297074
2803.191712,1000,4264.434179
2809.503514,1000,4270.413859
1983.300181,1000,4271.381146
2767.343123,1000,4277.730202
2799.371454,1000,4278.718769
2468.934904,1000,4284.780238
2590.475659,1000,4285.946125
2610.233978,1000,4292.131238
2585.173007,1000,4293.23822
2392.615113,1000,4299.758098
1123.905516,1000,4301.001292
2651.233185,1000,4306.989959
2816.813817,1000,4308.211256
2902.580998,1000,4314.540942
2737.473107,1000,4315.588967
2810.725667,1000,4321.401418
663.901804,1000,4322.36674
2547.483563,1000,4328.426339
2263.831896,1000,4329.406184
2413.834872,1000,4335.683132
2735.195434,1000,4337.037634
2654.627474,1000,4338.102435
2875.172754,1000,4344.564173
2749.968229,1000,4345.530073
2909.384139,1000,4351.409721
2576.504022,1000,4352.569949
2594.348904,1000,4358.540463
2429.444381,1000,4359.543276
2644.555296,1000,4365.738897
2729.877599,1000,4366.982777
2651.781867,1000,4373.026474
2588.869065,1000,4374.208575
2725.37547,1000,4379.948421
2871.469702,1000,4380.918248
2852.520342,1000,4386.861861
2582.506045,1000,4387.99187
2645.586518,1000,4394.717196
2633.246773,1000,4395.887705
2528.074743,1000,4402.634587
2512.231438,1000,4403.939788
2781.346521,1000,4410.933851
2963.900111,1000,4412.093045
2801.441255,1000,4417.345861
2346.97584,1000,4418.32374
2764.149959,1000,4425.234047
2564.740306,1000,4426.629511
2597.464729,1000,4432.912607
2214.130529,1000,4434.033045
2351.879975,1000,4440.366295
754.107859,1000,4441.415412
2171.890115,1000,4447.15196
2454.599601,1000,4448.440009
2592.005993,1000,4454.516537
2833.895606,1000,4455.535132
2840.939969,1000,4462.309546
2890.923671,1000,4463.380753
2602.522255,1000,4469.791163
2690.794704,1000,4471.052223
2319.637513,1000,4477.352209
2221.004752,1000,4478.333939
2670.550205,1000,4485.056281
2530.076797,1000,4486.08602
2656.042927,1000,4492.160867
2108.503403,1000,4493.21772
2525.407003,1000,4494.177315
2751.48874,1000,4500.19925
2452.648497,1000,4501.170491
2964.206631,1000,4507.740278
2796.607674,1000,4508.728396
2714.973046,1000,4515.055763
2909.414716,1000,4516.039609
2933.875357,1000,4522.256539
2668.139063,1000,4523.427613
2709.213957,1000,4529.506346
2420.291602,1000,4530.476993
2802.2672,1000,4536.947937
2545.187127,1000,4538.011618
2495.126832,1000,4543.964653
2238.606054,1000,4544.944988
2565.223769,1000,4551.254755
2641.964175,1000,4552.223885
2640.227827,1000,4558.129946
2406.703798,1000,4559.333959
2322.126279,1000,4565.926648
2879.866118,1000,4567.092579
2920.58496,1000,4573.617713
2583.000521,1000,4574.787468
2926.53344,1000,4580.785433
3081.338711,1000,4581.884778
3014.627543,1000,4587.78658
2890.805776,1000,4588.802165
2352.890809,1000,4595.440696
2632.692593,1000,4596.665346
2291.463903,1000,4603.122061
2698.44668,1000,4604.28458
2438.578441,1000,4610.351253
2376.000027,1000,4611.318274
2688.111716,1000,4617.403391
2610.889148,1000,4618.386092
2538.763646,1000,4624.247428
2561.742003,1000,4625.349851
2727.397186,1000,4630.90464
2587.594281,1000,4632.499257
2531.408436,1000,4639.225392
2819.967767,1000,4640.355864
2530.512115,1000,4641.580115
2589.470537,1000,4647.715339
2844.246984,1000,4648.870746
2428.786378,1000,4655.442545
2121.376854,1000,4656.429204
2975.028989,1000,4662.723657
2606.253765,1000,4664.273392
2784.291304,1000,4671.030182
2503.805873,1000,4672.089886
2439.950411,1000,4678.497153
2582.827326,1000,4679.529045
2988.512623,1000,4686.041101
2399.574761,1000,4687.482867
2805.668161,1000,4693.739626
2539.81281,1000,4694.85156
2943.187289,1000,4701.190161
2675.937365,1000,4702.303514
2496.855387,1000,4708.561018
2637.586778,1000,4709.544512
2977.410951,1000,4716.016057
2868.151536,1000,4717.384425
2638.169848,1000,4723.711797
2547.827948,1000,4724.783023
2664.525276,1000,4730.609855
2957.995099,1000,4731.588671
3012.477176,1000,4737.542719
2554.853429,1000,4738.801401
2943.037321,1000,4744.961471
2977.951291,1000,4746.099005
2295.623089,1000,4752.782773
2780.290449,1000,4753.906826
2623.309147,1000,4760.718871
2777.542953,1000,4761.987708
2690.545205,1000,4768.048555
2595.856363,1000,4769.062834
2390.579576,1000,4775.5574
3039.939523,1000,4776.693344
2848.15949,1000,4783.18833
2907.389371,1000,4784.389768
2946.307851,1000,4790.94173
2966.071897,1000,4792.086378
2881.018937,1000,4797.890861
2358.469042,1000,4798.959141
2867.772646,1000,4799.928775
2382.919209,1000,4806.491879
2904.306401,1000,4807.451518
2723.523015,1000,4814.04569
2615.450033,1000,4815.203588
2805.665711,1000,4822.055874
2379.111424,1000,4823.213376
2847.047666,1000,4829.774097
2578.836377,1000,4830.840652
2871.210549,1000,4837.047657
2715.656688,1000,4838.013518
2882.135935,1000,4844.390401
2394.69865,1000,4845.545925
760.887208,1000,4851.501455
3202.160547,1000,4852.468971
2433.227857,1000,4858.763401
2607.873152,1000,4859.802214
2767.074448,1000,4866.017491
2879.306363,1000,4867.070956
2782.860179,1000,4873.136112
2969.831538,1000,4874.132257
2361.567206,1000,4880.45599
2803.235077,1000,4881.495874
2579.819139,1000,4887.357979
2376.592224,1000,4888.325983
2929.003872,1000,4894.26975
2564.317136,1000,4895.423381
3071.20099,1000,4901.783256
2313.039305,1000,4903.003663
2803.202027,1000,4908.795978
2360.248571,1000,4909.956395
2932.564613,1000,4916.599094
2616.400774,1000,4917.682193
2764.833198,1000,4924.040194
2668.961543,1000,4925.093298
2806.879172,1000,4931.162475
2876.513491,1000,4932.228086
2969.047719,1000,4938.20881
2504.833089,1000,4939.568871
2853.502527,1000,4946.139132
3000.522069,1000,4947.293682
2284.094111,1000,4953.034856
2494.905467,1000,4954.016565
2475.174653,1000,4955.000981
2810.542653,1000,4960.864581
2820.14986,1000,4961.937198
2429.131798,1000,4967.838364
2632.428643,1000,4968.808754
2528.456013,1000,4975.023358
1868.797704,1000,4976.16699
2944.898824,1000,4982.87071
3041.006906,1000,4983.935934
2847.626562,1000,4990.754682
2937.818302,1000,4991.715705
2954.115944,1000,4998.121116
2923.632884,1000,4999.268886
2748.261663,1000,5005.717007
2403.595615,1000,5006.90284
2555.432069,1000,5013.153202
2500.161216,1000,5014.12345
2869.007995,1000,5020.227824
2575.831319,1000,5021.208829
2743.679686,1000,5026.777852
2777.676069,1000,5028.083617
2673.365725,1000,5034.192282
2892.712436,1000,5035.738278
2756.984812,1000,5042.096143
2697.875236,1000,5043.056845
2214.909109,1000,5048.279039
2598.079393,1000,5049.438621
2632.622415,1000,5055.814634
2731.817796,1000,5056.790525
285.344529,1000,5062.762075
2695.05864,1000,5063.731842
2814.518062,1000,5069.724125
3156.05021,1000,5070.871638
2657.627581,1000,5077.639482
3111.04997,1000,5078.815033
2893.424649,1000,5085.249042
3048.946983,1000,5086.418185
2753.603818,1000,5092.586629
2596.246981,1000,5093.565112
2979.744468,1000,5099.72319
2585.349636,1000,5101.015216
2568.243594,1000,5106.853069
2720.941368,1000,5108.21504
1137.59038,1000,5109.19213
2945.381431,1000,5115.634315
2855.92244,1000,5116.907341
2943.936529,1000,5123.240185
2714.302931,1000,5124.267312
2972.332046,1000,5130.427825
2641.646981,1000,5131.41256
2626.038768,1000,5137.594792
3072.409796,1000,5138.896499
2826.898356,1000,5145.155783
2748.742537,1000,5146.12872
2916.596058,1000,5152.550274
2804.197579,1000,5153.617515
2338.528591,1000,5160.285189
2577.244483,1000,5161.596438
2717.307985,1000,5168.217472
2982.978632,1000,5169.188906
2859.537936,1000,5175.945015
3052.824216,1000,5177.057703
2828.895217,1000,5182.994123
2675.258052,1000,5184.089591
2854.525589,1000,5190.29669
3135.17951,1000,5191.260405
2858.04881,1000,5197.729415
2543.069581,1000,5198.728632
2143.434944,1000,5204.231663
3001.116628,1000,5205.281976
2919.98181,1000,5211.424365
2677.22019,1000,5212.487464
2837.501809,1000,5218.059535
2819.256213,1000,5219.086371
2836.555222,1000,5224.871697
2830.785686,1000,5225.935487
2727.130271,1000,5231.56497
2791.678147,1000,5232.543036
2641.455213,1000,5238.214037
2786.951858,1000,5239.198528
2652.345712,1000,5244.789396
2624.740245,1000,5245.863091
2928.182284,1000,5251.598555
2656.424725,1000,5252.751208
2510.190869,1000,5258.94119
2848.707426,1000,5260.275006
2805.523475,1000,5261.486005
2959.921764,1000,5266.957311
2905.527819,1000,5267.921818
2590.831682,1000,5274.250661
2810.434518,1000,5275.337053
2980.265112,1000,5281.328415
3009.552825,1000,5282.346884
2893.651897,1000,5288.672251
2164.786584,1000,5289.867972
2946.070822,1000,5296.531735
2889.553066,1000,5297.704817
2507.680249,1000,5304.309632
2499.37706,1000,5305.280548
2935.971532,1000,5311.375083
2842.122308,1000,5312.332021
2922.04227,1000,5318.638844
2413.053936,1000,5319.651623
2944.250961,1000,5326.06175
2717.565325,1000,5327.374576
2722.85748,1000,5333.539749
3071.46473,1000,5334.615769
3042.923278,1000,5340.96927
2954.813816,1000,5341.936618
2800.473418,1000,5348.320915
2899.073582,1000,5349.388868
2765.427414,1000,5355.356636
331.547841,1000,5356.385514
2816.936972,1000,5362.705428
2643.42983,1000,5363.706272
2747.138835,1000,5369.885785
2354.980087,1000,5370.934487
2831.756052,1000,5377.101868
3086.700332,1000,5378.368682
2779.903754,1000,5384.066033
2501.703508,1000,5385.12175
2438.447718,1000,5391.115057
2672.174401,1000,5392.096015
2503.953686,1000,5398.240476
2796.090779,1000,5399.217297
2604.196215,1000,5405.612429
2575.864148,1000,5406.717726
2853.921933,1000,5412.765955
2857.348969,1000,5413.804528
2817.575398,1000,5414.789735
2407.136136,1000,5420.92856
2900.213116,1000,5421.969197
2395.869273,1000,5427.935734
3048.16869,1000,5428.906357
2836.568772,1000,5435.009128
2891.310871,1000,5435.978418
2499.854943,1000,5442.039214
2882.957878,1000,5443.002632
2851.858448,1000,5449.353347
2602.171764,1000,5450.382708
2848.382173,1000,5456.969266
2791.671907,1000,5458.100645
2943.180772,1000,5464.516355
2623.201727,1000,5465.478791
2954.828091,1000,5471.932851
2570.418219,1000,5473.259141
2802.049464,1000,5479.322365
2634.154858,1000,5480.689168
2714.849491,1000,5486.945916
2642.87027,1000,5488.095877
3001.128372,1000,5494.295327
2793.838539,1000,5495.463214
2647.100977,1000,5501.875025
2924.633532,1000,5503.031335
2716.392759,1000,5509.467633
2768.044276,1000,5510.480091
2995.343776,1000,5516.898373
2741.222364,1000,5518.098603
2567.734717,1000,5524.412929
2829.257806,1000,5525.629124
3026.236863,1000,5531.886731
3046.203882,1000,5533.04189
2640.108581,1000,5539.808144
3003.203057,1000,5540.917399
2566.540955,1000,5547.303784
2591.004552,1000,5548.282563
2987.241128,1000,5554.423632
2856.879142,1000,5555.692129
2757.009928,1000,5561.895684
2870.628628,1000,5563.016176
2656.76247,1000,5563.990115
1716.186956,1000,5570.780167
2526.20282,1000,5571.764137
2992.37731,1000,5577.797023
2752.918912,1000,5578.757587
2880.424493,1000,5584.869336
2942.148472,1000,5586.073273
2942.11115,1000,5591.88536
2761.603919,1000,5593.073048
2885.811378,1000,5599.157221
2933.030336,1000,5600.423281
2466.19582,1000,5606.431664
2726.801804,1000,5607.417112
2999.99386,1000,5613.30879
2576.657645,1000,5614.341437
2877.179275,1000,5620.390018
3000.675747,1000,5621.454408
2556.169124,1000,5627.846704
2622.200394,1000,5628.987444
2460.155759,1000,5635.269862
3008.262804,1000,5636.572235
2905.143845,1000,5643.151008
2622.431236,1000,5644.3328
2776.41474,1000,5650.144993
2595.227892,1000,5651.115984
2682.848593,1000,5657.057856
2694.355451,1000,5658.271717
2889.936322,1000,5664.565269
2760.276544,1000,5665.765549
2561.801936,1000,5672.062239
2727.422492,1000,5673.35269
2885.329499,1000,5678.996402
2800.76476,1000,5680.391576
2767.474715,1000,5686.320738
2477.140162,1000,5687.293171
2385.432794,1000,5692.909197
2782.744959,1000,5694.195513
3085.718489,1000,5700.276728
2987.82551,1000,5701.596356
2534.908,1000,5708.105078
2722.387181,1000,5709.244442
2845.82891,1000,5715.52846
2779.596177,1000,5716.584267
3011.06254,1000,5717.594489
2394.400535,1000,5724.101508
2580.226096,1000,5725.404921
2712.134425,1000,5731.582967
2541.898642,1000,5732.616637
3092.601626,1000,5738.963195
2920.337093,1000,5740.135489
2969.473028,1000,5746.872027
2804.718232,1000,5747.957439
2849.966484,1000,5754.335461
2629.351679,1000,5755.467497
2916.921873,1000,5761.96382
2963.252923,1000,5763.121377
2259.500663,1000,5769.861341
2757.997653,1000,5770.858114
2748.207707,1000,5776.890409
2806.46974,1000,5777.985825
2333.314355,1000,5784.295172
2871.235585,1000,5785.263497
2712.022739,1000,5791.502047
2808.713059,1000,5792.739633
2532.63108,1000,5799.158376
2834.838047,1000,5800.12451
2727.224104,1000,5806.41231
2991.909834,1000,5807.411061
2872.359057,1000,5813.907058
2322.762265,1000,5814.973833
2921.514706,1000,5820.835368
2879.049567,1000,5821.984301
2787.299518,1000,5827.927675
2785.232979,1000,5829.266376
2914.782643,1000,5835.747831
2339.001488,1000,5836.90926
2839.651041,1000,5842.554748
2943.236845,1000,5843.539666
3049.178262,1000,5849.391152
2918.593363,1000,5850.476183
2770.603693,1000,5857.361753
2621.352495,1000,5858.422904
2675.622788,1000,5864.707508
2541.160321,1000,5865.962955
2557.978207,1000,5872.658678
2759.135824,1000,5873.671934
2761.480143,1000,5874.625897
2924.482421,1000,5881.213534
2815.797706,1000,5882.269823
2665.213065,1000,5888.401318
3015.374346,1000,5889.435972
2379.860021,1000,5895.136686
2551.548158,1000,5896.296144
2465.474061,1000,5902.15618
2489.816037,1000,5903.282839
2651.599101,1000,5909.365368
2858.463716,1000,5910.5105
2952.158957,1000,5916.809917
2606.151069,1000,5917.770278
2720.71711,1000,5924.120498
629.562194,1000,5925.113419
3038.382952,1000,5931.228393
2997.215178,1000,5932.19289
2821.324105,1000,5938.338299
2526.601712,1000,5939.37759
2582.932197,1000,5945.342423
3145.060764,1000,5946.473929
2818.679969,1000,5952.792211
2965.505108,1000,5953.766701
2871.919443,1000,5959.729184
3027.606357,1000,5960.693581
3156.423218,1000,5967.271398
2999.266644,1000,5968.516538
2831.335667,1000,5974.806747
2736.845188,1000,5975.762823
2740.818469,1000,5981.884166
2786.588446,1000,5983.065391
2854.268776,1000,5989.456562
3001.074573,1000,5990.423614
3146.930009,1000,5996.478205
3207.162487,1000,5997.476449
2346.718005,1000,6003.667392
2146.026177,1000,6004.685414
3040.908571,1000,6010.965192
2767.244276,1000,6012.251098
2920.407666,1000,6018.972186
3122.778905,1000,6020.017558
2956.90151,1000,6025.950197
3119.779559,1000,6027.035293
2971.517974,1000,6028.007943
2886.26513,1000,6034.584538
3112.800468,1000,6035.728238
2798.907093,1000,6042.165966
3088.497239,1000,6043.210172
2963.754983,1000,6049.326273
3000.067162,1000,6050.429397
2722.081338,1000,6057.232306
2808.424159,1000,6058.366254
3018.030216,1000,6064.068361
2839.047103,1000,6065.031399
2797.098867,1000,6070.627181
3159.120561,1000,6071.958804
2658.17805,1000,6078.031632
2752.964127,1000,6079.007023
2954.373171,1000,6083.979441
2960.01426,1000,6084.945413
2560.567158,1000,6091.310287
2728.859857,1000,6092.443177
2646.174023,1000,6098.577764
2172.95735,1000,6099.667474
2762.963989,1000,6106.066259
3028.834487,1000,6107.059492
2851.986795,1000,6113.869674
3005.574612,1000,6114.84064
2855.959085,1000,6120.866957
2597.369317,1000,6121.912196
3032.59091,1000,6128.721906
2090.139516,1000,6129.691766
2876.509246,1000,6136.115141
2755.512091,1000,6137.122935
2612.325272,1000,6143.078779
2791.604377,1000,6144.079094
2896.892021,1000,6150.485191
2685.611222,1000,6151.628053
2926.508707,1000,6157.710749
2754.611528,1000,6158.677131
3071.407518,1000,6165.414833
2976.900846,1000,6166.47938
2884.779593,1000,6172.416794
2709.875462,1000,6173.7063
2918.770326,1000,6179.23822
2993.778017,1000,6180.381933
2822.412173,1000,6181.54712
3106.595802,1000,6188.212154
3041.274203,1000,6189.553473
2736.970171,1000,6195.324692
3223.764249,1000,6196.408328
3017.231062,1000,6202.985397
3067.675825,1000,6204.02885
3084.06025,1000,6210.459142
2769.19369,1000,6211.431804
2993.280886,1000,6217.940548
3032.674925,1000,6218.899451
2931.825348,1000,6225.313996
3044.861134,1000,6226.456066
2607.067015,1000,6232.682913
2478.718568,1000,6233.900055
2838.317325,1000,6240.31369
2802.578524,1000,6241.303732
3013.439143,1000,6247.44472
2559.874466,1000,6248.501553
2858.577493,1000,6254.977133
3068.595342,1000,6255.956671
3228.961492,1000,6261.300462
3184.67162,1000,6262.434434
271.317295,1000,6269.079479
2788.343293,1000,6270.156873
2945.838823,1000,6276.188656
2655.253208,1000,6277.416481
2815.027487,1000,6283.759976
3175.093762,1000,6284.930376
3151.447124,1000,6291.382082
3096.623745,1000,6292.411847
3005.742978,1000,6298.997386
3012.972801,1000,6300.227853
3037.600218,1000,6306.174948
2930.563118,1000,6307.32015
2961.010389,1000,6313.23866
2973.454243,1000,6314.193411
3004.947373,1000,6320.169518
2983.082944,1000,6321.175517
2997.362144,1000,6327.550306
3077.307534,1000,6328.524529
2882.41491,1000,6334.668262
3089.226383,1000,6335.788271
3255.433357,1000,6336.960212
2890.538387,1000,6343.544392
3042.257194,1000,6344.554881
2932.703371,1000,6351.101041
3140.796737,1000,6352.248917
3004.048642,1000,6359.272785
3123.235188,1000,6360.348373
2599.037607,1000,6365.947834
2904.776659,1000,6366.901797
3023.647888,1000,6373.099959
2834.357566,1000,6374.184707
2826.855414,1000,6380.036257
2486.096993,1000,6381.325339
2757.667868,1000,6387.130958
2946.465193,1000,6388.098249
3055.848371,1000,6394.64319
2821.210151,1000,6395.746006
2911.018974,1000,6402.43018
2507.439004,1000,6403.49417
2995.008846,1000,6410.14923
2658.897584,1000,6411.117956
3070.211605,1000,6417.650284
2936.880116,1000,6418.611067
3044.61361,1000,6424.480373
2895.116188,1000,6425.718352
2827.017799,1000,6432.273014
3120.449005,1000,6433.410449
3121.659976,1000,6439.971564
2608.403045,1000,6440.946555
2671.712485,1000,6447.46815
2919.145621,1000,6448.636764
3034.302397,1000,6455.169279
2862.381682,1000,6456.130437
3140.130513,1000,6462.515784
3216.450522,1000,6463.517299
3216.609994,1000,6469.960144
2693.085522,1000,6470.964871
2828.586279,1000,6477.193178
3082.160815,1000,6478.414481
2640.429686,1000,6484.491748
2651.085502,1000,6485.562559
3120.978974,1000,6486.541265
2913.401794,1000,6493.189888
3130.708661,1000,6494.231102
2758.668513,1000,6500.775635
3088.205143,1000,6501.979017
2985.401122,1000,6508.093692
3124.434366,1000,6509.058345
2745.885296,1000,6515.031489
2790.63284,1000,6516.039792
2899.562106,1000,6521.870439
3205.46425,1000,6522.841471
2975.353125,1000,6528.657641
3097.216408,1000,6529.745883
3007.060339,1000,6535.739713
2378.629918,1000,6536.720522
3092.482318,1000,6543.142124
3065.022998,1000,6544.298534
2939.325526,1000,6551.254381
2603.40169,1000,6552.375575
2928.948462,1000,6557.922861
3125.533822,1000,6558.971495
2913.404596,1000,6564.071795
2944.155661,1000,6565.078192
3209.759345,1000,6571.153285
2702.917631,1000,6572.627864
2751.89524,1000,6578.98564
2806.611445,1000,6580.354477
3066.802765,1000,6586.862972
2796.701115,1000,6588.049988
2881.879348,1000,6594.683158
3228.380803,1000,6595.936435
2779.343506,1000,6601.855263
3016.713175,1000,6602.966141
2909.603856,1000,6609.017736
2744.15765,1000,6610.133999
3015.067144,1000,6615.901402
2802.633299,1000,6617.216093
2791.714238,1000,6623.13762
3184.022466,1000,6624.407101
2837.008885,1000,6630.865175
3051.601956,1000,6632.034772
3201.805668,1000,6638.311215
3020.901805,1000,6639.569439
2522.125602,1000,6640.585941
2773.504475,1000,6646.393248
2791.615818,1000,6647.419342
3053.409693,1000,6653.161454
2909.946776,1000,6654.428802
2649.649719,1000,6660.439197
3087.932534,1000,6661.400537
3083.092984,1000,6668.155437
3301.763569,1000,6669.396534
3194.167316,1000,6676.078031
3151.798361,1000,6677.236863
3173.680497,1000,6683.352799
3070.242542,1000,6684.33121
2859.647521,1000,6690.692044
3173.238244,1000,6691.651233
3056.617697,1000,6698.01756
3110.852392,1000,6699.165264
3001.723075,1000,6706.048727
3279.94978,1000,6707.123144
3090.931308,1000,6712.970629
3010.199849,1000,6714.03081
2844.235257,1000,6720.263534
3082.888617,1000,6721.875376
2461.419661,1000,6727.739793
2936.059466,1000,6728.679308
2754.565034,1000,6734.560154
2816.430021,1000,6735.536409
3131.23284,1000,6741.772552
2840.236435,1000,6742.74384
2775.044241,1000,6748.91015
3089.482604,1000,6749.929236
2634.507111,1000,6755.033502
3130.030108,1000,6755.980702
2998.632469,1000,6761.222333
2921.353448,1000,6762.386342
2750.597067,1000,6769.136964
2864.542715,1000,6770.323364
3030.173359,1000,6776.628958
3169.730392,1000,6777.679383
3113.072232,1000,6783.998851
2874.441489,1000,6785.030887
2955.856932,1000,6791.515012
3242.557056,1000,6792.596731
2986.404219,1000,6793.572686
2798.143269,1000,6799.922314
3238.820144,1000,6800.888326
2936.61903,1000,6807.826359
3094.451081,1000,6808.840442
3108.338546,1000,6815.103415
2876.422027,1000,6816.348152
3084.127519,1000,6822.784136
3029.340456,1000,6823.946197
3056.908581,1000,6830.348227
2944.315151,1000,6831.325406
3097.577974,1000,6837.431815
3016.606702,1000,6838.454149
3092.508544,1000,6844.129827
2815.467137,1000,6845.315616
3012.068463,1000,6851.971816
3096.815008,1000,6853.151426
2937.094964,1000,6860.022755
3176.430005,1000,6861.001871
3066.168246,1000,6866.752148
3067.241075,1000,6867.735452
2518.876262,1000,6873.084417
3145.879561,1000,6874.359723
3042.6772,1000,6880.702171
2850.756448,1000,6881.684211
3338.728334,1000,6887.697897
3177.796428,1000,6888.826188
2918.051988,1000,6895.287583
2968.305791,1000,6896.675111
2671.962104,1000,6902.394842
3238.959825,1000,6903.412591
2841.256027,1000,6909.817592
2962.15741,1000,6910.875252
2388.11001,1000,6917.612055
3154.719764,1000,6918.784331
3083.939396,1000,6925.527514
2909.501111,1000,6926.750898
3071.178527,1000,6933.763453
2454.277936,1000,6935.221747
2766.489657,1000,6942.06856
2834.179705,1000,6943.133543
2994.535158,1000,6950.176212
3073.305969,1000,6951.390743
3283.945128,1000,6952.597201
3089.830857,1000,6960.576186
2828.684646,1000,6962.027663
2872.950634,1000,6968.731722
2998.465363,1000,6969.898356
3114.14506,1000,6976.663152
2802.969003,1000,6977.704371
3117.356375,1000,6984.463109
2540.481703,1000,6985.546719
3128.659084,1000,6992.100793
3109.929724,1000,6993.364934
3132.484902,1000,7000.244615
2557.288702,1000,7001.457757
1954.531042,1000,7009.215568
3228.027808,1000,7010.338398
3035.926893,1000,7017.072114
2644.756467,1000,7018.275465
2866.216392,1000,7024.693367
3038.514411,1000,7025.771574
3020.804308,1000,7031.369041
3018.811194,1000,7032.572772
2869.481631,1000,7040.430756
3027.300018,1000,7041.451655
3244.664202,1000,7047.687737
2708.795998,1000,7048.798294
3004.727607,1000,7054.52493
3066.199774,1000,7055.48502
3086.26839,1000,7062.803046
2972.722278,1000,7064.170533
3239.634101,1000,7070.21563
2780.457293,1000,7071.181957
3147.249198,1000,7078.057277
3256.935413,1000,7079.206787
3105.064085,1000,7085.136888
2747.083574,1000,7086.210581
2930.342138,1000,7091.969501
2530.975695,1000,7092.973448
3090.622083,1000,7098.861703
2730.218242,1000,7099.993573
2955.122621,1000,7106.522343
2486.054188,1000,7107.651936
3034.480614,1000,7113.719266
2879.827127,1000,7114.979524
3056.47934,1000,7116.090487
2826.422234,1000,7122.396296
2959.048065,1000,7123.523822
2862.37669,1000,7129.998552
3010.832042,1000,7131.094119
2847.331136,1000,7138.583956
2973.241165,1000,7139.576793
3052.592518,1000,7145.805606
2952.386707,1000,7146.766443
2891.198817,1000,7152.755953
2927.440936,1000,7153.907325
3032.227044,1000,7159.738832
2789.82931,1000,7160.78524
3152.123452,1000,7167.042526
2930.347607,1000,7168.127128
3087.586795,1000,7173.9214
2862.543737,1000,7175.090557
2899.779338,1000,7181.772116
2825.301217,1000,7182.814825
3096.660376,1000,7188.968738
3188.652328,1000,7190.018152
3197.312987,1000,7196.686885
2700.850706,1000,7197.861655
2861.78345,1000,7203.596087
3094.97751,1000,7204.644866
2735.10369,1000,7210.857693
3234.667945,1000,7211.826398
2846.91826,1000,7218.09648
2950.053383,1000,7219.151385
2908.68788,1000,7225.34027
2500.511048,1000,7226.540789
3023.873556,1000,7232.608704
2825.913482,1000,7233.576306
3128.550606,1000,7239.977502
2827.940661,1000,7240.955885
