#{"t_start": 1533109545.5143492, "env_id": "InvertedPendulum-v2"}
r,l,t
6.0,6,0.027064
12.0,12,0.078793
5.0,5,0.090381
4.0,4,0.094849
7.0,7,0.122961
3.0,3,0.126457
5.0,5,0.132221
16.0,16,0.18064
4.0,4,0.20506
13.0,13,0.237128
20.0,20,0.277097
8.0,8,0.301967
9.0,9,0.330442
8.0,8,0.339053
9.0,9,0.365494
4.0,4,0.370237
7.0,7,0.37788
6.0,6,0.38453
5.0,5,0.434423
9.0,9,0.444049
8.0,8,0.477136
4.0,4,0.481695
8.0,8,0.490493
12.0,12,0.519495
10.0,10,0.552017
5.0,5,0.573809
9.0,9,0.599671
11.0,11,0.650229
4.0,4,0.654844
5.0,5,0.660595
12.0,12,0.712037
13.0,13,0.742037
19.0,19,0.778246
3.0,3,0.781703
16.0,16,0.80549
8.0,8,0.814262
6.0,6,0.820927
7.0,7,0.828425
4.0,4,0.833217
9.0,9,0.842876
5.0,5,0.848497
40.0,40,0.955261
5.0,5,0.960854
13.0,13,0.974708
15.0,15,1.021326
21.0,21,1.059474
11.0,11,1.071141
3.0,3,1.088341
15.0,15,1.120623
7.0,7,1.128269
4.0,4,1.149106
3.0,3,1.152599
5.0,5,1.160517
22.0,22,1.21232
12.0,12,1.241291
14.0,14,1.272398
19.0,19,1.308704
5.0,5,1.314434
8.0,8,1.339435
33.0,33,1.404339
4.0,4,1.421505
6.0,6,1.427939
6.0,6,1.45081
12.0,12,1.463868
7.0,7,1.487707
26.0,26,1.547123
6.0,6,1.569978
8.0,8,1.5786
5.0,5,1.58426
17.0,17,1.634645
11.0,11,1.646534
3.0,3,1.666363
4.0,4,1.670956
6.0,6,1.677526
8.0,8,1.702541
6.0,6,1.709134
11.0,11,1.737077
6.0,6,1.743671
25.0,25,1.802187
4.0,4,1.806666
17.0,17,1.841183
14.0,14,1.868749
11.0,11,1.896882
5.0,5,1.918765
3.0,3,1.922519
9.0,9,1.932266
10.0,10,1.943236
10.0,10,1.970258
11.0,11,1.996989
3.0,3,2.01641
4.0,4,2.021059
6.0,6,2.027556
4.0,4,2.045428
8.0,8,2.054051
15.0,15,2.087044
8.0,8,2.112106
11.0,11,2.136766
13.0,13,2.167271
5.0,5,2.172723
5.0,5,2.194425
4.0,4,2.198926
13.0,13,2.228809
6.0,6,2.235233
4.0,4,2.253406
8.0,8,2.262049
9.0,9,2.288324
14.0,14,2.319549
12.0,12,2.348575
3.0,3,2.352111
7.0,7,2.359396
6.0,6,2.373436
5.0,5,2.378882
8.0,8,2.403947
4.0,4,2.408426
4.0,4,2.425423
13.0,13,2.439784
4.0,4,2.460562
12.0,12,2.489917
12.0,12,2.503165
5.0,5,2.525035
4.0,4,2.529916
5.0,5,2.535642
6.0,6,2.558598
6.0,6,2.565264
17.0,17,2.599569
7.0,7,2.620925
19.0,19,2.65726
12.0,12,2.685966
7.0,7,2.709686
13.0,13,2.7398
10.0,10,2.763661
4.0,4,2.768171
31.0,31,2.849158
9.0,9,2.859038
7.0,7,2.883118
6.0,6,2.8897
8.0,8,2.91466
9.0,9,2.924239
8.0,8,2.933271
26.0,26,2.993053
7.0,7,3.016424
17.0,17,3.050682
8.0,8,3.059514
7.0,7,3.083165
4.0,4,3.087692
4.0,4,3.100472
9.0,9,3.11029
4.0,4,3.131024
3.0,3,3.13445
16.0,16,3.167652
7.0,7,3.188497
8.0,8,3.213268
3.0,3,3.216698
4.0,4,3.221154
5.0,5,3.226595
6.0,6,3.247359
4.0,4,3.251957
5.0,5,3.273604
14.0,14,3.305017
7.0,7,3.31234
12.0,12,3.341614
15.0,15,3.374331
14.0,14,3.405395
4.0,4,3.410037
7.0,7,3.417705
4.0,4,3.422276
6.0,6,3.445086
12.0,12,3.473742
4.0,4,3.478274
13.0,13,3.508362
11.0,11,3.52019
11.0,11,3.544701
7.0,7,3.552415
6.0,6,3.559152
10.0,10,3.57018
5.0,5,3.575914
7.0,7,3.583934
10.0,10,3.594856
8.0,8,3.603495
7.0,7,3.627626
6.0,6,3.647718
13.0,13,3.67761
16.0,16,3.710893
8.0,8,3.719632
28.0,28,3.783798
9.0,9,3.801605
5.0,5,3.807239
7.0,7,3.81562
7.0,7,3.823072
18.0,18,3.841899
4.0,4,3.846524
3.0,3,3.850073
12.0,12,3.862937
5.0,5,3.868767
7.0,7,3.882806
10.0,10,3.900136
7.0,7,3.914323
6.0,6,3.943907
8.0,8,3.972574
9.0,9,3.994854
9.0,9,4.004545
6.0,6,4.014166
7.0,7,4.029169
11.0,11,4.056465
16.0,16,4.093389
3.0,3,4.100144
10.0,10,4.121911
18.0,18,4.141181
4.0,4,4.145705
10.0,10,4.156299
6.0,6,4.16304
8.0,8,4.171805
8.0,8,4.180396
13.0,13,4.210244
12.0,12,4.237368
7.0,7,4.260496
4.0,4,4.265035
14.0,14,4.296337
13.0,13,4.319117
11.0,11,4.343335
11.0,11,4.379988
4.0,4,4.384732
5.0,5,4.406588
8.0,8,4.415424
4.0,4,4.430545
10.0,10,4.445008
11.0,11,11.761444
18.0,18,11.79285
6.0,6,11.809013
4.0,4,11.813544
8.0,8,11.836545
22.0,22,11.912974
3.0,3,11.916615
8.0,8,11.957381
5.0,5,11.962742
5.0,5,11.968035
10.0,10,11.990837
14.0,14,12.032882
17.0,17,12.063181
7.0,7,12.098223
9.0,9,12.12821
10.0,10,12.151605
10.0,10,12.162673
15.0,15,12.217
3.0,3,12.220402
10.0,10,12.243275
4.0,4,12.2535
32.0,32,12.357426
11.0,11,12.401281
6.0,6,12.422747
4.0,4,12.427326
19.0,19,12.473023
12.0,12,12.492077
9.0,9,12.517126
21.0,21,12.554912
5.0,5,12.560667
7.0,7,12.568563
5.0,5,12.574331
6.0,6,12.580822
10.0,10,12.591732
13.0,13,12.605872
15.0,15,12.622092
10.0,10,12.632826
9.0,9,12.64281
7.0,7,12.651127
4.0,4,12.655799
6.0,6,12.66255
12.0,12,12.682043
5.0,5,12.68753
4.0,4,12.692029
5.0,5,12.704056
7.0,7,12.718379
22.0,22,12.775584
14.0,14,12.801009
12.0,12,12.828309
5.0,5,12.857579
6.0,6,12.870118
10.0,10,12.889944
16.0,16,12.924737
17.0,17,12.952085
12.0,12,12.977571
8.0,8,12.994893
6.0,6,13.012425
22.0,22,13.056308
4.0,4,13.074109
4.0,4,13.078843
15.0,15,13.10927
11.0,11,13.135821
12.0,12,13.157548
6.0,6,13.172595
8.0,8,13.189491
16.0,16,13.222866
12.0,12,13.247738
11.0,11,13.271712
11.0,11,13.299771
5.0,5,13.305036
18.0,18,13.339831
4.0,4,13.357361
4.0,4,13.362277
5.0,5,13.372755
6.0,6,13.383267
3.0,3,13.390341
8.0,8,13.414682
5.0,5,13.420613
10.0,10,13.447422
13.0,13,13.462255
13.0,13,13.490532
9.0,9,13.524086
6.0,6,13.531018
17.0,17,13.577693
12.0,12,13.601639
10.0,10,13.624912
9.0,9,13.634862
32.0,32,13.700052
24.0,24,13.725345
15.0,15,13.741295
8.0,8,13.750244
5.0,5,13.755548
12.0,12,13.768468
7.0,7,13.776383
7.0,7,13.784317
14.0,14,13.799421
7.0,7,13.807053
10.0,10,13.839781
15.0,15,13.87492
10.0,10,13.897167
8.0,8,13.906085
11.0,11,13.930699
18.0,18,13.974572
29.0,29,14.030459
23.0,23,14.080357
4.0,4,14.084826
10.0,10,14.096092
12.0,12,14.109808
11.0,11,14.122075
8.0,8,14.130921
14.0,14,14.160242
9.0,9,14.194974
13.0,13,14.223262
10.0,10,14.234338
4.0,4,14.263257
7.0,7,14.271166
8.0,8,14.279816
9.0,9,14.318769
5.0,5,14.324475
13.0,13,14.349386
7.0,7,14.357231
8.0,8,14.37764
5.0,5,14.383462
4.0,4,14.400839
12.0,12,14.437729
5.0,5,14.443312
8.0,8,14.465995
3.0,3,14.469414
17.0,17,14.501218
9.0,9,14.515236
4.0,4,14.528026
18.0,18,14.566429
15.0,15,14.592065
5.0,5,14.615296
8.0,8,14.630322
9.0,9,14.647873
29.0,29,14.705542
5.0,5,14.729923
24.0,24,14.773362
26.0,26,14.879331
7.0,7,14.887225
8.0,8,14.90774
19.0,19,14.944106
12.0,12,14.977238
4.0,4,14.98236
9.0,9,15.004372
8.0,8,15.013031
22.0,22,15.052266
12.0,12,15.064602
9.0,9,15.074403
9.0,9,15.084286
12.0,12,15.113053
9.0,9,15.122679
5.0,5,15.144369
9.0,9,15.153921
6.0,6,15.16869
15.0,15,15.191112
10.0,10,15.238398
23.0,23,15.295581
13.0,13,15.317937
5.0,5,15.331518
8.0,8,15.340328
15.0,15,15.372115
9.0,9,15.394373
13.0,13,15.422636
8.0,8,15.445311
10.0,10,15.471969
4.0,4,15.476365
8.0,8,15.488608
10.0,10,15.511605
12.0,12,15.541394
8.0,8,15.561195
5.0,5,15.566759
12.0,12,15.593017
12.0,12,15.621497
5.0,5,15.642252
14.0,14,15.656579
19.0,19,15.705101
11.0,11,15.716734
3.0,3,15.720114
7.0,7,15.743493
5.0,5,15.762451
15.0,15,15.794379
23.0,23,15.834772
12.0,12,15.863417
4.0,4,15.868035
5.0,5,15.873487
7.0,7,15.881233
8.0,8,15.91129
12.0,12,15.940493
5.0,5,15.96322
10.0,10,15.993671
10.0,10,16.0154
19.0,19,16.052031
10.0,10,16.063366
12.0,12,22.556805
25.0,25,22.64317
19.0,19,22.680227
10.0,10,22.698939
5.0,5,22.711927
4.0,4,22.716638
13.0,13,22.74717
6.0,6,22.766214
21.0,21,22.814659
24.0,24,22.869439
13.0,13,22.895369
7.0,7,22.903049
34.0,34,22.986749
6.0,6,22.993388
5.0,5,23.011076
24.0,24,23.065892
11.0,11,23.078092
23.0,23,23.138233
11.0,11,23.150553
11.0,11,23.178817
7.0,7,23.193653
6.0,6,23.211169
17.0,17,23.258135
28.0,28,23.336513
14.0,14,23.351846
5.0,5,23.378546
5.0,5,23.402646
8.0,8,23.434987
9.0,9,23.449455
13.0,13,23.463434
6.0,6,23.499671
16.0,16,23.537769
9.0,9,23.573363
19.0,19,23.59904
4.0,4,23.63198
5.0,5,23.642785
10.0,10,23.677851
17.0,17,23.717
4.0,4,23.721784
4.0,4,23.726465
7.0,7,23.751397
3.0,3,23.755092
19.0,19,23.831527
18.0,18,23.867065
26.0,26,23.961886
12.0,12,23.992263
14.0,14,24.023707
6.0,6,24.030586
22.0,22,24.074727
6.0,6,24.097741
8.0,8,24.106794
28.0,28,24.165087
16.0,16,24.202028
33.0,33,24.269905
9.0,9,24.296048
4.0,4,24.30069
9.0,9,24.326856
8.0,8,24.335786
15.0,15,24.36851
10.0,10,24.395919
9.0,9,24.405693
45.0,45,24.454707
10.0,10,24.465672
18.0,18,24.498909
6.0,6,24.506095
14.0,14,24.559038
9.0,9,24.585367
8.0,8,24.598104
21.0,21,24.647573
10.0,10,24.674858
25.0,25,24.718414
38.0,38,24.802571
22.0,22,24.859577
12.0,12,24.888766
7.0,7,24.896736
7.0,7,24.920555
11.0,11,24.948917
4.0,4,24.953528
6.0,6,24.96033
12.0,12,24.989672
21.0,21,25.037662
11.0,11,25.066418
13.0,13,25.09557
25.0,25,25.122779
6.0,6,25.129651
6.0,6,25.13664
13.0,13,25.15115
4.0,4,25.155969
10.0,10,25.182474
15.0,15,25.211375
14.0,14,25.273109
12.0,12,25.298569
10.0,10,25.325912
5.0,5,25.331794
8.0,8,25.356989
6.0,6,25.363912
21.0,21,25.410692
6.0,6,25.417321
13.0,13,25.43194
4.0,4,25.436543
17.0,17,25.455476
18.0,18,25.475226
5.0,5,25.481182
21.0,21,25.511358
6.0,6,25.52503
16.0,16,25.571639
4.0,4,25.576345
4.0,4,25.597461
28.0,28,25.676728
8.0,8,25.701862
7.0,7,25.709605
23.0,23,25.766817
13.0,13,25.796876
4.0,4,25.801667
15.0,15,25.817728
11.0,11,25.829684
5.0,5,25.835464
32.0,32,25.882198
4.0,4,25.893293
4.0,4,25.898357
5.0,5,25.923777
7.0,7,25.944567
10.0,10,25.972371
4.0,4,25.977112
5.0,5,25.982875
14.0,14,26.013603
18.0,18,26.063026
4.0,4,26.069821
31.0,31,26.156742
9.0,9,26.18613
29.0,29,26.254828
7.0,7,26.279721
23.0,23,26.335969
13.0,13,26.379682
10.0,10,26.403501
6.0,6,26.423612
12.0,12,26.449679
4.0,4,26.454138
10.0,10,26.484548
10.0,10,26.513367
28.0,28,26.576999
6.0,6,26.599276
6.0,6,26.606179
40.0,40,26.690832
4.0,4,26.708353
6.0,6,26.715154
11.0,11,26.740294
17.0,17,26.787806
14.0,14,26.818814
33.0,33,26.883435
5.0,5,26.902174
12.0,12,26.930311
11.0,11,26.942583
16.0,16,26.982988
12.0,12,27.016397
11.0,11,27.043208
12.0,12,27.056512
14.0,14,27.084568
7.0,7,27.108121
3.0,3,27.121358
4.0,4,27.125942
12.0,12,27.146114
9.0,9,27.169414
8.0,8,27.18809
21.0,21,33.95059
4.0,4,33.955085
6.0,6,33.974901
4.0,4,33.979458
61.0,61,34.115968
10.0,10,34.139891
13.0,13,34.16953
34.0,34,34.243047
14.0,14,34.269539
30.0,30,34.33747
16.0,16,34.371302
15.0,15,34.410755
31.0,31,34.476334
10.0,10,34.48749
33.0,33,34.591244
28.0,28,34.662769
29.0,29,34.741788
4.0,4,34.746542
9.0,9,34.780448
41.0,41,34.864291
7.0,7,34.884458
20.0,20,34.928069
23.0,23,34.985182
35.0,35,35.078938
6.0,6,35.101997
8.0,8,35.111953
11.0,11,35.139059
19.0,19,35.176344
7.0,7,35.18406
7.0,7,35.208201
21.0,21,35.259414
5.0,5,35.265198
12.0,12,35.298822
36.0,36,35.366421
21.0,21,35.415031
7.0,7,35.423108
21.0,21,35.445958
38.0,38,35.507336
22.0,22,35.552339
16.0,16,35.585993
15.0,15,35.614821
29.0,29,35.682021
21.0,21,35.737832
29.0,29,35.798084
7.0,7,35.806257
22.0,22,35.872752
38.0,38,35.963129
30.0,30,36.028112
9.0,9,36.038207
19.0,19,36.091785
17.0,17,36.118431
3.0,3,36.132232
24.0,24,36.189566
21.0,21,36.225465
7.0,7,36.249656
13.0,13,36.27985
13.0,13,36.293696
9.0,9,36.331513
14.0,14,36.369586
4.0,4,36.380306
5.0,5,36.398785
12.0,12,36.428351
31.0,31,36.493987
10.0,10,36.50472
12.0,12,36.537854
13.0,13,36.567412
4.0,4,36.596326
3.0,3,36.599956
25.0,25,36.642816
9.0,9,36.656604
11.0,11,36.685101
14.0,14,36.716442
6.0,6,36.735693
6.0,6,36.742478
7.0,7,36.764646
18.0,18,36.803908
16.0,16,36.82912
7.0,7,36.836803
37.0,37,36.951766
30.0,30,37.022377
20.0,20,37.066367
6.0,6,37.073323
25.0,25,37.151666
49.0,49,37.251709
6.0,6,37.273469
37.0,37,37.314025
21.0,21,37.340914
28.0,28,37.407375
36.0,36,37.494498
11.0,11,37.522789
18.0,18,37.558478
10.0,10,37.585741
30.0,30,37.649825
34.0,34,37.718268
13.0,13,37.731873
23.0,23,37.757076
14.0,14,37.772208
19.0,19,37.807998
22.0,22,37.855567
31.0,31,37.918493
17.0,17,37.964722
7.0,7,37.972738
19.0,19,38.030032
9.0,9,38.040407
7.0,7,38.04814
13.0,13,38.062187
13.0,13,38.076849
6.0,6,38.083911
13.0,13,38.098704
18.0,18,38.149827
17.0,17,38.175559
17.0,17,38.238322
4.0,4,38.242959
8.0,8,38.265742
6.0,6,38.272546
10.0,10,38.294074
9.0,9,38.317141
43.0,43,44.859406
36.0,36,44.941972
19.0,19,44.993889
14.0,14,45.034432
4.0,4,45.039039
44.0,44,45.102486
47.0,47,45.153752
34.0,34,45.21663
7.0,7,45.224371
8.0,8,45.244989
10.0,10,45.272094
9.0,9,45.281515
31.0,31,45.362611
27.0,27,45.407355
15.0,15,45.453237
30.0,30,45.514771
11.0,11,45.526964
17.0,17,45.577816
32.0,32,45.644549
37.0,37,45.716163
28.0,28,45.782661
19.0,19,45.827264
15.0,15,45.859002
17.0,17,45.893823
5.0,5,45.899557
18.0,18,45.943648
26.0,26,46.016358
10.0,10,46.043802
17.0,17,46.074857
47.0,47,46.18929
16.0,16,46.219425
27.0,27,46.292392
23.0,23,46.329879
69.0,69,46.480099
23.0,23,46.529126
12.0,12,46.551764
19.0,19,46.603904
40.0,40,46.727036
22.0,22,46.778884
5.0,5,46.784531
27.0,27,46.829623
23.0,23,46.853971
20.0,20,46.875629
9.0,9,46.885473
31.0,31,46.918761
14.0,14,46.93388
15.0,15,46.975465
36.0,36,47.054931
44.0,44,47.149347
49.0,49,47.274942
9.0,9,47.304318
15.0,15,47.333721
24.0,24,47.387772
5.0,5,47.393445
31.0,31,47.513933
12.0,12,47.533231
14.0,14,47.555029
27.0,27,47.626191
5.0,5,47.63178
19.0,19,47.664603
37.0,37,47.787246
40.0,40,47.874871
17.0,17,47.90589
4.0,4,47.925366
12.0,12,47.950929
5.0,5,47.956532
36.0,36,48.040517
10.0,10,48.051198
39.0,39,48.138227
38.0,38,48.211245
35.0,35,48.298051
15.0,15,48.327243
7.0,7,48.344121
7.0,7,48.361217
14.0,14,48.39518
7.0,7,48.409539
26.0,26,48.452675
16.0,16,48.497908
11.0,11,48.513529
19.0,19,48.564442
25.0,25,48.618861
15.0,15,48.646602
4.0,4,48.658149
18.0,18,48.693462
18.0,18,48.736901
43.0,43,48.816269
24.0,24,48.876347
36.0,36,48.952545
19.0,19,48.9886
21.0,21,49.039155
3.0,3,49.052533
6.0,6,49.059388
22.0,22,49.101164
22.0,22,49.15596
25.0,25,49.207597
3.0,3,49.211056
18.0,18,56.77964
26.0,26,56.833303
22.0,22,56.885629
37.0,37,56.97431
61.0,61,57.09849
36.0,36,57.173455
9.0,9,57.191882
45.0,45,57.288671
52.0,52,57.413113
11.0,11,57.438504
14.0,14,57.469468
7.0,7,57.477154
15.0,15,57.518263
14.0,14,57.539375
38.0,38,57.629529
15.0,15,57.658314
19.0,19,57.7066
12.0,12,57.720074
8.0,8,57.741814
50.0,50,57.848598
11.0,11,57.876466
31.0,31,57.954891
15.0,15,57.995494
16.0,16,58.023659
67.0,67,58.17655
16.0,16,58.210626
33.0,33,58.275985
35.0,35,58.347386
34.0,34,58.440754
24.0,24,58.483825
46.0,46,58.58788
93.0,93,58.757827
31.0,31,58.829808
19.0,19,58.865582
87.0,87,58.994357
12.0,12,59.007841
26.0,26,59.036666
15.0,15,59.052818
24.0,24,59.07939
23.0,23,59.127364
35.0,35,59.172611
44.0,44,59.221018
42.0,42,59.281642
14.0,14,59.305461
31.0,31,59.391231
43.0,43,59.476933
50.0,50,59.5946
24.0,24,59.621389
24.0,24,59.647778
14.0,14,59.663301
30.0,30,59.695893
18.0,18,59.731791
24.0,24,59.787893
40.0,40,59.831603
11.0,11,59.844452
15.0,15,59.861005
50.0,50,59.943446
8.0,8,59.956033
32.0,32,60.061524
25.0,25,60.119594
15.0,15,60.147333
6.0,6,60.166202
11.0,11,60.190274
4.0,4,60.194944
28.0,28,60.261477
36.0,36,60.331274
16.0,16,60.376262
14.0,14,60.407608
26.0,26,60.476871
39.0,39,60.58043
11.0,11,60.612817
75.0,75,60.770853
35.0,35,60.853889
6.0,6,60.860817
46.0,46,68.304154
86.0,86,68.468828
37.0,37,68.515321
46.0,46,68.607166
6.0,6,68.639381
33.0,33,68.702092
53.0,53,68.822014
20.0,20,68.859527
30.0,30,68.920559
25.0,25,68.979781
39.0,39,69.068807
17.0,17,69.129891
51.0,51,69.222443
78.0,78,69.366077
9.0,9,69.376551
23.0,23,69.42614
30.0,30,69.484657
34.0,34,69.536654
50.0,50,69.590384
46.0,46,69.683907
17.0,17,69.737636
30.0,30,69.803017
32.0,32,69.86048
20.0,20,69.881723
22.0,22,69.90538
9.0,9,69.936217
19.0,19,69.973363
56.0,56,70.097509
4.0,4,70.106474
21.0,21,70.129022
81.0,81,70.323378
6.0,6,70.330204
47.0,47,70.456159
51.0,51,70.561364
74.0,74,70.721396
43.0,43,70.816097
20.0,20,70.854095
89.0,89,71.073797
57.0,57,71.183276
43.0,43,71.267224
36.0,36,71.33751
16.0,16,71.370313
30.0,30,71.438871
21.0,21,71.463096
81.0,81,71.548927
33.0,33,71.600611
17.0,17,71.631152
56.0,56,71.787733
31.0,31,71.873198
13.0,13,71.924798
41.0,41,72.021759
40.0,40,72.065016
70.0,70,72.142217
30.0,30,72.205259
92.0,92,78.906284
12.0,12,78.951575
72.0,72,79.124848
101.0,101,79.36371
9.0,9,79.390222
44.0,44,79.497648
14.0,14,79.529049
59.0,59,79.658139
33.0,33,79.725492
28.0,28,79.787336
58.0,58,79.881244
35.0,35,79.918226
47.0,47,79.974944
25.0,25,80.01373
44.0,44,80.108813
73.0,73,80.269649
34.0,34,80.33889
31.0,31,80.405638
53.0,53,80.516974
46.0,46,80.610721
10.0,10,80.634458
19.0,19,80.679391
32.0,32,80.739114
21.0,21,80.78993
9.0,9,80.811062
41.0,41,80.897431
31.0,31,80.95984
73.0,73,81.107671
39.0,39,81.204931
6.0,6,81.224419
87.0,87,81.424214
41.0,41,81.492035
61.0,61,81.626853
23.0,23,81.675725
65.0,65,81.817532
10.0,10,81.838093
25.0,25,81.883888
67.0,67,82.037651
28.0,28,82.082911
78.0,78,82.251948
60.0,60,82.363703
54.0,54,82.482146
33.0,33,82.532454
40.0,40,82.615542
62.0,62,82.746458
21.0,21,82.793356
71.0,71,82.936681
13.0,13,82.962378
38.0,38,83.056573
88.0,88,89.148083
68.0,68,89.308727
64.0,64,89.460137
30.0,30,89.562217
21.0,21,89.593094
16.0,16,89.626759
60.0,60,89.765654
28.0,28,89.82704
68.0,68,89.989675
38.0,38,90.065161
62.0,62,90.205151
112.0,112,90.460518
27.0,27,90.489042
72.0,72,90.608867
26.0,26,90.659282
25.0,25,90.744186
28.0,28,90.812352
12.0,12,90.858433
81.0,81,90.999649
54.0,54,91.105387
62.0,62,91.227241
52.0,52,91.343244
86.0,86,91.516397
63.0,63,91.601837
51.0,51,91.655765
27.0,27,91.717279
21.0,21,91.756052
71.0,71,91.863223
60.0,60,91.997992
19.0,19,92.044186
61.0,61,92.176874
76.0,76,92.339789
12.0,12,92.35271
52.0,52,92.460865
37.0,37,92.538253
59.0,59,92.687136
27.0,27,92.741024
37.0,37,92.826009
75.0,75,92.983416
120.0,120,93.237347
77.0,77,99.901546
67.0,67,99.98913
70.0,70,100.150721
16.0,16,100.186102
56.0,56,100.321302
102.0,102,100.583182
95.0,95,100.832537
52.0,52,100.944028
16.0,16,100.976274
87.0,87,101.171814
56.0,56,101.278304
19.0,19,101.329365
150.0,150,101.643246
51.0,51,101.741324
47.0,47,101.842981
66.0,66,101.976133
22.0,22,102.031543
117.0,117,102.265992
48.0,48,102.37234
27.0,27,102.429505
54.0,54,102.5441
28.0,28,102.602636
43.0,43,102.694698
50.0,50,102.809232
82.0,82,102.97484
77.0,77,103.131824
32.0,32,103.197152
97.0,97,103.392708
84.0,84,103.613252
100.0,100,103.804909
49.0,49,103.908405
83.0,83,104.024639
124.0,124,110.789679
81.0,81,110.97355
53.0,53,111.062413
100.0,100,111.30366
62.0,62,111.446112
72.0,72,111.605011
53.0,53,111.717968
65.0,65,111.875045
126.0,126,112.126754
56.0,56,112.246785
162.0,162,112.487219
135.0,135,112.664171
68.0,68,112.781885
82.0,82,112.941168
54.0,54,113.046168
53.0,53,113.166522
83.0,83,113.33982
67.0,67,113.516822
79.0,79,113.646142
98.0,98,113.816227
39.0,39,113.90902
19.0,19,113.953055
65.0,65,114.020099
113.0,113,114.208496
61.0,61,114.329443
67.0,67,114.474317
86.0,86,121.569324
64.0,64,121.709308
200.0,200,122.223223
67.0,67,122.408462
209.0,209,122.81596
13.0,13,122.833732
173.0,173,123.229959
66.0,66,123.36855
96.0,96,123.573287
87.0,87,123.740521
101.0,101,123.960706
77.0,77,124.120486
109.0,109,124.300117
108.0,108,124.467671
44.0,44,124.567721
121.0,121,124.823825
143.0,143,125.109766
98.0,98,125.37331
68.0,68,125.528042
96.0,96,125.658804
70.0,70,125.816223
141.0,141,133.05755
62.0,62,133.245248
62.0,62,133.314451
118.0,118,133.595617
126.0,126,133.870946
197.0,197,134.288676
164.0,164,134.681215
39.0,39,134.757322
79.0,79,134.936182
74.0,74,135.091295
206.0,206,135.553708
196.0,196,135.996557
106.0,106,136.203797
72.0,72,136.360473
59.0,59,136.511726
151.0,151,136.782611
165.0,165,137.134437
110.0,110,144.416389
75.0,75,144.589031
116.0,116,144.760188
166.0,166,145.087021
65.0,65,145.228824
133.0,133,145.560556
95.0,95,145.75359
106.0,106,145.990892
109.0,109,146.166789
52.0,52,146.27966
73.0,73,146.421082
135.0,135,146.686735
100.0,100,146.894992
250.0,250,147.533528
88.0,88,147.627401
284.0,284,148.242428
116.0,116,148.484842
71.0,71,154.956922
108.0,108,155.20565
172.0,172,155.565661
209.0,209,155.991205
160.0,160,156.346939
222.0,222,157.000096
62.0,62,157.140562
169.0,169,157.553644
175.0,175,157.856673
69.0,69,157.971173
178.0,178,158.209564
86.0,86,158.365162
58.0,58,158.47422
215.0,215,158.947252
68.0,68,159.09412
157.0,157,166.164995
186.0,186,166.542097
138.0,138,166.830734
402.0,402,167.689667
261.0,261,168.2352
117.0,117,168.479594
30.0,30,168.543709
153.0,153,168.864168
102.0,102,169.071105
232.0,232,169.565297
248.0,248,170.083466
373.0,373,177.875207
343.0,343,178.560935
260.0,260,179.155583
142.0,142,179.476222
236.0,236,179.948367
211.0,211,180.422669
152.0,152,180.747873
298.0,298,181.393617
252.0,252,188.633618
236.0,236,188.98036
241.0,241,189.452882
396.0,396,190.305801
144.0,144,190.608656
276.0,276,191.179699
182.0,182,191.575814
164.0,164,191.915663
267.0,267,199.209222
367.0,367,200.090243
261.0,261,200.649077
503.0,503,201.679997
449.0,449,202.597527
327.0,327,203.279699
552.0,552,210.785491
179.0,179,211.283754
615.0,615,212.948757
759.0,759,214.869465
1000.0,1000,223.488524
1000.0,1000,225.608633
509.0,509,233.436306
495.0,495,234.536807
851.0,851,236.469818
1000.0,1000,245.05823
1000.0,1000,247.230904
1000.0,1000,257.110365
1000.0,1000,259.16012
907.0,907,268.14697
1000.0,1000,270.191972
1000.0,1000,278.856671
1000.0,1000,281.11519
1000.0,1000,289.273231
1000.0,1000,291.696813
1000.0,1000,301.571863
685.0,685,302.855071
1000.0,1000,304.635357
856.0,856,312.958721
912.0,912,315.013623
266.0,266,315.606026
1000.0,1000,324.292881
1000.0,1000,326.45046
1000.0,1000,335.19617
1000.0,1000,337.474738
1000.0,1000,346.602695
1000.0,1000,348.940529
1000.0,1000,357.940033
1000.0,1000,360.116493
1000.0,1000,369.461354
1000.0,1000,371.625211
1000.0,1000,380.04487
335.0,335,380.735684
1000.0,1000,389.653757
1000.0,1000,391.651437
1000.0,1000,393.698246
1000.0,1000,402.976875
1000.0,1000,405.143847
1000.0,1000,413.517364
260.0,260,414.201495
84.0,84,414.385287
218.0,218,414.901613
514.0,514,416.135561
171.0,171,423.069551
1000.0,1000,425.206009
1000.0,1000,433.889628
1000.0,1000,436.17335
1000.0,1000,445.263347
337.0,337,446.07695
1000.0,1000,448.255291
578.0,578,449.490218
1000.0,1000,458.970988
1000.0,1000,461.041068
885.0,885,469.341493
1000.0,1000,471.273028
775.0,775,479.554647
622.0,622,480.964282
298.0,298,481.765901
1000.0,1000,490.405173
1000.0,1000,492.470945
1000.0,1000,500.752407
1000.0,1000,502.628161
1000.0,1000,511.177191
1000.0,1000,513.238571
1000.0,1000,521.87904
1000.0,1000,523.954972
1000.0,1000,533.516463
1000.0,1000,535.470543
1000.0,1000,544.035773
1000.0,1000,545.952198
294.0,294,546.615125
239.0,239,547.149444
1000.0,1000,555.829529
1000.0,1000,557.994468
1000.0,1000,566.850479
1000.0,1000,568.948512
1000.0,1000,577.78837
1000.0,1000,579.966166
1000.0,1000,588.942213
1000.0,1000,590.864594
1000.0,1000,599.510526
1000.0,1000,601.646621
1000.0,1000,610.141045
1000.0,1000,612.482286
1000.0,1000,620.957457
708.0,708,622.505356
1000.0,1000,624.387715
1000.0,1000,632.990649
612.0,612,634.262644
1000.0,1000,642.731759
1000.0,1000,645.118849
723.0,723,653.095756
181.0,181,653.314543
581.0,581,654.43193
876.0,876,656.345314
1000.0,1000,664.866044
1000.0,1000,666.99497
1000.0,1000,675.505343
1000.0,1000,676.974119
1000.0,1000,685.262688
1000.0,1000,687.393463
1000.0,1000,696.006164
1000.0,1000,698.101701
1000.0,1000,706.519354
1000.0,1000,708.652615
1000.0,1000,717.113804
1000.0,1000,719.350902
1000.0,1000,727.656828
285.0,285,728.179212
1000.0,1000,730.275918
1000.0,1000,738.434622
1000.0,1000,740.421298
1000.0,1000,749.135035
1000.0,1000,751.315574
1000.0,1000,760.324662
1000.0,1000,762.505816
1000.0,1000,770.61454
1000.0,1000,772.758357
1000.0,1000,781.019649
1000.0,1000,783.135916
1000.0,1000,791.915864
1000.0,1000,793.889838
1000.0,1000,802.143777
1000.0,1000,804.085486
1000.0,1000,811.957822
223.0,223,812.41292
1000.0,1000,814.187127
1000.0,1000,822.426204
1000.0,1000,824.241314
1000.0,1000,832.121733
1000.0,1000,833.804744
1000.0,1000,841.414356
1000.0,1000,843.144499
1000.0,1000,850.197936
1000.0,1000,851.986063
1000.0,1000,859.710028
1000.0,1000,861.566339
1000.0,1000,868.937525
1000.0,1000,870.862389
1000.0,1000,878.033297
1000.0,1000,879.892357
913.0,913,886.965994
1000.0,1000,888.793639
1000.0,1000,897.199552
969.0,969,899.239621
1000.0,1000,907.718506
1000.0,1000,910.049353
1000.0,1000,912.101463
1000.0,1000,921.167864
1000.0,1000,923.251736
1000.0,1000,931.972954
1000.0,1000,933.831627
1000.0,1000,941.871963
1000.0,1000,943.658804
773.0,773,951.562968
1000.0,1000,953.635017
1000.0,1000,962.662765
1000.0,1000,964.728252
548.0,548,972.531671
1000.0,1000,974.551228
1000.0,1000,983.644967
1000.0,1000,985.428328
1000.0,1000,987.607435
1000.0,1000,996.004426
1000.0,1000,998.084895
1000.0,1000,1006.380622
1000.0,1000,1008.234702
1000.0,1000,1016.262105
1000.0,1000,1018.336867
1000.0,1000,1027.062174
1000.0,1000,1029.160133
1000.0,1000,1037.481724
1000.0,1000,1039.615712
1000.0,1000,1047.981826
1000.0,1000,1050.162902
1000.0,1000,1057.587343
1000.0,1000,1059.282103
1000.0,1000,1066.846256
1000.0,1000,1068.537324
872.0,872,1075.798356
298.0,298,1076.464163
221.0,221,1076.912242
140.0,140,1077.243733
181.0,181,1077.629462
832.0,832,1086.477035
144.0,144,1086.79819
924.0,924,1088.62509
411.0,411,1089.391968
448.0,448,1090.321672
1000.0,1000,1098.567341
1000.0,1000,1100.822223
1000.0,1000,1110.109703
1000.0,1000,1112.205908
1000.0,1000,1121.330249
1000.0,1000,1123.492209
1000.0,1000,1132.216283
1000.0,1000,1134.325227
1000.0,1000,1143.249243
1000.0,1000,1145.367613
1000.0,1000,1154.370916
1000.0,1000,1156.322996
1000.0,1000,1164.424034
1000.0,1000,1166.552422
1000.0,1000,1175.446182
1000.0,1000,1177.654979
1000.0,1000,1186.902704
1000.0,1000,1188.794002
1000.0,1000,1198.302684
1000.0,1000,1200.291314
1000.0,1000,1209.12972
1000.0,1000,1210.992421
1000.0,1000,1219.574169
1000.0,1000,1221.78055
1000.0,1000,1230.633546
910.0,910,1232.521701
1000.0,1000,1241.338456
1000.0,1000,1243.132955
1000.0,1000,1251.922552
446.0,446,1252.877522
1000.0,1000,1255.019055
1000.0,1000,1264.434027
1000.0,1000,1266.561002
1000.0,1000,1275.762623
1000.0,1000,1277.772833
1000.0,1000,1286.915687
645.0,645,1288.295623
1000.0,1000,1296.999756
1000.0,1000,1298.975658
1000.0,1000,1307.636282
1000.0,1000,1309.928167
1000.0,1000,1311.887601
1000.0,1000,1320.653625
1000.0,1000,1322.756593
1000.0,1000,1331.327104
1000.0,1000,1333.512089
1000.0,1000,1341.809118
1000.0,1000,1343.996012
1000.0,1000,1353.320463
1000.0,1000,1355.371948
1000.0,1000,1364.280507
1000.0,1000,1366.439044
1000.0,1000,1374.843525
1000.0,1000,1376.888167
1000.0,1000,1385.865432
1000.0,1000,1387.871372
1000.0,1000,1397.119091
1000.0,1000,1399.287053
698.0,698,1407.291793
1000.0,1000,1409.813246
1000.0,1000,1418.609962
1000.0,1000,1420.723313
1000.0,1000,1430.18285
1000.0,1000,1432.484571
225.0,225,1433.109822
1000.0,1000,1441.849397
1000.0,1000,1443.927789
1000.0,1000,1452.974264
1000.0,1000,1455.15425
1000.0,1000,1463.795581
283.0,283,1464.532846
1000.0,1000,1466.700456
1000.0,1000,1475.448981
1000.0,1000,1477.700646
1000.0,1000,1486.982298
1000.0,1000,1489.070385
1000.0,1000,1497.63546
1000.0,1000,1499.946331
1000.0,1000,1509.458038
1000.0,1000,1511.566069
1000.0,1000,1520.683924
1000.0,1000,1522.779936
1000.0,1000,1531.731641
1000.0,1000,1534.242513
112.0,112,1534.490845
1000.0,1000,1543.099681
761.0,761,1544.798928
1000.0,1000,1553.565363
1000.0,1000,1555.645178
1000.0,1000,1564.594562
1000.0,1000,1566.788807
1000.0,1000,1568.741345
1000.0,1000,1577.637192
1000.0,1000,1580.119376
1000.0,1000,1589.13351
1000.0,1000,1590.735304
1000.0,1000,1600.042122
1000.0,1000,1602.132876
1000.0,1000,1610.922047
1000.0,1000,1613.051587
1000.0,1000,1621.435071
1000.0,1000,1623.270809
1000.0,1000,1632.418111
1000.0,1000,1634.650927
1000.0,1000,1643.254459
1000.0,1000,1645.386172
1000.0,1000,1654.865503
1000.0,1000,1656.988531
1000.0,1000,1666.228565
1000.0,1000,1668.271593
1000.0,1000,1677.111461
1000.0,1000,1679.083612
1000.0,1000,1687.58481
1000.0,1000,1689.671903
1000.0,1000,1698.718828
1000.0,1000,1700.383565
1000.0,1000,1709.082276
1000.0,1000,1711.228693
1000.0,1000,1720.101281
1000.0,1000,1722.343947
1000.0,1000,1730.787074
1000.0,1000,1732.955608
1000.0,1000,1741.361461
1000.0,1000,1743.443838
1000.0,1000,1751.961262
1000.0,1000,1754.074571
1000.0,1000,1763.001682
1000.0,1000,1764.979888
1000.0,1000,1773.563733
1000.0,1000,1775.65908
1000.0,1000,1784.757421
1000.0,1000,1787.034173
1000.0,1000,1796.137293
1000.0,1000,1798.302446
1000.0,1000,1800.454145
1000.0,1000,1809.569908
1000.0,1000,1811.472819
1000.0,1000,1819.757335
1000.0,1000,1821.878312
1000.0,1000,1830.776082
1000.0,1000,1832.796388
1000.0,1000,1841.249822
279.0,279,1841.728373
1000.0,1000,1850.497834
1000.0,1000,1853.020262
1000.0,1000,1855.10482
1000.0,1000,1864.362649
1000.0,1000,1866.619282
581.0,581,1874.859694
1000.0,1000,1876.957422
1000.0,1000,1885.785348
867.0,867,1887.868146
1000.0,1000,1896.605438
1000.0,1000,1898.681417
1000.0,1000,1907.242218
1000.0,1000,1909.327704
1000.0,1000,1917.364393
1000.0,1000,1919.459152
1000.0,1000,1927.961913
1000.0,1000,1930.182287
1000.0,1000,1939.954658
1000.0,1000,1942.36664
1000.0,1000,1951.039598
1000.0,1000,1953.211978
676.0,676,1954.526579
1000.0,1000,1962.985149
1000.0,1000,1965.12701
1000.0,1000,1973.449925
1000.0,1000,1975.577327
1000.0,1000,1984.488183
1000.0,1000,1986.612884
765.0,765,1995.337495
1000.0,1000,1997.42892
1000.0,1000,2006.262841
1000.0,1000,2008.198375
1000.0,1000,2017.208489
1000.0,1000,2019.271619
1000.0,1000,2028.187772
1000.0,1000,2030.171335
1000.0,1000,2038.912563
1000.0,1000,2041.089257
1000.0,1000,2050.071253
1000.0,1000,2052.60482
1000.0,1000,2061.07351
1000.0,1000,2063.20923
1000.0,1000,2065.318547
1000.0,1000,2074.883271
1000.0,1000,2077.06749
1000.0,1000,2085.503602
1000.0,1000,2087.532865
1000.0,1000,2096.849195
1000.0,1000,2098.80255
1000.0,1000,2107.395907
1000.0,1000,2109.666432
1000.0,1000,2118.585981
1000.0,1000,2120.82937
1000.0,1000,2129.281183
1000.0,1000,2131.505911
1000.0,1000,2140.321237
1000.0,1000,2142.383655
1000.0,1000,2150.71965
1000.0,1000,2152.868559
1000.0,1000,2161.369674
1000.0,1000,2163.555044
1000.0,1000,2171.96272
1000.0,1000,2174.049941
1000.0,1000,2182.698944
1000.0,1000,2184.769336
1000.0,1000,2193.337962
1000.0,1000,2195.554984
1000.0,1000,2204.364584
1000.0,1000,2206.365499
1000.0,1000,2216.137916
1000.0,1000,2218.045031
1000.0,1000,2226.7104
1000.0,1000,2228.733407
1000.0,1000,2237.022754
105.0,105,2237.222332
1000.0,1000,2238.884646
1000.0,1000,2247.607639
1000.0,1000,2249.539508
1000.0,1000,2257.829481
1000.0,1000,2259.870605
1000.0,1000,2269.347226
1000.0,1000,2271.781151
1000.0,1000,2280.214205
1000.0,1000,2282.418324
1000.0,1000,2291.59702
1000.0,1000,2293.647331
1000.0,1000,2302.366921
1000.0,1000,2304.636034
1000.0,1000,2313.154784
1000.0,1000,2315.208499
1000.0,1000,2317.187884
1000.0,1000,2326.164584
1000.0,1000,2328.326027
1000.0,1000,2336.859429
1000.0,1000,2338.914165
1000.0,1000,2347.673994
1000.0,1000,2349.83894
1000.0,1000,2359.528517
1000.0,1000,2361.698801
1000.0,1000,2370.661047
1000.0,1000,2372.866538
1000.0,1000,2381.713815
1000.0,1000,2383.582468
1000.0,1000,2392.836601
1000.0,1000,2394.827604
1000.0,1000,2403.711056
1000.0,1000,2405.788302
1000.0,1000,2414.738484
1000.0,1000,2417.04687
1000.0,1000,2426.396625
1000.0,1000,2428.680758
670.0,670,2436.966564
1000.0,1000,2439.182203
1000.0,1000,2447.983834
1000.0,1000,2450.107928
1000.0,1000,2458.932272
1000.0,1000,2461.044104
287.0,287,2461.679489
1000.0,1000,2470.010803
105.0,105,2470.256069
1000.0,1000,2472.376895
1000.0,1000,2481.111641
1000.0,1000,2482.957396
1000.0,1000,2491.188069
1000.0,1000,2493.329103
1000.0,1000,2501.765487
1000.0,1000,2503.49385
1000.0,1000,2511.474298
1000.0,1000,2513.074068
460.0,460,2514.032924
1000.0,1000,2522.006602
1000.0,1000,2524.085258
1000.0,1000,2533.045897
1000.0,1000,2535.044906
1000.0,1000,2543.214878
1000.0,1000,2545.095258
1000.0,1000,2553.037102
1000.0,1000,2554.649389
829.0,829,2562.315161
460.0,460,2563.379733
763.0,763,2565.067532
468.0,468,2566.089535
229.0,229,2572.940268
477.0,477,2574.028149
294.0,294,2574.649246
149.0,149,2574.91025
511.0,511,2576.067026
482.0,482,2583.847607
349.0,349,2584.561017
224.0,224,2585.069458
661.0,661,2586.606996
501.0,501,2587.713176
347.0,347,2595.396311
1000.0,1000,2597.488344
660.0,660,2599.028339
1000.0,1000,2607.995573
1000.0,1000,2610.288483
1000.0,1000,2619.08593
1000.0,1000,2621.161352
1000.0,1000,2630.123108
1000.0,1000,2632.236378
1000.0,1000,2640.823577
1000.0,1000,2642.988531
118.0,118,2643.243408
1000.0,1000,2651.832423
1000.0,1000,2654.034204
236.0,236,2654.534279
947.0,947,2663.458637
475.0,475,2664.470192
407.0,407,2665.341789
1000.0,1000,2674.628355
1000.0,1000,2676.746486
1000.0,1000,2685.48328
1000.0,1000,2687.713287
1000.0,1000,2697.361561
416.0,416,2698.271986
1000.0,1000,2700.277929
1000.0,1000,2708.666148
915.0,915,2710.704546
1000.0,1000,2719.620693
74.0,74,2719.791777
1000.0,1000,2721.849628
447.0,447,2729.427737
233.0,233,2729.924834
476.0,476,2730.74278
1000.0,1000,2732.938022
853.0,853,2741.240381
1000.0,1000,2743.532753
1000.0,1000,2752.243721
691.0,691,2753.802584
1000.0,1000,2762.583199
977.0,977,2764.538803
581.0,581,2765.702667
1000.0,1000,2774.339858
1000.0,1000,2776.496185
1000.0,1000,2786.178146
49.0,49,2786.229533
1000.0,1000,2788.470743
1000.0,1000,2797.334284
1000.0,1000,2799.439079
1000.0,1000,2807.997108
1000.0,1000,2810.245501
1000.0,1000,2819.054827
1000.0,1000,2820.96191
1000.0,1000,2829.472537
1000.0,1000,2831.414219
1000.0,1000,2840.86699
1000.0,1000,2842.953453
1000.0,1000,2852.04547
1000.0,1000,2854.245938
1000.0,1000,2862.807133
1000.0,1000,2864.694653
1000.0,1000,2873.687967
1000.0,1000,2875.958748
1000.0,1000,2884.442141
1000.0,1000,2886.519446
1000.0,1000,2895.052147
1000.0,1000,2897.10547
1000.0,1000,2905.726849
1000.0,1000,2907.695594
262.0,262,2908.137445
1000.0,1000,2917.515217
1000.0,1000,2919.85814
1000.0,1000,2928.664047
1000.0,1000,2930.72579
1000.0,1000,2939.296708
1000.0,1000,2941.721169
1000.0,1000,2950.861348
1000.0,1000,2952.60278
1000.0,1000,2961.247612
1000.0,1000,2963.361411
1000.0,1000,2971.871659
1000.0,1000,2973.743745
1000.0,1000,2981.966546
1000.0,1000,2984.1061
1000.0,1000,2992.340176
1000.0,1000,2994.491509
706.0,706,2995.993056
1000.0,1000,3005.227901
1000.0,1000,3007.527123
1000.0,1000,3015.980161
1000.0,1000,3018.059667
1000.0,1000,3026.294686
1000.0,1000,3028.493751
1000.0,1000,3036.734716
1000.0,1000,3038.569793
374.0,374,3039.249467
1000.0,1000,3047.658104
1000.0,1000,3049.88467
1000.0,1000,3058.804145
1000.0,1000,3060.97968
1000.0,1000,3069.299909
1000.0,1000,3071.287219
1000.0,1000,3079.541374
1000.0,1000,3081.357898
1000.0,1000,3090.238505
1000.0,1000,3091.967981
1000.0,1000,3101.37339
1000.0,1000,3103.536672
1000.0,1000,3112.568514
1000.0,1000,3114.686542
1000.0,1000,3123.062008
1000.0,1000,3125.200511
1000.0,1000,3134.071862
1000.0,1000,3136.202529
1000.0,1000,3145.00287
1000.0,1000,3147.376399
1000.0,1000,3155.800188
1000.0,1000,3157.675705
1000.0,1000,3166.803094
1000.0,1000,3168.849
1000.0,1000,3177.94685
503.0,503,3179.024446
1000.0,1000,3180.851721
1000.0,1000,3189.07564
1000.0,1000,3191.153518
1000.0,1000,3199.73716
1000.0,1000,3201.86973
599.0,599,3209.609957
424.0,424,3210.515187
1000.0,1000,3212.533826
1000.0,1000,3220.843486
131.0,131,3221.085375
1000.0,1000,3223.37796
664.0,664,3231.387836
1000.0,1000,3233.358106
1000.0,1000,3242.465735
940.0,940,3244.626791
1000.0,1000,3253.718509
1000.0,1000,3255.793242
1000.0,1000,3264.394704
1000.0,1000,3266.541295
1000.0,1000,3275.824495
734.0,734,3277.356531
1000.0,1000,3279.369784
194.0,194,3286.051913
1000.0,1000,3288.427701
817.0,817,3290.136739
1000.0,1000,3298.616184
1000.0,1000,3300.764667
1000.0,1000,3309.507547
1000.0,1000,3311.440933
1000.0,1000,3320.03737
1000.0,1000,3322.292542
1000.0,1000,3331.392852
1000.0,1000,3333.536572
1000.0,1000,3342.508882
1000.0,1000,3344.773393
1000.0,1000,3353.705972
1000.0,1000,3355.900799
1000.0,1000,3365.76792
1000.0,1000,3367.830025
692.0,692,3376.231267
1000.0,1000,3378.249434
1000.0,1000,3386.70293
1000.0,1000,3388.906757
1000.0,1000,3397.767375
1000.0,1000,3399.644833
1000.0,1000,3407.895986
1000.0,1000,3409.925491
1000.0,1000,3418.587775
1000.0,1000,3420.276606
1000.0,1000,3421.966739
1000.0,1000,3430.763575
1000.0,1000,3433.026064
1000.0,1000,3442.385706
1000.0,1000,3444.490686
1000.0,1000,3453.136186
1000.0,1000,3455.282844
1000.0,1000,3463.86801
1000.0,1000,3466.005896
1000.0,1000,3475.109967
1000.0,1000,3477.354429
1000.0,1000,3486.129207
1000.0,1000,3488.201263
1000.0,1000,3496.937605
604.0,604,3498.058686
1000.0,1000,3506.640454
1000.0,1000,3508.789525
1000.0,1000,3517.616122
1000.0,1000,3519.573375
1000.0,1000,3528.703147
1000.0,1000,3531.058928
459.0,459,3532.050118
1000.0,1000,3540.292208
1000.0,1000,3542.398931
1000.0,1000,3551.247953
1000.0,1000,3553.119236
1000.0,1000,3561.762434
1000.0,1000,3563.980948
1000.0,1000,3572.244801
1000.0,1000,3574.336322
117.0,117,3574.542935
995.0,995,3583.008181
213.0,213,3583.468125
126.0,126,3583.741938
638.0,638,3585.124166
400.0,400,3586.00091
946.0,946,3594.51048
572.0,572,3595.805664
1000.0,1000,3604.278637
599.0,599,3605.35987
1000.0,1000,3607.432144
1000.0,1000,3617.010831
693.0,693,3618.763546
1000.0,1000,3627.794124
694.0,694,3629.337955
1000.0,1000,3637.534368
1000.0,1000,3639.681284
1000.0,1000,3648.322052
1000.0,1000,3650.222881
1000.0,1000,3659.244098
1000.0,1000,3661.375401
1000.0,1000,3663.502045
1000.0,1000,3671.858126
1000.0,1000,3673.991733
1000.0,1000,3682.822932
1000.0,1000,3684.820637
1000.0,1000,3693.353587
1000.0,1000,3695.644739
1000.0,1000,3704.634442
421.0,421,3705.540153
1000.0,1000,3714.471871
1000.0,1000,3716.607993
1000.0,1000,3725.418622
1000.0,1000,3727.449744
1000.0,1000,3735.948794
1000.0,1000,3738.104575
905.0,905,3740.245415
1000.0,1000,3748.472609
1000.0,1000,3750.51256
1000.0,1000,3759.56883
1000.0,1000,3761.51413
1000.0,1000,3770.29779
1000.0,1000,3772.58381
1000.0,1000,3781.17937
1000.0,1000,3783.120073
1000.0,1000,3792.333785
1000.0,1000,3794.498839
1000.0,1000,3804.148812
897.0,897,3806.089239
1000.0,1000,3814.972826
1000.0,1000,3816.868131
1000.0,1000,3826.059276
1000.0,1000,3828.038878
1000.0,1000,3837.228976
1000.0,1000,3839.197073
1000.0,1000,3848.036393
1000.0,1000,3850.647411
1000.0,1000,3859.209176
1000.0,1000,3861.512417
1000.0,1000,3870.967618
1000.0,1000,3873.041063
1000.0,1000,3881.592554
1000.0,1000,3883.619247
1000.0,1000,3891.668633
1000.0,1000,3893.79832
1000.0,1000,3902.895092
1000.0,1000,3905.070159
1000.0,1000,3913.681486
653.0,653,3915.128281
1000.0,1000,3917.179488
1000.0,1000,3926.203617
1000.0,1000,3928.125201
585.0,585,3936.024875
416.0,416,3936.915452
484.0,484,3937.810286
1000.0,1000,3946.347211
806.0,806,3947.833914
453.0,453,3948.858843
1000.0,1000,3958.087239
1000.0,1000,3960.0691
1000.0,1000,3968.241102
1000.0,1000,3970.337093
1000.0,1000,3979.221708
1000.0,1000,3981.366013
91.0,91,3981.592151
1000.0,1000,3990.195294
1000.0,1000,3992.508324
1000.0,1000,4001.404756
1000.0,1000,4003.523443
1000.0,1000,4012.47172
85.0,85,4012.641209
676.0,676,4013.957355
1000.0,1000,4016.051731
750.0,750,4024.500633
295.0,295,4025.277899
700.0,700,4027.18156
1000.0,1000,4036.402011
435.0,435,4037.343197
1000.0,1000,4045.458223
1000.0,1000,4047.283832
1000.0,1000,4049.138762
1000.0,1000,4058.170696
1000.0,1000,4060.344406
370.0,370,4067.809157
1000.0,1000,4069.920048
389.0,389,4070.748311
1000.0,1000,4079.590052
1000.0,1000,4081.648622
1000.0,1000,4089.824035
1000.0,1000,4091.922359
1000.0,1000,4100.897728
1000.0,1000,4102.94188
1000.0,1000,4111.441475
1000.0,1000,4113.607758
1000.0,1000,4122.199261
1000.0,1000,4124.279055
1000.0,1000,4133.361172
228.0,228,4133.834117
1000.0,1000,4135.941183
1000.0,1000,4145.357547
1000.0,1000,4147.567317
1000.0,1000,4155.944401
1000.0,1000,4157.966501
1000.0,1000,4167.37378
1000.0,1000,4169.375515
1000.0,1000,4178.281193
1000.0,1000,4180.316041
1000.0,1000,4188.812587
1000.0,1000,4190.975135
1000.0,1000,4199.994113
131.0,131,4200.223572
1000.0,1000,4202.148188
1000.0,1000,4211.568232
977.0,977,4213.686671
1000.0,1000,4222.765091
1000.0,1000,4224.591817
853.0,853,4233.331575
1000.0,1000,4235.311511
1000.0,1000,4243.471445
1000.0,1000,4245.731704
1000.0,1000,4254.01576
1000.0,1000,4256.14817
300.0,300,4256.651866
1000.0,1000,4265.708709
1000.0,1000,4267.586156
1000.0,1000,4275.744064
1000.0,1000,4278.247365
1000.0,1000,4287.54441
1000.0,1000,4289.659127
1000.0,1000,4298.791356
1000.0,1000,4300.892039
1000.0,1000,4309.225934
1000.0,1000,4311.244244
668.0,668,4312.693617
1000.0,1000,4321.295781
1000.0,1000,4323.398767
1000.0,1000,4332.357528
1000.0,1000,4334.230587
1000.0,1000,4342.900395
1000.0,1000,4345.040949
1000.0,1000,4354.367337
1000.0,1000,4356.283282
1000.0,1000,4365.805819
1000.0,1000,4367.773299
1000.0,1000,4375.838435
1000.0,1000,4377.726374
1000.0,1000,4386.838804
1000.0,1000,4388.892566
1000.0,1000,4397.830645
1000.0,1000,4399.990111
1000.0,1000,4408.151299
1000.0,1000,4409.961419
1000.0,1000,4418.612844
1000.0,1000,4420.776297
1000.0,1000,4429.368465
1000.0,1000,4431.386898
1000.0,1000,4440.72928
1000.0,1000,4442.895655
1000.0,1000,4451.360822
1000.0,1000,4453.23189
1000.0,1000,4462.304978
1000.0,1000,4464.290113
1000.0,1000,4473.149186
1000.0,1000,4475.109288
1000.0,1000,4483.839436
1000.0,1000,4485.921627
1000.0,1000,4487.83554
1000.0,1000,4496.335123
1000.0,1000,4498.171211
1000.0,1000,4507.07303
1000.0,1000,4508.971006
1000.0,1000,4517.509488
1000.0,1000,4519.624301
1000.0,1000,4528.951227
1000.0,1000,4531.060448
1000.0,1000,4539.784935
1000.0,1000,4541.922229
240.0,240,4542.442003
1000.0,1000,4550.823503
442.0,442,4551.847735
1000.0,1000,4560.845253
246.0,246,4561.408864
1000.0,1000,4563.665493
1000.0,1000,4573.139066
1000.0,1000,4575.262593
1000.0,1000,4584.90216
1000.0,1000,4586.841446
1000.0,1000,4596.117516
1000.0,1000,4598.236286
1000.0,1000,4606.833623
1000.0,1000,4609.110058
1000.0,1000,4617.681295
1000.0,1000,4619.848486
1000.0,1000,4628.834724
1000.0,1000,4631.115581
1000.0,1000,4639.640953
1000.0,1000,4641.925612
976.0,976,4651.013678
854.0,854,4652.625189
1000.0,1000,4654.607351
1000.0,1000,4663.2022
1000.0,1000,4665.206491
1000.0,1000,4674.316272
1000.0,1000,4676.772619
1000.0,1000,4685.551579
1000.0,1000,4687.289513
1000.0,1000,4695.947265
1000.0,1000,4698.060351
1000.0,1000,4706.647314
1000.0,1000,4708.782828
1000.0,1000,4717.637654
1000.0,1000,4719.841187
1000.0,1000,4728.435588
1000.0,1000,4730.27988
1000.0,1000,4738.509851
1000.0,1000,4740.622576
1000.0,1000,4749.426145
1000.0,1000,4751.59093
1000.0,1000,4760.021718
1000.0,1000,4762.325292
1000.0,1000,4770.890596
1000.0,1000,4772.867833
1000.0,1000,4781.978807
1000.0,1000,4784.108738
1000.0,1000,4793.014068
1000.0,1000,4795.105992
1000.0,1000,4803.94193
1000.0,1000,4806.128267
1000.0,1000,4815.274181
1000.0,1000,4817.883186
1000.0,1000,4826.933526
1000.0,1000,4829.08224
1000.0,1000,4837.423357
149.0,149,4837.74163
1000.0,1000,4839.911664
1000.0,1000,4848.737034
1000.0,1000,4850.628312
1000.0,1000,4858.774917
1000.0,1000,4860.612917
1000.0,1000,4869.465413
1000.0,1000,4871.700077
1000.0,1000,4881.076052
1000.0,1000,4883.779432
1000.0,1000,4892.762012
1000.0,1000,4894.864662
1000.0,1000,4903.841067
1000.0,1000,4905.936157
1000.0,1000,4915.007622
1000.0,1000,4917.221673
1000.0,1000,4919.225233
1000.0,1000,4928.057989
1000.0,1000,4930.226813
1000.0,1000,4939.319151
1000.0,1000,4941.800112
1000.0,1000,4950.276953
1000.0,1000,4952.471159
1000.0,1000,4961.385091
1000.0,1000,4963.499857
1000.0,1000,4971.895164
1000.0,1000,4974.015907
1000.0,1000,4983.004845
1000.0,1000,4985.225654
1000.0,1000,4994.450695
1000.0,1000,4996.541919
1000.0,1000,5005.23379
1000.0,1000,5007.785304
1000.0,1000,5016.834237
1000.0,1000,5019.034098
1000.0,1000,5026.983944
1000.0,1000,5029.172977
1000.0,1000,5037.831579
1000.0,1000,5039.923848
1000.0,1000,5049.07196
1000.0,1000,5051.092995
1000.0,1000,5060.213895
1000.0,1000,5062.273483
535.0,535,5063.401589
1000.0,1000,5072.760713
1000.0,1000,5074.887077
1000.0,1000,5083.431622
1000.0,1000,5085.601413
1000.0,1000,5094.934904
1000.0,1000,5097.064401
1000.0,1000,5106.120457
1000.0,1000,5107.964568
1000.0,1000,5116.96439
1000.0,1000,5119.132657
1000.0,1000,5128.461322
1000.0,1000,5130.701581
1000.0,1000,5139.526914
1000.0,1000,5141.597515
1000.0,1000,5150.505995
1000.0,1000,5152.534144
1000.0,1000,5161.069972
1000.0,1000,5163.296465
1000.0,1000,5171.830455
1000.0,1000,5174.289528
1000.0,1000,5183.403233
1000.0,1000,5185.368455
1000.0,1000,5194.127579
1000.0,1000,5196.23425
1000.0,1000,5205.487321
1000.0,1000,5207.570055
1000.0,1000,5216.31222
1000.0,1000,5218.549101
1000.0,1000,5227.489264
1000.0,1000,5229.608152
1000.0,1000,5238.613757
1000.0,1000,5240.882467
1000.0,1000,5249.511235
1000.0,1000,5251.54621
1000.0,1000,5260.393459
1000.0,1000,5262.321193
1000.0,1000,5271.350827
1000.0,1000,5273.485502
1000.0,1000,5275.589423
1000.0,1000,5284.514902
1000.0,1000,5286.67384
1000.0,1000,5294.613522
462.0,462,5295.583886
1000.0,1000,5304.494824
1000.0,1000,5306.594949
1000.0,1000,5315.658741
1000.0,1000,5317.59535
1000.0,1000,5325.843701
1000.0,1000,5328.001263
1000.0,1000,5337.110155
1000.0,1000,5339.374266
1000.0,1000,5347.691132
1000.0,1000,5349.920332
1000.0,1000,5358.396748
1000.0,1000,5360.476524
1000.0,1000,5369.033877
1000.0,1000,5371.295837
1000.0,1000,5380.060924
1000.0,1000,5382.126183
1000.0,1000,5384.2633
1000.0,1000,5392.986621
1000.0,1000,5395.091637
1000.0,1000,5403.23928
1000.0,1000,5405.061582
1000.0,1000,5413.964536
1000.0,1000,5416.188504
1000.0,1000,5424.690063
1000.0,1000,5426.953675
1000.0,1000,5436.035954
1000.0,1000,5438.072836
1000.0,1000,5446.986998
1000.0,1000,5448.904414
1000.0,1000,5457.615473
1000.0,1000,5459.731198
1000.0,1000,5467.689738
1000.0,1000,5469.862213
1000.0,1000,5478.732743
1000.0,1000,5480.77827
1000.0,1000,5489.660768
1000.0,1000,5491.810228
1000.0,1000,5500.645395
1000.0,1000,5502.839041
1000.0,1000,5511.663027
1000.0,1000,5513.755202
1000.0,1000,5522.27552
1000.0,1000,5524.613442
1000.0,1000,5534.07785
1000.0,1000,5536.141607
1000.0,1000,5544.669194
306.0,306,5545.246854
1000.0,1000,5547.138479
388.0,388,5547.923727
1000.0,1000,5556.672631
981.0,981,5558.735556
1000.0,1000,5567.686277
1000.0,1000,5569.884521
1000.0,1000,5578.310402
1000.0,1000,5580.344543
1000.0,1000,5589.718028
1000.0,1000,5591.748898
1000.0,1000,5600.135044
1000.0,1000,5602.107432
1000.0,1000,5611.264297
1000.0,1000,5613.316511
1000.0,1000,5622.175105
1000.0,1000,5624.486208
1000.0,1000,5633.549779
1000.0,1000,5635.808257
1000.0,1000,5644.809465
1000.0,1000,5646.733681
1000.0,1000,5655.309261
1000.0,1000,5657.455352
1000.0,1000,5666.352095
1000.0,1000,5668.664961
1000.0,1000,5677.242089
1000.0,1000,5679.187898
1000.0,1000,5687.867795
1000.0,1000,5690.126861
1000.0,1000,5699.045496
1000.0,1000,5701.183736
1000.0,1000,5710.13431
1000.0,1000,5712.327791
1000.0,1000,5720.867766
1000.0,1000,5722.913331
1000.0,1000,5732.086757
1000.0,1000,5734.267605
1000.0,1000,5743.143291
1000.0,1000,5744.704509
1000.0,1000,5753.060658
1000.0,1000,5755.12767
1000.0,1000,5764.00914
1000.0,1000,5766.116438
1000.0,1000,5768.142273
1000.0,1000,5777.076455
1000.0,1000,5778.842172
1000.0,1000,5788.218456
1000.0,1000,5790.073695
1000.0,1000,5798.67295
1000.0,1000,5800.678994
1000.0,1000,5809.700857
1000.0,1000,5811.871781
1000.0,1000,5820.826111
1000.0,1000,5823.002071
1000.0,1000,5831.509455
1000.0,1000,5833.258603
166.0,166,5833.508777
1000.0,1000,5842.289757
1000.0,1000,5844.097189
1000.0,1000,5852.922918
1000.0,1000,5854.800506
1000.0,1000,5863.161517
1000.0,1000,5865.403532
1000.0,1000,5874.103528
1000.0,1000,5876.23738
1000.0,1000,5886.041267
1000.0,1000,5888.152854
1000.0,1000,5896.432062
1000.0,1000,5898.496687
1000.0,1000,5907.240212
1000.0,1000,5909.040726
1000.0,1000,5917.795521
1000.0,1000,5919.956077
1000.0,1000,5928.874195
1000.0,1000,5930.883206
1000.0,1000,5940.141075
1000.0,1000,5942.294272
1000.0,1000,5950.599756
1000.0,1000,5952.430716
1000.0,1000,5960.972068
1000.0,1000,5962.992447
1000.0,1000,5972.094633
1000.0,1000,5974.069954
1000.0,1000,5982.726443
1000.0,1000,5984.396176
1000.0,1000,5992.618332
1000.0,1000,5994.674237
1000.0,1000,6003.920622
1000.0,1000,6006.268419
1000.0,1000,6015.474017
1000.0,1000,6017.520242
1000.0,1000,6025.809895
1000.0,1000,6027.83022
1000.0,1000,6029.766618
1000.0,1000,6038.573538
1000.0,1000,6040.236819
1000.0,1000,6049.676735
1000.0,1000,6051.934774
1000.0,1000,6061.411023
1000.0,1000,6063.655822
1000.0,1000,6072.7432
1000.0,1000,6074.914114
1000.0,1000,6083.947904
1000.0,1000,6086.095558
1000.0,1000,6095.193516
1000.0,1000,6097.258569
1000.0,1000,6105.643577
1000.0,1000,6107.717454
1000.0,1000,6116.442826
1000.0,1000,6118.702153
836.0,836,6127.7333
1000.0,1000,6129.87182
1000.0,1000,6139.006233
1000.0,1000,6141.080686
1000.0,1000,6149.573111
1000.0,1000,6151.550572
1000.0,1000,6160.276883
1000.0,1000,6162.435897
1000.0,1000,6171.004152
1000.0,1000,6173.07389
1000.0,1000,6182.014732
1000.0,1000,6184.225477
1000.0,1000,6193.03509
763.0,763,6194.54045
226.0,226,6194.997808
1000.0,1000,6204.20972
1000.0,1000,6206.346456
1000.0,1000,6215.087849
1000.0,1000,6217.094195
511.0,511,6218.229059
1000.0,1000,6227.062161
1000.0,1000,6229.035418
1000.0,1000,6238.027087
1000.0,1000,6240.17483
1000.0,1000,6249.502767
1000.0,1000,6251.596395
1000.0,1000,6260.195447
1000.0,1000,6262.49464
1000.0,1000,6271.457174
1000.0,1000,6273.457743
1000.0,1000,6281.399873
1000.0,1000,6283.454479
1000.0,1000,6292.121147
1000.0,1000,6294.261904
1000.0,1000,6303.620831
1000.0,1000,6305.967305
1000.0,1000,6314.564983
1000.0,1000,6316.84004
1000.0,1000,6326.098568
1000.0,1000,6328.36512
1000.0,1000,6336.918513
1000.0,1000,6339.091447
1000.0,1000,6341.107491
1000.0,1000,6350.019595
1000.0,1000,6351.851619
1000.0,1000,6360.495654
1000.0,1000,6362.553178
154.0,154,6369.586599
1000.0,1000,6371.786268
1000.0,1000,6374.143363
1000.0,1000,6383.378813
637.0,637,6384.839088
238.0,238,6385.368618
1000.0,1000,6393.85022
577.0,577,6395.048384
605.0,605,6396.399573
992.0,992,6406.064318
1000.0,1000,6408.147067
394.0,394,6414.99427
599.0,599,6416.338001
688.0,688,6417.536025
215.0,215,6417.989814
1000.0,1000,6426.49298
1000.0,1000,6428.600966
1000.0,1000,6437.727828
1000.0,1000,6439.852839
89.0,89,6440.088396
109.0,109,6440.38472
1000.0,1000,6448.934963
1000.0,1000,6451.183588
1000.0,1000,6460.290728
1000.0,1000,6462.125893
1000.0,1000,6470.759732
1000.0,1000,6472.799107
1000.0,1000,6481.046628
1000.0,1000,6483.120045
1000.0,1000,6492.317047
940.0,940,6493.993263
1000.0,1000,6502.337177
1000.0,1000,6504.47846
1000.0,1000,6513.385965
1000.0,1000,6515.494798
1000.0,1000,6523.856535
1000.0,1000,6525.890875
1000.0,1000,6534.754111
1000.0,1000,6536.91234
1000.0,1000,6545.699334
1000.0,1000,6547.706809
1000.0,1000,6556.900926
1000.0,1000,6559.139594
1000.0,1000,6567.68135
1000.0,1000,6569.716523
1000.0,1000,6578.973914
1000.0,1000,6580.998658
1000.0,1000,6589.983604
1000.0,1000,6592.186957
1000.0,1000,6600.996688
1000.0,1000,6602.984639
1000.0,1000,6611.888331
1000.0,1000,6614.039038
1000.0,1000,6623.099804
1000.0,1000,6625.278936
1000.0,1000,6627.493038
1000.0,1000,6636.145047
1000.0,1000,6638.308725
1000.0,1000,6646.463879
1000.0,1000,6648.416968
1000.0,1000,6657.315904
1000.0,1000,6659.396663
1000.0,1000,6668.245304
1000.0,1000,6670.492319
1000.0,1000,6679.438771
1000.0,1000,6681.586554
1000.0,1000,6690.335761
1000.0,1000,6692.540905
1000.0,1000,6701.275553
1000.0,1000,6703.365676
1000.0,1000,6711.797219
1000.0,1000,6714.167225
1000.0,1000,6723.274229
1000.0,1000,6725.386124
1000.0,1000,6734.316145
1000.0,1000,6736.345451
1000.0,1000,6744.925179
1000.0,1000,6747.006206
1000.0,1000,6755.922929
1000.0,1000,6757.963411
1000.0,1000,6766.327461
1000.0,1000,6768.370836
1000.0,1000,6777.32504
1000.0,1000,6779.597255
1000.0,1000,6788.478868
1000.0,1000,6790.504171
1000.0,1000,6799.362108
1000.0,1000,6801.48893
1000.0,1000,6810.093646
1000.0,1000,6812.065027
557.0,557,6813.15169
1000.0,1000,6821.831372
1000.0,1000,6824.0221
1000.0,1000,6833.251555
1000.0,1000,6835.643138
1000.0,1000,6844.70044
1000.0,1000,6846.708591
1000.0,1000,6855.134486
1000.0,1000,6857.121621
1000.0,1000,6865.798593
1000.0,1000,6868.07985
1000.0,1000,6877.396493
1000.0,1000,6879.503391
1000.0,1000,6889.107784
1000.0,1000,6891.216336
1000.0,1000,6899.279553
1000.0,1000,6901.417556
1000.0,1000,6911.023943
1000.0,1000,6913.189558
1000.0,1000,6921.55034
1000.0,1000,6923.591908
1000.0,1000,6932.107104
1000.0,1000,6934.3195
1000.0,1000,6942.991446
1000.0,1000,6944.96559
1000.0,1000,6953.998825
807.0,807,6955.832127
1000.0,1000,6957.812116
898.0,898,6966.415649
1000.0,1000,6968.488587
1000.0,1000,6977.516263
831.0,831,6979.558212
1000.0,1000,6988.726184
1000.0,1000,6990.818028
1000.0,1000,6999.321306
1000.0,1000,7001.637851
1000.0,1000,7010.465683
1000.0,1000,7012.930599
1000.0,1000,7022.560046
1000.0,1000,7024.650376
1000.0,1000,7033.830634
1000.0,1000,7036.048262
1000.0,1000,7045.096726
1000.0,1000,7047.045673
1000.0,1000,7055.805446
1000.0,1000,7057.903341
1000.0,1000,7066.800844
1000.0,1000,7069.16075
1000.0,1000,7078.056562
1000.0,1000,7079.990848
1000.0,1000,7088.586537
1000.0,1000,7090.657124
1000.0,1000,7099.558874
872.0,872,7101.557609
1000.0,1000,7103.547505
359.0,359,7110.769567
1000.0,1000,7112.762161
1000.0,1000,7121.815409
1000.0,1000,7123.994336
1000.0,1000,7132.531648
1000.0,1000,7134.85745
1000.0,1000,7143.606517
1000.0,1000,7145.624404
1000.0,1000,7154.552889
1000.0,1000,7156.70794
1000.0,1000,7158.920446
1000.0,1000,7167.701182
1000.0,1000,7170.068299
514.0,514,7177.924575
1000.0,1000,7180.15877
1000.0,1000,7189.136947
1000.0,1000,7191.400008
837.0,837,7200.200898
1000.0,1000,7202.184727
1000.0,1000,7210.773476
1000.0,1000,7212.924556
1000.0,1000,7221.74889
1000.0,1000,7223.953233
1000.0,1000,7233.001531
1000.0,1000,7234.766956
1000.0,1000,7236.852609
1000.0,1000,7245.82467
1000.0,1000,7247.785019
1000.0,1000,7256.660218
1000.0,1000,7258.778027
1000.0,1000,7267.560118
1000.0,1000,7269.81488
1000.0,1000,7278.722262
1000.0,1000,7280.860553
1000.0,1000,7290.415171
1000.0,1000,7292.597967
1000.0,1000,7301.58987
1000.0,1000,7303.553092
1000.0,1000,7312.620612
740.0,740,7314.125908
1000.0,1000,7323.061697
1000.0,1000,7325.199813
1000.0,1000,7333.502728
1000.0,1000,7335.284346
920.0,920,7344.487556
234.0,234,7344.994354
1000.0,1000,7347.075592
1000.0,1000,7356.129117
1000.0,1000,7358.218082
1000.0,1000,7366.451073
1000.0,1000,7368.597986
1000.0,1000,7377.263971
1000.0,1000,7379.370621
1000.0,1000,7388.405831
1000.0,1000,7390.385296
1000.0,1000,7399.084952
1000.0,1000,7401.178172
1000.0,1000,7410.138882
1000.0,1000,7412.049539
590.0,590,7413.309146
1000.0,1000,7422.160553
1000.0,1000,7424.226318
1000.0,1000,7433.372638
603.0,603,7434.713865
1000.0,1000,7443.509101
1000.0,1000,7445.531007
1000.0,1000,7454.412545
1000.0,1000,7456.754948
1000.0,1000,7465.111881
1000.0,1000,7467.215991
1000.0,1000,7476.331544
1000.0,1000,7478.494317
1000.0,1000,7487.284104
1000.0,1000,7489.632836
1000.0,1000,7491.925776
1000.0,1000,7500.696645
1000.0,1000,7502.910058
1000.0,1000,7511.600073
1000.0,1000,7513.614751
1000.0,1000,7522.103228
1000.0,1000,7524.207017
1000.0,1000,7532.93002
1000.0,1000,7534.875759
1000.0,1000,7544.108382
1000.0,1000,7545.925215
1000.0,1000,7554.275631
1000.0,1000,7556.15982
1000.0,1000,7564.762632
1000.0,1000,7566.938293
1000.0,1000,7575.449106
1000.0,1000,7577.588846
1000.0,1000,7585.979353
1000.0,1000,7588.374623
1000.0,1000,7596.695276
1000.0,1000,7598.774954
1000.0,1000,7607.138192
1000.0,1000,7609.23968
1000.0,1000,7617.673775
1000.0,1000,7619.659999
1000.0,1000,7628.496341
441.0,441,7629.393969
1000.0,1000,7631.512722
1000.0,1000,7640.122587
1000.0,1000,7642.276757
1000.0,1000,7651.514698
1000.0,1000,7653.661932
1000.0,1000,7662.917605
633.0,633,7664.446446
1000.0,1000,7673.630751
716.0,716,7675.309859
1000.0,1000,7677.711475
1000.0,1000,7686.217749
1000.0,1000,7688.433942
173.0,173,7695.365662
1000.0,1000,7697.479333
1000.0,1000,7706.166082
1000.0,1000,7708.299572
1000.0,1000,7710.301229
1000.0,1000,7719.422732
1000.0,1000,7721.561286
1000.0,1000,7730.001426
690.0,690,7731.418267
1000.0,1000,7739.93118
1000.0,1000,7742.443379
1000.0,1000,7751.506595
1000.0,1000,7753.437216
595.0,595,7761.023962
1000.0,1000,7763.239254
1000.0,1000,7771.478075
1000.0,1000,7773.657566
1000.0,1000,7775.646622
1000.0,1000,7784.337315
982.0,982,7786.348864
1000.0,1000,7794.93935
1000.0,1000,7796.908276
1000.0,1000,7805.250195
1000.0,1000,7807.352194
1000.0,1000,7816.278314
1000.0,1000,7818.206697
1000.0,1000,7826.589817
494.0,494,7827.710615
314.0,314,7828.394891
1000.0,1000,7837.411864
682.0,682,7838.808038
790.0,790,7840.560303
374.0,374,7847.601097
824.0,824,7849.413483
667.0,667,7851.092843
1000.0,1000,7859.854949
1000.0,1000,7862.00689
1000.0,1000,7870.245925
505.0,505,7871.298736
1000.0,1000,7880.480304
1000.0,1000,7883.078164
363.0,363,7883.839837
568.0,568,7891.736298
917.0,917,7893.763552
1000.0,1000,7895.88194
1000.0,1000,7904.959036
1000.0,1000,7907.100594
464.0,464,7914.551023
759.0,759,7916.139503
430.0,430,7916.956431
946.0,946,7925.09233
1000.0,1000,7927.541102
1000.0,1000,7936.130881
1000.0,1000,7938.370641
1000.0,1000,7946.905866
498.0,498,7947.948104
1000.0,1000,7950.391171
1000.0,1000,7959.435794
742.0,742,7961.06538
1000.0,1000,7969.512806
439.0,439,7970.409491
1000.0,1000,7972.604204
1000.0,1000,7981.166378
1000.0,1000,7983.311792
1000.0,1000,7992.535824
1000.0,1000,7994.699924
321.0,321,8002.124243
87.0,87,8002.313014
235.0,235,8002.834903
428.0,428,8003.619125
523.0,523,8004.739585
1000.0,1000,8013.255707
1000.0,1000,8015.152894
1000.0,1000,8023.443109
789.0,789,8025.11934
121.0,121,8025.383801
439.0,439,8026.326913
951.0,951,8034.524854
385.0,385,8035.094814
1000.0,1000,8037.113747
505.0,505,8044.874332
1000.0,1000,8046.967757
1000.0,1000,8056.429497
656.0,656,8057.759057
118.0,118,8057.994653
1000.0,1000,8067.027662
1000.0,1000,8069.20635
169.0,169,8069.522442
1000.0,1000,8078.350554
1000.0,1000,8080.564244
1000.0,1000,8089.616708
1000.0,1000,8091.765019
1000.0,1000,8100.399347
1000.0,1000,8102.360012
572.0,572,8103.544859
1000.0,1000,8112.506845
1000.0,1000,8114.709533
1000.0,1000,8123.820331
1000.0,1000,8125.509903
1000.0,1000,8134.128675
1000.0,1000,8136.501396
1000.0,1000,8145.583539
1000.0,1000,8147.72908
1000.0,1000,8156.276242
127.0,127,8156.616688
1000.0,1000,8159.222991
1000.0,1000,8167.504978
1000.0,1000,8169.78632
825.0,825,8178.740193
1000.0,1000,8180.889614
401.0,401,8181.761329
495.0,495,8189.726619
552.0,552,8191.058525
1000.0,1000,8193.311926
1000.0,1000,8202.067248
685.0,685,8203.519766
1000.0,1000,8212.063815
157.0,157,8212.396768
1000.0,1000,8214.447336
1000.0,1000,8222.989135
1000.0,1000,8225.046928
645.0,645,8226.376704
1000.0,1000,8235.042936
1000.0,1000,8237.281714
1000.0,1000,8246.531975
114.0,114,8246.763946
637.0,637,8248.149045
1000.0,1000,8257.344219
1000.0,1000,8259.483563
1000.0,1000,8268.697611
1000.0,1000,8270.836238
1000.0,1000,8280.267758
1000.0,1000,8282.491215
1000.0,1000,8291.169389
1000.0,1000,8293.228611
1000.0,1000,8302.218646
1000.0,1000,8304.395185
1000.0,1000,8312.833494
1000.0,1000,8314.998948
1000.0,1000,8323.712101
1000.0,1000,8325.97171
1000.0,1000,8334.996483
1000.0,1000,8337.034603
1000.0,1000,8345.68708
403.0,403,8346.774694
391.0,391,8347.707987
1000.0,1000,8350.118783
500.0,500,8357.711977
1000.0,1000,8359.913208
814.0,814,8368.674281
713.0,713,8370.60019
1000.0,1000,8372.675277
850.0,850,8381.31339
1000.0,1000,8383.376588
1000.0,1000,8392.358061
1000.0,1000,8394.533258
1000.0,1000,8403.231091
1000.0,1000,8405.412209
1000.0,1000,8414.185158
1000.0,1000,8416.291475
1000.0,1000,8425.337413
1000.0,1000,8427.279586
1000.0,1000,8435.479015
1000.0,1000,8437.52738
515.0,515,8438.639435
1000.0,1000,8447.490442
1000.0,1000,8449.894722
1000.0,1000,8458.414942
1000.0,1000,8460.620518
202.0,202,8467.842116
1000.0,1000,8470.258799
1000.0,1000,8478.975288
1000.0,1000,8481.061043
1000.0,1000,8483.089569
1000.0,1000,8491.996568
1000.0,1000,8494.130503
1000.0,1000,8502.853198
781.0,781,8504.357985
1000.0,1000,8513.082837
1000.0,1000,8514.797298
1000.0,1000,8523.651459
1000.0,1000,8525.674643
1000.0,1000,8534.407251
755.0,755,8536.01743
382.0,382,8536.812739
1000.0,1000,8545.635533
1000.0,1000,8547.954445
1000.0,1000,8556.862677
1000.0,1000,8558.91761
1000.0,1000,8567.751102
1000.0,1000,8569.927678
1000.0,1000,8578.46791
1000.0,1000,8580.432281
1000.0,1000,8589.411418
1000.0,1000,8591.555129
283.0,283,8592.183243
1000.0,1000,8600.452549
1000.0,1000,8602.293503
1000.0,1000,8610.523617
751.0,751,8612.112926
1000.0,1000,8621.34653
1000.0,1000,8623.271006
1000.0,1000,8631.98245
1000.0,1000,8634.155728
1000.0,1000,8643.27261
1000.0,1000,8645.406254
1000.0,1000,8653.839509
1000.0,1000,8656.11235
1000.0,1000,8664.667925
984.0,984,8666.876001
1000.0,1000,8675.871752
1000.0,1000,8677.977584
1000.0,1000,8687.513915
1000.0,1000,8689.44023
1000.0,1000,8698.437419
802.0,802,8700.158164
1000.0,1000,8702.310459
1000.0,1000,8710.965508
1000.0,1000,8713.098152
1000.0,1000,8722.018882
1000.0,1000,8724.192494
1000.0,1000,8732.139524
1000.0,1000,8734.317294
1000.0,1000,8743.507598
1000.0,1000,8745.730096
1000.0,1000,8754.893455
1000.0,1000,8757.064254
1000.0,1000,8765.627944
1000.0,1000,8767.754892
1000.0,1000,8776.3715
1000.0,1000,8778.646989
703.0,703,8787.076452
1000.0,1000,8789.293944
1000.0,1000,8797.425139
1000.0,1000,8799.316128
1000.0,1000,8807.793108
1000.0,1000,8809.890193
1000.0,1000,8812.187904
1000.0,1000,8821.299786
1000.0,1000,8823.502922
1000.0,1000,8832.693071
1000.0,1000,8834.764462
1000.0,1000,8843.87422
1000.0,1000,8845.727209
1000.0,1000,8854.178503
1000.0,1000,8856.492347
1000.0,1000,8864.995659
1000.0,1000,8867.012448
1000.0,1000,8875.955298
476.0,476,8876.876706
1000.0,1000,8886.243269
1000.0,1000,8888.231126
1000.0,1000,8896.561549
1000.0,1000,8898.616625
1000.0,1000,8907.274426
1000.0,1000,8909.341607
1000.0,1000,8918.098075
1000.0,1000,8920.186657
1000.0,1000,8922.697343
1000.0,1000,8930.88326
1000.0,1000,8932.745075
679.0,679,8940.665898
1000.0,1000,8942.239728
1000.0,1000,8950.469395
1000.0,1000,8952.791205
1000.0,1000,8961.55386
1000.0,1000,8963.625174
1000.0,1000,8972.916314
1000.0,1000,8975.547856
1000.0,1000,8984.823665
1000.0,1000,8986.956364
1000.0,1000,8995.431931
1000.0,1000,8997.539765
1000.0,1000,9006.493127
1000.0,1000,9008.773031
1000.0,1000,9017.655797
1000.0,1000,9019.863087
1000.0,1000,9028.636703
1000.0,1000,9030.911653
1000.0,1000,9039.614151
1000.0,1000,9041.51638
1000.0,1000,9050.661066
974.0,974,9052.839272
1000.0,1000,9061.410872
1000.0,1000,9063.467579
1000.0,1000,9072.106513
1000.0,1000,9074.311639
1000.0,1000,9076.381236
1000.0,1000,9085.232767
1000.0,1000,9087.439473
1000.0,1000,9096.026422
1000.0,1000,9098.033408
1000.0,1000,9106.788797
1000.0,1000,9108.888978
1000.0,1000,9117.073367
1000.0,1000,9119.441348
1000.0,1000,9128.724565
1000.0,1000,9130.859099
1000.0,1000,9139.252542
1000.0,1000,9141.32076
1000.0,1000,9149.821542
1000.0,1000,9151.842121
1000.0,1000,9160.359374
1000.0,1000,9162.49488
1000.0,1000,9171.240146
1000.0,1000,9173.307906
1000.0,1000,9182.827801
1000.0,1000,9185.138249
1000.0,1000,9194.161822
1000.0,1000,9196.249492
1000.0,1000,9205.146229
1000.0,1000,9206.909697
1000.0,1000,9216.296233
1000.0,1000,9218.408405
1000.0,1000,9227.232879
1000.0,1000,9229.295526
1000.0,1000,9238.098798
1000.0,1000,9240.08868
1000.0,1000,9249.704717
1000.0,1000,9251.933851
1000.0,1000,9260.372646
1000.0,1000,9262.423806
1000.0,1000,9271.284641
1000.0,1000,9273.233367
1000.0,1000,9281.992093
1000.0,1000,9284.16851
1000.0,1000,9293.571676
1000.0,1000,9295.782122
1000.0,1000,9304.431153
1000.0,1000,9306.568829
1000.0,1000,9308.569879
1000.0,1000,9317.204343
1000.0,1000,9319.18232
1000.0,1000,9328.233888
1000.0,1000,9330.33154
1000.0,1000,9339.577299
1000.0,1000,9341.874835
1000.0,1000,9351.921443
1000.0,1000,9354.086609
1000.0,1000,9362.862135
1000.0,1000,9364.910552
1000.0,1000,9373.599389
1000.0,1000,9375.56429
1000.0,1000,9384.062246
1000.0,1000,9386.109851
1000.0,1000,9394.838561
1000.0,1000,9397.083514
1000.0,1000,9405.718556
1000.0,1000,9407.886719
1000.0,1000,9415.923951
1000.0,1000,9417.982734
1000.0,1000,9426.216864
1000.0,1000,9428.455045
1000.0,1000,9436.751458
950.0,950,9438.742925
770.0,770,9446.974921
1000.0,1000,9449.204086
1000.0,1000,9457.88713
1000.0,1000,9460.04791
589.0,589,9461.318409
1000.0,1000,9469.987963
1000.0,1000,9471.735097
1000.0,1000,9481.107456
854.0,854,9482.907997
1000.0,1000,9491.474695
1000.0,1000,9493.533329
1000.0,1000,9501.539874
1000.0,1000,9503.494823
1000.0,1000,9513.222668
1000.0,1000,9515.320552
1000.0,1000,9523.779275
1000.0,1000,9525.780749
1000.0,1000,9534.335697
1000.0,1000,9536.386529
1000.0,1000,9545.671738
1000.0,1000,9547.897269
1000.0,1000,9556.635826
1000.0,1000,9558.746971
1000.0,1000,9568.356852
1000.0,1000,9570.662411
1000.0,1000,9572.862699
1000.0,1000,9581.730918
1000.0,1000,9583.715383
1000.0,1000,9592.579402
1000.0,1000,9594.251118
1000.0,1000,9602.812165
1000.0,1000,9605.470695
325.0,325,9612.582206
1000.0,1000,9614.603537
1000.0,1000,9623.041911
1000.0,1000,9625.212093
1000.0,1000,9633.894452
1000.0,1000,9635.992233
1000.0,1000,9644.60699
1000.0,1000,9646.742364
1000.0,1000,9648.904819
1000.0,1000,9657.661641
1000.0,1000,9659.744641
1000.0,1000,9669.144525
1000.0,1000,9670.912966
1000.0,1000,9680.035203
1000.0,1000,9682.102975
1000.0,1000,9690.933314
1000.0,1000,9693.212801
1000.0,1000,9702.511122
1000.0,1000,9704.600556
1000.0,1000,9713.78826
1000.0,1000,9715.993751
1000.0,1000,9724.54134
1000.0,1000,9726.537857
1000.0,1000,9735.007285
1000.0,1000,9737.301299
1000.0,1000,9746.684073
1000.0,1000,9748.830663
1000.0,1000,9757.48177
1000.0,1000,9759.520499
1000.0,1000,9768.639351
1000.0,1000,9770.84307
1000.0,1000,9779.846923
1000.0,1000,9781.953403
1000.0,1000,9790.354027
1000.0,1000,9792.438581
914.0,914,9800.532716
919.0,919,9802.245513
1000.0,1000,9811.243781
739.0,739,9812.850973
1000.0,1000,9815.0399
344.0,344,9822.181755
146.0,146,9822.571947
400.0,400,9823.628083
178.0,178,9824.0318
167.0,167,9824.373969
715.0,715,9825.690487
703.0,703,9833.899054
1000.0,1000,9835.81747
188.0,188,9836.222556
344.0,344,9837.047713
901.0,901,9845.101375
1000.0,1000,9847.340056
916.0,916,9855.508582
1000.0,1000,9857.297756
1000.0,1000,9865.447708
1000.0,1000,9867.498443
1000.0,1000,9876.413211
1000.0,1000,9878.516074
1000.0,1000,9887.141647
1000.0,1000,9889.369567
1000.0,1000,9898.539058
1000.0,1000,9900.591617
1000.0,1000,9909.093596
1000.0,1000,9911.098297
1000.0,1000,9919.613873
1000.0,1000,9921.757302
1000.0,1000,9930.089875
1000.0,1000,9932.507172
1000.0,1000,9940.868652
1000.0,1000,9943.169813
1000.0,1000,9951.66494
1000.0,1000,9953.812277
1000.0,1000,9962.268757
1000.0,1000,9964.243583
1000.0,1000,9973.297421
1000.0,1000,9975.47924
1000.0,1000,9984.22968
1000.0,1000,9986.426585
1000.0,1000,9995.232168
1000.0,1000,9997.304472
1000.0,1000,10006.14282
1000.0,1000,10008.257957
1000.0,1000,10010.249793
1000.0,1000,10018.990583
1000.0,1000,10021.098965
1000.0,1000,10029.710685
1000.0,1000,10032.058466
1000.0,1000,10041.208337
1000.0,1000,10043.344223
1000.0,1000,10051.75976
1000.0,1000,10053.879579
1000.0,1000,10062.401632
1000.0,1000,10064.472234
1000.0,1000,10072.984725
1000.0,1000,10075.488634
1000.0,1000,10084.225621
1000.0,1000,10086.132654
1000.0,1000,10095.527271
1000.0,1000,10097.683286
1000.0,1000,10107.164467
1000.0,1000,10109.245711
1000.0,1000,10118.266994
1000.0,1000,10120.444061
1000.0,1000,10129.354924
1000.0,1000,10131.486383
1000.0,1000,10140.253968
1000.0,1000,10142.418014
1000.0,1000,10151.12375
1000.0,1000,10153.110709
1000.0,1000,10161.480968
1000.0,1000,10163.583328
1000.0,1000,10172.613886
1000.0,1000,10174.709355
1000.0,1000,10183.192948
1000.0,1000,10185.179506
1000.0,1000,10194.050879
1000.0,1000,10196.401907
1000.0,1000,10205.07293
1000.0,1000,10207.117117
1000.0,1000,10215.78293
1000.0,1000,10217.716383
1000.0,1000,10226.876761
1000.0,1000,10229.109854
1000.0,1000,10231.511065
1000.0,1000,10240.048615
1000.0,1000,10242.286807
1000.0,1000,10250.809827
1000.0,1000,10253.294688
1000.0,1000,10261.476567
1000.0,1000,10263.748827
1000.0,1000,10272.381788
1000.0,1000,10274.443995
1000.0,1000,10282.927221
1000.0,1000,10285.122908
1000.0,1000,10293.864392
1000.0,1000,10295.972066
1000.0,1000,10304.273746
1000.0,1000,10306.343989
1000.0,1000,10315.031762
1000.0,1000,10317.127856
1000.0,1000,10326.10769
1000.0,1000,10328.303261
1000.0,1000,10336.780651
1000.0,1000,10338.795677
1000.0,1000,10348.043851
1000.0,1000,10350.691947
1000.0,1000,10359.21253
1000.0,1000,10361.341568
1000.0,1000,10369.810348
1000.0,1000,10371.840869
1000.0,1000,10380.964598
1000.0,1000,10383.196386
1000.0,1000,10391.774369
1000.0,1000,10393.906398
1000.0,1000,10403.002944
1000.0,1000,10404.899398
1000.0,1000,10413.888593
1000.0,1000,10416.189226
1000.0,1000,10425.364533
1000.0,1000,10427.764247
1000.0,1000,10436.873504
1000.0,1000,10439.212127
1000.0,1000,10448.823492
1000.0,1000,10450.919593
1000.0,1000,10460.087122
447.0,447,10460.893998
1000.0,1000,10463.169276
1000.0,1000,10471.507656
1000.0,1000,10473.478745
181.0,181,10473.866922
1000.0,1000,10482.187369
1000.0,1000,10483.970113
1000.0,1000,10492.466604
1000.0,1000,10494.658351
1000.0,1000,10503.574384
1000.0,1000,10505.545175
1000.0,1000,10514.559414
1000.0,1000,10517.018747
1000.0,1000,10525.390257
1000.0,1000,10527.507069
1000.0,1000,10536.844542
1000.0,1000,10538.987514
292.0,292,10539.618203
1000.0,1000,10548.859024
1000.0,1000,10551.013641
1000.0,1000,10559.586005
1000.0,1000,10561.713373
950.0,950,10570.424219
1000.0,1000,10572.557636
1000.0,1000,10581.597268
1000.0,1000,10583.905437
1000.0,1000,10592.342998
1000.0,1000,10594.656057
1000.0,1000,10603.760054
1000.0,1000,10605.904984
1000.0,1000,10614.617532
1000.0,1000,10616.566455
1000.0,1000,10625.028479
1000.0,1000,10627.085569
1000.0,1000,10636.694741
1000.0,1000,10638.969773
179.0,179,10639.373146
1000.0,1000,10647.968698
1000.0,1000,10650.095565
1000.0,1000,10658.383117
1000.0,1000,10660.155047
1000.0,1000,10668.683768
1000.0,1000,10671.141797
1000.0,1000,10680.135195
1000.0,1000,10682.326355
1000.0,1000,10691.048256
1000.0,1000,10693.262429
1000.0,1000,10701.344174
728.0,728,10702.859702
136.0,136,10703.153723
687.0,687,10704.577501
175.0,175,10704.955674
1000.0,1000,10712.664598
290.0,290,10713.324055
1000.0,1000,10715.424314
