#{"t_start": 1534274605.863172, "env_id": "Humanoid-v2"}
r,l,t
90.238226,20,0.045027
86.398598,18,0.063565
79.287655,17,0.080768
79.464162,17,0.097769
85.146851,18,0.115981
96.328138,21,0.137407
98.690512,20,0.157263
76.183382,16,0.173006
81.543983,17,0.189671
76.110164,16,0.205526
106.169349,24,0.229743
84.687628,18,0.247359
81.208955,17,0.263842
108.586642,23,0.287397
83.559362,18,0.305484
81.245625,17,0.322066
81.311949,17,0.338618
93.46538,20,0.358706
80.300367,17,0.375355
93.910332,20,0.395188
109.279343,23,0.41859
108.441664,23,0.441347
89.352572,19,0.460202
120.530818,26,0.486362
104.575498,22,0.508356
94.799168,21,0.529793
131.661728,27,0.557466
110.150508,23,0.581222
87.188463,18,0.598824
85.499169,18,0.616897
135.498344,29,0.646259
167.278645,36,0.683148
80.479125,18,0.701097
99.61372,23,0.724579
122.90352,26,0.75121
98.162926,21,0.772167
75.858018,16,0.787884
95.067284,21,0.808834
94.531329,21,0.830689
106.82024,23,0.853738
104.395432,22,0.876415
94.168961,21,0.897466
109.858877,24,0.921889
117.441684,24,0.946343
93.257716,21,0.967921
93.416718,19,0.987294
159.66356,34,1.022686
90.979676,20,1.042924
79.800983,17,1.059629
98.860489,22,1.082316
131.714929,27,1.109728
89.174696,19,1.128584
87.098917,18,1.146588
116.341767,25,1.17201
105.642341,22,1.194317
117.509973,26,1.220314
91.609119,19,1.239117
86.021343,18,1.256785
90.387841,20,1.276487
87.050219,18,1.294155
81.212697,17,1.310633
94.06844,20,1.330987
95.957723,20,1.351377
86.511172,19,1.370579
124.307019,28,1.398649
81.704997,17,1.415266
121.202549,26,1.442019
104.422747,23,1.46527
114.665093,25,1.490282
76.460518,16,1.505694
110.626526,23,1.528932
121.628529,26,1.554926
80.499478,17,1.572137
81.272202,17,1.588694
97.245189,22,1.611063
91.252933,19,1.629817
89.16736,19,1.64833
81.248674,17,1.665148
81.230898,17,1.681637
87.56576,20,1.701554
74.34278,16,1.717164
127.732571,26,1.743442
118.297806,26,1.769463
93.574089,22,1.791866
81.495596,17,1.808346
82.728439,18,1.826285
120.319507,25,1.851122
118.777193,26,1.877045
103.974268,22,1.899412
91.800787,20,1.919503
84.943433,18,1.937236
96.285654,21,1.958399
85.161099,18,1.976597
93.630333,21,1.997711
108.578549,22,2.019521
110.232571,25,2.044623
86.221387,18,2.062991
91.898526,19,5.33105
96.024491,21,5.354662
102.797453,23,5.378778
79.510231,17,5.395688
88.853786,20,5.41571
90.941556,20,5.436057
104.15171,23,5.459209
85.729253,19,5.478565
118.322353,27,5.506311
140.088933,30,5.536797
97.238782,22,5.559034
112.149564,26,5.586213
87.651473,18,5.604133
99.589264,22,5.626517
103.704735,22,5.649342
124.104427,28,5.677639
80.982659,17,5.694381
117.003774,26,5.72097
79.905945,17,5.738192
89.00289,19,5.757577
124.701018,26,5.78475
125.276915,28,5.813487
94.271915,20,5.833803
81.314987,17,5.850597
124.567651,28,5.879379
131.088064,28,5.908429
75.314319,16,5.924447
81.009822,17,5.941297
125.617316,27,5.968427
115.723186,28,5.997835
85.60358,18,6.015821
85.907394,18,6.03379
76.439807,16,6.049563
86.680113,19,6.069459
121.066428,27,6.097416
93.658801,21,6.118579
88.400447,19,6.138235
76.986979,17,6.155277
107.392764,24,6.180059
147.323193,30,6.210905
140.353882,30,6.24153
104.279358,23,6.26498
81.478504,17,6.281534
86.462674,19,6.3004
111.054501,25,6.326066
76.335049,16,6.342164
94.025192,21,6.364423
89.859978,19,6.383904
105.980046,24,6.408941
103.055374,21,6.430479
107.565172,25,6.456561
97.678017,21,6.477879
85.213686,18,6.495749
90.261186,19,6.515159
112.936113,23,6.538673
102.357959,22,6.560578
89.426603,19,6.580092
78.527596,17,6.597076
100.810102,21,6.618323
93.68715,20,6.638161
90.77873,19,6.657623
122.503952,29,6.68801
154.364508,35,6.724206
102.398058,22,6.747105
130.771546,28,6.776068
84.107132,18,6.794273
202.367932,49,6.847261
115.137418,24,6.871365
103.263575,21,6.892946
111.50058,23,6.916555
80.793262,17,6.933602
95.362794,20,6.954543
77.494202,17,6.971555
82.06045,18,6.990012
81.455872,17,7.006883
93.780463,21,7.028185
90.426742,19,7.047729
88.47086,20,7.068283
75.730828,16,7.08438
80.899478,17,7.101171
92.723064,19,7.120509
105.396997,22,7.142573
101.640647,21,7.163699
113.318455,26,7.190487
94.484001,20,7.210447
81.284986,17,7.227531
95.549057,20,7.247836
90.008714,19,7.267284
129.650078,27,7.294831
142.536733,29,7.324979
145.557883,30,7.356881
75.087802,16,7.373412
81.28788,17,7.3908
81.801857,17,7.407737
132.106848,28,10.670394
114.731225,26,10.697675
93.73854,20,10.718404
120.056745,25,10.74412
87.462186,18,10.761498
110.256649,25,10.787527
96.682746,20,10.807432
106.341579,25,10.832728
114.580151,25,10.858015
134.460437,29,10.887578
81.153645,17,10.904493
84.907121,18,10.92263
130.980865,27,10.950731
84.429937,18,10.96922
93.995391,21,10.991131
91.32232,19,11.010127
81.446403,17,11.027481
124.705718,27,11.055532
89.364547,19,11.074473
107.930138,23,11.097541
76.534983,16,11.113343
81.145227,17,11.130278
80.515484,17,11.147081
108.768398,24,11.171072
85.207379,18,11.188798
138.45828,32,11.222155
112.986971,23,11.245233
88.9649,19,11.264308
86.571713,18,11.281878
101.951548,24,11.306299
97.895416,21,11.327592
76.612735,16,11.343614
114.78504,27,11.371842
102.140108,21,11.393135
111.958745,23,11.416271
129.389867,27,11.443327
147.270031,30,11.473896
107.851021,23,11.497412
122.369407,28,11.525867
86.02283,18,11.544147
81.228305,17,11.560782
94.859412,20,11.581515
92.212242,21,11.603182
80.774564,17,11.620145
129.382597,29,11.649423
85.480313,18,11.667292
90.652953,19,11.685968
102.134732,21,11.707603
81.577599,17,11.724277
132.76963,29,11.753936
118.732965,26,11.780268
113.641269,26,11.80733
85.458612,18,11.825587
107.697485,23,11.848522
108.068957,23,11.871549
163.234329,36,11.909908
91.830794,20,11.929657
128.982105,27,11.957051
88.509534,20,11.977002
81.103931,17,11.993439
89.813008,20,12.013479
106.734121,23,12.036189
104.106142,23,12.060117
89.662772,19,12.079867
110.376487,24,12.10451
80.651973,17,12.121298
125.476067,27,12.148926
156.527328,34,12.18432
124.47353,27,12.212202
129.321258,31,12.245399
85.467261,18,12.263242
80.894475,17,12.279837
83.694071,18,12.29778
127.105832,27,12.326062
80.193171,17,12.34286
110.714842,23,12.366781
102.298407,23,12.390453
80.57736,18,12.408177
241.694535,51,12.463224
107.064573,26,12.489946
113.225861,26,12.516621
121.835961,25,12.54304
95.977346,20,12.563179
100.478225,21,12.584128
111.655588,24,12.609058
106.827839,23,12.632243
92.185584,19,12.65151
116.500801,26,12.679421
81.361622,17,12.696653
84.682241,18,12.715045
104.546162,22,12.738017
98.133323,20,15.767365
91.421805,19,15.78715
88.96712,19,15.806403
94.772846,20,15.827066
105.468506,23,15.850336
82.904645,20,15.870578
134.128782,28,15.899472
112.872773,26,15.925708
74.893569,16,15.942074
83.216272,18,15.959786
113.937667,24,15.984426
105.791385,23,16.007642
126.156147,27,16.034987
144.939962,32,16.068909
110.641629,25,16.095203
84.8752,18,16.112722
86.53883,18,16.130645
79.374412,17,16.147419
88.130535,18,16.165204
90.495068,19,16.18495
105.466172,23,16.208084
117.285682,27,16.235906
114.46587,24,16.261308
96.682568,21,16.282737
91.099962,19,16.301448
123.970641,25,16.327157
113.389449,23,16.350332
119.916956,25,16.375483
83.868188,18,16.393307
123.557802,27,16.420505
95.584957,20,16.440702
129.604422,28,16.469832
170.255211,37,16.507905
84.494109,18,16.525784
88.803835,20,16.545774
91.810099,19,16.564633
130.87154,27,16.592667
97.115341,24,16.617272
112.104831,23,16.641063
92.725336,21,16.662054
125.964044,27,16.689665
80.539139,17,16.706632
85.925001,18,16.724329
88.158129,19,16.743417
145.809522,31,16.774879
92.687537,19,16.793971
85.308043,19,16.813544
85.205892,18,16.831527
97.631284,20,16.85138
107.13729,23,16.875772
133.390223,29,16.905717
131.828722,31,16.938666
83.40142,18,16.956782
85.769906,18,16.974268
126.606711,28,17.002931
90.28762,19,17.021805
98.124256,24,17.04645
91.461187,19,17.065467
151.35366,33,17.09975
121.078369,25,17.125362
81.270098,17,17.142025
90.01737,19,17.161217
86.745203,20,17.181486
106.584052,23,17.204664
126.821529,27,17.232238
104.632998,23,17.255361
99.86651,21,17.276409
107.731412,24,17.300845
101.199885,23,17.324841
132.634677,27,17.352195
104.811541,22,17.374628
154.686541,32,17.407503
103.461937,23,17.430665
99.081647,22,17.452721
108.703697,24,17.476724
130.011718,27,17.504074
131.358799,27,17.531826
140.918885,30,17.56302
81.303239,17,17.58047
89.900891,19,17.600013
157.536548,35,17.63615
91.862855,20,17.656699
109.076444,25,17.682419
133.442721,30,17.713536
79.290712,17,17.730136
104.062224,23,17.753917
99.608919,22,17.776374
125.854676,29,17.80711
87.121085,18,17.825799
116.404326,25,20.638602
162.202484,34,20.673756
105.982796,24,20.698433
106.289367,23,20.722021
147.130623,30,20.752493
88.453069,19,20.772091
96.827376,20,20.792315
104.070868,23,20.816427
96.467353,23,20.840772
147.386773,31,20.873432
98.246023,21,20.894628
109.818907,22,20.917248
100.211431,21,20.939246
120.615708,25,20.964597
108.565638,25,20.990849
130.325082,29,21.020521
91.948717,19,21.039686
137.035128,29,21.068993
91.907912,20,21.089485
124.122885,28,21.119085
117.625439,28,21.147724
134.463586,27,21.175071
84.270121,18,21.193314
107.740621,23,21.216374
100.187562,21,21.237544
106.243952,24,21.261656
87.18362,19,21.280746
129.621367,28,21.308971
127.101208,28,21.337872
102.161943,22,21.360034
140.297273,34,21.39489
151.992404,35,21.431127
146.215724,30,21.461684
85.211858,18,21.47952
131.006916,28,21.508352
84.291101,18,21.52639
94.480612,21,21.547182
75.527275,16,21.563337
93.277434,19,21.583242
184.904554,39,21.624136
112.48434,24,21.648953
124.192057,26,21.67526
162.270304,35,21.712243
85.627327,18,21.730095
93.518907,20,21.750092
123.680208,27,21.776835
84.94738,18,21.795384
175.692686,39,21.836478
122.348286,25,21.861657
105.538085,22,21.883415
110.173067,23,21.907
117.781031,25,21.931832
85.381442,18,21.950051
101.771988,23,21.973221
171.863617,37,22.011011
131.812402,31,22.042869
137.424508,29,22.073136
83.647017,18,22.09123
94.587137,23,22.114593
121.044779,26,22.140601
85.544596,18,22.158433
109.01482,25,22.183864
128.060436,29,22.21321
92.444497,19,22.232382
167.794632,35,22.268112
140.061501,29,22.297874
140.950889,29,22.329227
111.387848,27,22.357296
135.781805,30,22.389472
86.033101,18,22.407036
91.641003,19,22.425945
151.905508,33,22.459922
186.100907,40,22.501307
125.205359,28,22.53014
132.31199,28,22.559869
97.714319,20,22.581494
80.983816,18,22.599398
118.416297,28,22.628886
106.652151,22,22.651135
145.947998,30,22.682713
98.933332,20,22.702997
80.415616,17,22.719761
94.50501,21,25.818563
118.95861,25,25.844764
85.069319,18,25.863009
115.879011,24,25.887659
107.26046,24,25.912838
86.002503,18,25.931123
133.634957,29,25.961747
166.14808,37,26.000444
146.205163,31,26.033163
80.313426,17,26.050084
101.127227,21,26.071863
130.768271,28,26.100838
92.198395,19,26.120162
123.575208,28,26.149273
119.146071,25,26.175643
106.261036,23,26.199395
127.982863,26,26.225994
128.868825,29,26.256295
117.97138,24,26.281008
142.079816,30,26.313063
136.42095,31,26.346071
113.843874,24,26.371375
100.175489,22,26.393941
120.742994,25,26.419283
110.873301,23,26.442371
97.215844,21,26.463453
204.759799,45,26.511389
115.759669,24,26.535927
146.942262,34,26.572127
79.926947,17,26.589517
170.749376,39,26.630861
128.168075,28,26.659976
92.383945,19,26.67898
148.591833,33,26.712942
104.136742,23,26.736324
115.582414,24,26.760746
88.503501,22,26.783128
78.27885,17,26.800353
153.155607,34,26.838249
131.372121,27,26.865895
78.714808,17,26.883397
88.758372,19,26.902588
95.657109,20,26.922827
86.094794,18,26.940702
132.425378,30,26.971613
136.483685,32,27.005468
81.176539,17,27.022703
114.640864,26,27.049678
94.358432,20,27.070233
118.922609,27,27.100562
86.239732,18,27.119301
102.436231,21,27.140822
111.607278,26,27.167645
127.527962,26,27.194768
104.001251,22,27.216971
81.497723,18,27.235121
185.669353,42,27.278616
101.005107,21,27.299644
113.429051,25,27.3262
139.455687,30,27.358121
144.01589,30,27.389006
85.933146,18,27.406936
133.805091,31,27.439288
120.77821,25,27.464525
110.800836,25,27.490341
147.057585,33,27.525094
120.286905,25,27.55042
97.386002,21,27.57183
136.550957,30,27.605528
170.873381,39,27.646651
160.172575,32,27.679844
86.738127,18,27.697639
92.699746,20,27.717897
117.485656,27,27.745645
86.761169,18,27.763799
93.182877,19,27.782845
88.963956,19,27.801852
171.183634,36,27.839273
89.662521,19,27.859164
102.930092,22,27.881518
99.178577,24,27.906322
96.342214,20,27.926712
128.39835,26,30.735771
91.240045,19,30.755382
85.398641,18,30.773645
128.177263,27,30.801238
124.394838,26,30.828419
175.869765,39,30.871254
135.655653,30,30.902924
98.777525,21,30.925176
157.029198,35,30.962151
81.184743,17,30.978933
99.985225,21,31.000515
160.642378,35,31.037823
90.664571,19,31.056772
76.51376,16,31.072625
165.354213,36,31.110927
161.270698,35,31.147899
133.614742,29,31.177951
137.38118,32,31.211775
76.539241,16,31.227606
114.483055,24,31.252172
93.738953,20,31.272451
125.433569,26,31.299145
98.662633,23,31.324012
423.585063,91,31.424573
111.760843,24,31.449512
96.511835,21,31.471249
154.008847,33,31.505845
130.417948,27,31.53358
73.790185,17,31.550607
135.860711,29,31.581658
129.629814,27,31.609183
83.193719,18,31.627044
176.107717,38,31.666847
102.062519,23,31.689742
117.578638,27,31.717015
118.412304,24,31.741151
92.024788,20,31.761728
123.307698,25,31.787201
157.526905,33,31.821761
82.516237,20,31.842692
164.230892,33,31.876358
157.810934,37,31.914732
97.056412,21,31.936024
121.971743,25,31.961661
122.920976,25,31.987968
96.534815,22,32.010056
98.406636,24,32.03424
84.858109,18,32.052447
142.944052,29,32.083376
110.211146,23,32.106586
119.3141,27,32.13414
102.882358,24,32.158536
144.57256,31,32.190215
89.835009,19,32.209005
136.038051,29,32.23912
111.016789,25,32.26512
80.753309,17,32.282012
133.307381,28,32.310647
117.225001,26,32.337408
100.651845,21,32.35866
86.951273,18,32.376773
187.75445,40,32.419156
141.684798,31,32.451523
97.972076,21,32.472537
122.427199,27,32.500602
82.583645,17,32.517436
136.729011,29,32.547186
109.357907,24,32.571366
100.244034,21,32.592796
108.284538,25,32.618489
169.655394,37,32.657672
208.888932,41,32.700411
131.859893,28,32.728601
103.456654,21,32.749742
109.219508,23,32.772947
126.199559,28,32.802068
87.500212,18,32.820236
171.036248,37,35.543356
139.453802,30,35.573937
128.438038,30,35.605666
126.736246,26,35.633119
137.742097,31,35.665959
100.875976,22,35.688401
103.832883,22,35.711151
117.537736,28,35.740527
213.534574,46,35.788583
164.829745,35,35.825443
134.367034,30,35.858992
136.83735,29,35.889587
118.145705,24,35.914495
93.19493,20,35.934849
113.018414,23,35.958296
139.461989,29,35.987831
122.03225,28,36.016834
110.066996,24,36.041112
127.020879,26,36.067992
83.889369,18,36.090424
177.690076,38,36.130332
148.44715,32,36.16357
141.392202,31,36.195609
88.432663,19,36.215006
157.983652,34,36.250386
124.539267,26,36.277236
107.561583,25,36.303128
115.724401,24,36.327132
88.964538,19,36.348143
92.884826,20,36.368425
177.971214,38,36.40901
114.235475,25,36.435662
124.478792,28,36.464586
152.829287,33,36.498664
112.307381,23,36.522562
93.428593,21,36.544323
121.151099,26,36.570426
120.672925,26,36.599183
134.51957,30,36.630781
129.244687,28,36.659396
140.039373,29,36.689205
85.753103,18,36.707096
145.550405,30,36.738146
165.228909,33,36.773641
126.242092,28,36.802327
181.148584,37,36.842884
92.17764,20,36.862991
195.931975,45,36.91011
142.475699,29,36.940583
142.361916,33,36.975493
162.860733,35,37.01112
122.979845,29,37.041402
193.049854,47,37.092885
204.42382,45,37.140012
98.998602,21,37.161298
100.990697,21,37.182482
151.44691,34,37.21708
85.280859,19,37.23651
133.559318,29,37.266738
197.471203,45,37.313976
105.017511,23,37.337864
139.827863,31,37.369882
107.497026,23,37.394089
94.225561,20,37.414734
113.868206,26,37.441082
173.470165,39,37.481933
89.649941,19,37.501257
221.774534,47,37.552112
126.815386,29,37.583874
221.516638,47,37.634156
175.657018,38,40.504215
168.57733,35,40.548007
133.818836,30,40.586587
99.289309,22,40.615126
269.364101,53,40.675197
105.924258,22,40.697831
117.59605,25,40.724111
125.970237,29,40.754421
138.366875,28,40.783724
138.112979,29,40.814101
125.246562,28,40.843982
184.266552,37,40.883177
98.323672,20,40.903588
183.433069,39,40.944948
83.046547,18,40.963607
156.941983,34,40.99978
113.860616,24,41.024975
133.485916,27,41.052524
86.952312,19,41.071962
178.009702,37,41.110614
96.409333,20,41.131177
125.204205,26,41.158402
99.515665,21,41.180314
104.292527,22,41.202726
101.426077,21,41.22432
90.251606,19,41.244038
129.656261,28,41.273361
85.167522,18,41.29208
117.077506,28,41.32135
191.083398,43,41.369514
292.621518,64,41.440976
199.932194,41,41.483268
90.922734,19,41.502859
113.791367,25,41.528547
132.885786,29,41.559711
141.324797,32,41.593651
101.883628,21,41.615298
166.309592,37,41.653454
137.047645,28,41.682322
122.960741,27,41.710363
84.323871,18,41.728459
124.846068,28,41.756743
86.799939,20,41.77695
108.452368,23,41.800658
109.485947,26,41.827513
114.733347,24,41.852463
181.090959,37,41.89077
100.65933,22,41.914974
131.038046,29,41.953951
135.442885,30,41.985718
117.357909,26,42.0125
113.209006,24,42.037335
88.410903,19,42.056409
105.739037,24,42.080927
140.411563,32,42.114632
81.591862,17,42.131364
110.7883,24,42.156144
176.556647,39,42.196729
146.422924,33,42.23151
110.295547,22,42.253911
108.44552,24,42.278383
93.886637,24,42.302712
149.656381,32,42.336913
99.116794,21,42.358236
188.117791,40,42.40048
120.597132,27,42.428344
90.880341,19,42.447976
131.830404,29,42.478142
126.109167,27,42.506121
145.384288,32,42.538941
84.914739,18,42.557123
100.340739,24,42.581945
131.041694,30,42.613588
97.126532,20,42.634076
176.541646,38,45.690894
99.273181,24,45.71603
164.901564,37,45.755987
119.744146,25,45.782099
127.50795,26,45.808978
126.699498,28,45.839341
113.187219,23,45.862609
150.126186,34,45.897729
101.592987,21,45.919374
113.093617,24,45.94437
135.361731,29,45.978787
116.796611,27,46.0099
139.901033,32,46.043859
193.896365,40,46.087754
164.977498,36,46.126791
90.787974,19,46.146694
137.076391,29,46.177807
163.601188,34,46.213272
109.252017,22,46.235896
153.880514,35,46.273205
126.201102,28,46.302978
143.530773,32,46.33797
111.44788,23,46.361762
123.298819,26,46.39013
136.445334,28,46.419116
145.752523,30,46.451666
161.841493,37,46.490866
121.181682,25,46.516618
97.898972,20,46.536834
149.339701,32,46.569539
86.740632,18,46.587941
85.757915,18,46.606385
110.796845,23,46.629776
212.930039,43,46.676057
150.332552,35,46.713633
131.437169,30,46.745553
134.357973,30,46.776933
82.089032,18,46.795517
93.867402,20,46.815865
178.128511,42,46.860975
125.560855,27,46.889854
161.913467,36,46.92757
149.189972,31,46.960231
111.953356,24,46.985203
154.567643,33,47.020817
98.889835,22,47.042994
136.114791,28,47.072745
147.611173,32,47.106705
257.8508,51,47.160466
89.871154,19,47.18017
116.62119,26,47.206954
140.58573,29,47.236492
81.166434,17,47.253351
157.180961,33,47.288539
96.273994,21,47.31021
139.774922,32,47.344828
199.971678,45,47.394153
125.783377,27,47.421834
137.523066,31,47.455104
348.847409,72,47.531888
167.74054,39,47.572149
107.65592,22,47.596328
144.261553,31,47.628658
118.406554,26,47.65591
97.277568,20,47.676601
199.840307,43,47.72112
92.771334,20,47.741806
119.28029,25,47.767208
139.832275,30,47.79812
178.872316,41,50.849748
153.924806,32,50.883497
82.242008,17,50.900656
225.028984,49,50.953151
146.951975,30,50.984222
148.885132,30,51.015822
92.276062,19,51.0354
99.699794,21,51.057186
173.502316,41,51.101412
101.44188,21,51.123042
133.865341,30,51.155747
101.050924,23,51.17988
99.43531,23,51.204534
149.386625,31,51.237195
188.011569,40,51.279618
158.128173,35,51.31619
242.700634,49,51.368539
114.757522,24,51.392794
85.941242,18,51.411728
80.468726,17,51.429497
166.529927,37,51.46865
136.813666,31,51.501382
239.350173,57,51.563089
115.493458,24,51.588275
287.777068,64,51.656845
192.469723,44,51.703554
126.681696,27,51.732002
168.498019,38,51.772775
147.729129,30,51.803534
155.920624,37,51.844444
101.086861,21,51.866239
111.887738,24,51.891127
136.799034,28,51.921175
173.362144,36,51.960094
152.246824,32,51.994548
146.952501,35,52.031832
109.254985,23,52.05546
92.439287,20,52.075384
162.466027,35,52.112026
153.868755,32,52.14505
125.185717,27,52.172998
194.153666,42,52.218637
120.017094,26,52.245695
230.129982,51,52.299892
165.762995,38,52.339647
102.877423,21,52.361692
115.818535,26,52.38928
137.197304,33,52.42483
82.437731,18,52.443156
205.235555,45,52.490729
117.282909,26,52.518006
95.124383,20,52.538291
132.934885,29,52.56881
117.023843,25,52.595307
136.273298,30,52.626543
126.294047,30,52.656881
212.263175,46,52.705807
117.417022,25,52.731824
90.764108,19,52.751157
142.380989,33,52.784918
112.143494,25,52.810846
144.910481,29,52.840518
102.705264,22,52.862989
111.15285,25,52.889484
238.732449,49,52.940307
110.947837,23,52.964986
218.333338,50,55.640675
182.47075,40,55.683246
94.413667,20,55.703711
186.363936,39,55.744921
95.853018,20,55.765815
143.944688,30,55.79765
128.552285,29,55.827854
214.13965,45,55.879001
145.432293,30,55.910857
108.249992,23,55.935383
98.643648,24,55.960679
96.81798,22,55.984364
143.630799,30,56.015926
99.442709,21,56.037335
163.469253,35,56.074332
111.349972,24,56.101474
137.513426,31,56.133863
148.623799,32,56.16819
97.072861,21,56.192338
146.309553,32,56.238126
167.56205,35,56.275401
99.507811,22,56.298924
162.033252,37,56.339128
103.806421,23,56.364473
139.387192,29,56.398175
195.601941,41,56.441973
104.663988,22,56.46529
225.084643,50,56.51916
159.517669,34,56.555458
140.923546,32,56.589224
200.822746,42,56.63455
138.031132,30,56.666364
134.293659,28,56.697733
135.003537,29,56.728195
161.989788,36,56.766133
97.828065,20,56.787511
128.894604,27,56.816001
111.408954,24,56.841933
131.288478,29,56.873393
122.766202,27,56.901361
116.618927,25,56.927907
117.98607,26,56.954815
170.724819,36,56.992749
92.070055,19,57.011931
175.381346,36,57.053493
133.58757,30,57.08602
237.387578,55,57.149614
160.129252,34,57.185194
128.422834,27,57.213398
93.637592,21,57.23501
105.004215,22,57.257618
264.495629,58,57.320502
98.978946,21,57.342247
126.562431,26,57.369688
162.027278,37,57.408474
111.592808,26,57.435515
175.94856,37,57.475075
163.881929,38,57.515683
209.139148,43,57.560605
188.415893,40,57.603274
81.18202,17,57.620393
164.635221,34,57.656238
239.33039,57,57.717762
192.224935,41,57.760245
263.10574,57,57.820606
123.449829,25,60.706489
155.91424,33,60.747293
85.48239,18,60.769782
116.403801,24,60.798919
113.481768,24,60.824693
144.336006,33,60.860751
185.634957,37,60.901309
165.892474,37,60.940417
119.261788,26,60.96784
141.805869,29,60.999031
212.566042,49,61.052136
161.501137,36,61.090522
143.909323,29,61.12151
283.333795,61,61.188011
216.933673,42,61.234181
122.920663,28,61.263872
119.138806,26,61.291258
124.409577,31,61.324686
229.119224,47,61.376429
95.578827,20,61.397674
162.71308,36,61.43551
155.24174,34,61.47289
132.377029,27,61.503409
88.233833,20,61.528679
183.457773,42,61.582895
95.375607,22,61.606215
134.157499,31,61.639042
94.707403,20,61.659717
96.579917,20,61.680653
109.676731,24,61.705889
101.497794,22,61.729981
186.296891,42,61.775646
116.949031,24,61.801414
184.840857,38,61.843407
194.873377,40,61.897794
96.498772,22,61.927217
125.914107,28,61.964029
154.172441,33,62.002293
203.036478,46,62.050688
164.296268,36,62.087902
139.95735,29,62.118231
120.721406,27,62.1461
94.987218,20,62.166245
154.789615,33,62.200988
83.251213,18,62.219406
217.241282,48,62.270736
123.549641,25,62.296761
183.278903,39,62.337998
243.690046,50,62.394397
240.655729,50,62.448373
176.615016,40,62.491559
159.734408,33,62.527164
154.529475,32,62.561253
188.60631,44,62.609877
181.40802,38,62.650467
136.627322,28,62.679554
155.9065,33,62.713618
149.132465,32,62.746897
148.882472,34,62.782857
111.98381,26,62.809443
121.904957,25,62.83518
118.598761,29,62.866087
158.638195,34,62.901241
192.528738,44,65.761427
134.565965,29,65.792468
150.685857,33,65.831424
138.756269,32,65.874804
135.370503,31,65.915183
176.165979,38,65.965203
150.671663,33,65.999365
167.142822,41,66.043248
147.725102,31,66.075862
142.967479,31,66.111969
84.867854,18,66.131305
105.472188,24,66.156738
115.467271,23,66.181388
200.961442,41,66.242172
101.831143,21,66.271404
182.359043,40,66.320455
135.335502,28,66.353888
175.010402,36,66.402534
136.214902,28,66.433275
184.113343,39,66.475978
202.428384,41,66.520367
234.959318,48,66.571905
134.504662,30,66.604975
129.787611,29,66.63594
165.405115,40,66.678475
141.776377,30,66.710754
89.880075,19,66.730554
126.079285,27,66.759652
167.548246,36,66.799422
269.154372,58,66.868603
176.979585,38,66.910559
112.749377,25,66.937116
147.532529,30,66.969024
157.37669,34,67.006027
121.628121,31,67.03824
241.21249,48,67.090965
193.241518,42,67.136683
125.935623,30,67.167933
131.619757,31,67.200584
147.250874,30,67.232522
154.813748,34,67.26801
186.096904,38,67.308927
147.121151,34,67.344582
107.640674,23,67.368852
133.91472,29,67.401206
167.808099,36,67.439352
170.825456,38,67.481084
115.255002,27,67.510251
249.068098,58,67.573382
216.390177,46,67.625841
173.991144,36,67.665142
98.900381,21,67.687284
173.698428,35,67.72508
233.174858,49,67.779774
101.346545,21,67.801835
175.541668,40,67.843552
158.881691,34,67.881406
84.244369,18,67.899657
144.054411,31,67.931911
135.111717,27,67.959862
84.218869,20,67.98091
99.854227,21,68.002928
245.361695,54,70.865824
165.582427,39,70.908233
112.888128,25,70.936144
105.491231,22,70.95938
158.394955,35,70.998989
146.627581,32,71.034234
247.030708,52,71.101557
203.365371,45,71.158419
139.090571,32,71.198508
205.424427,41,71.24285
136.783387,29,71.274121
148.891748,33,71.309608
223.598924,46,71.363226
205.450791,44,71.411527
150.926809,32,71.445891
211.653644,44,71.491473
295.910729,68,71.571584
103.865301,22,71.594342
139.822931,30,71.626234
136.91408,30,71.658395
174.874232,35,71.696722
189.461403,41,71.741464
232.710396,44,71.790626
118.441992,24,71.816289
171.415952,39,71.862922
179.281522,39,71.91521
145.022052,31,71.956554
279.095821,57,72.023007
247.35316,49,72.077165
103.385266,22,72.100626
118.783118,26,72.129167
227.819959,46,72.179011
148.174467,34,72.215393
269.235643,57,72.278227
150.005286,36,72.317389
157.269693,35,72.354979
257.721077,58,72.419769
130.706599,28,72.449325
113.033749,26,72.477496
248.238811,54,72.536625
105.097192,24,72.561852
138.2557,31,72.595327
168.934634,35,72.632795
187.969518,38,72.674348
216.202467,49,72.726322
245.076194,50,72.783745
180.829194,39,72.825366
102.303642,23,72.850024
94.6505,20,72.870953
132.654866,27,72.900119
303.706386,61,72.967448
176.346906,39,73.009882
181.966869,38,73.049421
135.390348,29,73.07981
161.945811,35,75.869465
127.480385,29,75.900067
185.410686,40,75.942816
222.346747,48,75.996525
227.574943,46,76.045377
209.161925,44,76.094107
330.149219,63,76.163042
111.501581,23,76.186984
149.072699,34,76.222794
117.116179,27,76.25193
169.126052,36,76.291449
205.148551,43,76.338168
127.892455,26,76.366297
224.724799,49,76.420344
81.353156,17,76.437512
205.577841,42,76.481691
302.542668,64,76.550203
252.796859,51,76.605666
195.902434,42,76.651019
168.282002,36,76.689708
136.698337,29,76.719629
92.099644,21,76.741655
173.271351,41,76.785789
145.746406,34,76.820718
190.356703,42,76.864829
162.541678,36,76.903199
328.283443,65,76.973876
276.900599,58,77.035975
134.926596,31,77.068644
182.069407,39,77.115005
196.360508,42,77.172953
186.844229,43,77.219055
131.704346,28,77.248836
114.999915,25,77.275263
145.436758,30,77.306592
186.042338,37,77.346056
296.730506,64,77.416411
83.04815,18,77.434927
124.135996,25,77.461004
154.641828,33,77.496156
205.706649,44,77.543137
189.832763,40,77.585707
224.979413,48,77.637617
384.714151,76,77.720611
245.009252,52,77.77598
98.874069,23,77.799878
85.776469,18,77.818426
150.13177,33,77.853013
189.84182,40,77.895155
229.574484,44,77.943411
115.41937,28,77.972402
106.493265,23,77.996779
139.963043,31,78.028878
129.989706,28,78.059067
180.012697,38,81.0237
230.190533,52,81.08753
214.487409,47,81.136894
371.46209,69,81.209523
177.934845,38,81.24955
278.209893,64,81.318412
220.600105,49,81.372511
146.659651,31,81.404892
159.635102,35,81.44164
222.688439,47,81.493242
140.976362,30,81.524873
291.178438,66,81.597111
226.962777,47,81.647779
167.952903,36,81.684879
149.126682,32,81.718827
161.46536,34,81.755157
233.596684,47,81.806497
176.382762,40,81.849672
104.124191,24,81.876889
174.397862,37,81.916195
356.791219,72,81.993371
129.168812,28,82.021509
136.786977,27,82.049773
224.00464,46,82.098373
119.821533,26,82.12704
160.161824,34,82.162511
226.942453,53,82.220064
142.326989,31,82.252704
189.676469,39,82.294139
127.082872,28,82.323608
213.035136,47,82.375574
141.246414,32,82.408098
177.74046,36,82.447988
157.762319,33,82.483117
131.551966,28,82.511627
137.579906,30,82.542444
134.415253,31,82.57544
169.544142,36,82.613896
119.095049,27,82.641792
236.497329,49,82.693043
134.56337,30,82.72374
137.547656,32,82.757167
207.88106,47,82.806639
125.513575,25,82.832687
151.448286,34,82.867742
227.099797,43,82.914388
195.833881,45,82.963053
118.198362,28,82.993119
121.566042,29,83.022791
164.540738,35,83.059659
254.227943,54,83.117254
157.726323,32,83.150768
87.710292,20,83.171422
232.738767,53,86.102241
201.24404,46,86.150231
280.114374,54,86.208152
146.440131,35,86.245219
119.841658,24,86.269865
216.414787,54,86.327279
131.918326,28,86.355826
295.117727,67,86.428272
221.888306,46,86.477122
136.261965,28,86.50673
385.536358,70,86.580529
93.8351,21,86.602181
80.760341,18,86.620783
220.500061,44,86.667242
245.667091,50,86.721147
179.432698,38,86.762518
90.423154,19,86.781994
248.965939,56,86.84366
176.62493,42,86.889438
176.049081,38,86.932065
197.391157,43,86.976781
101.070683,24,87.002198
193.7375,39,87.044043
240.599835,50,87.098558
319.12076,63,87.167819
137.031144,33,87.208289
223.112376,54,87.27895
198.855073,42,87.333046
154.030438,36,87.381299
146.614119,33,87.423512
116.50152,27,87.459989
95.174229,20,87.484683
234.540195,52,87.554085
300.577601,65,87.639633
268.693956,54,87.706276
163.314559,36,87.744864
251.309961,57,87.805177
150.142167,31,87.837111
133.133,27,87.865901
149.368988,31,87.899596
185.391282,38,87.940418
111.341244,27,87.969023
177.578829,37,88.008986
174.780164,38,88.04999
197.663894,44,88.09723
213.586884,48,88.148452
156.519204,32,88.182134
185.85393,37,88.222177
273.701132,60,88.286702
209.387569,44,88.334801
124.314815,29,91.257768
224.255181,48,91.318095
190.994535,43,91.364672
153.95364,32,91.398613
373.484533,72,91.476922
206.95219,46,91.526766
147.110268,31,91.559236
131.754305,28,91.588341
196.676914,43,91.635043
216.120797,44,91.68291
116.056912,26,91.710881
320.167069,63,91.777735
234.147579,46,91.827479
229.52195,51,91.884742
224.112912,54,91.944205
172.770498,35,91.981054
216.178534,45,92.030215
186.828504,39,92.072839
122.412036,28,92.102221
160.414173,34,92.139683
131.749574,29,92.170421
178.69007,38,92.211318
111.963123,25,92.23771
205.805988,45,92.286889
132.618264,30,92.318461
167.837169,35,92.355613
147.479411,32,92.391267
200.208073,42,92.437059
168.849342,36,92.475169
197.930697,42,92.52168
138.881731,32,92.555992
249.016881,50,92.610282
129.273625,28,92.64035
242.31983,46,92.691355
138.700755,30,92.723412
212.315377,46,92.771896
155.443871,32,92.806009
236.305473,48,92.85889
243.850801,48,92.913814
180.820098,38,92.955776
198.625675,43,93.002814
220.094993,46,93.051793
166.378045,37,93.09236
270.184881,54,93.151234
149.17531,30,93.182156
140.877994,32,93.218995
106.46383,26,93.256983
231.276164,44,93.313151
210.375317,46,93.362122
201.737703,45,93.411631
177.575498,38,93.45278
137.472648,31,96.411502
206.117211,50,96.476514
256.124942,51,96.541168
203.002835,46,96.601916
209.999767,44,96.659978
142.098292,32,96.700275
412.038623,80,96.786592
218.636443,45,96.836501
220.670232,48,96.889705
236.406763,51,96.944719
170.36425,35,96.981616
205.775743,45,97.029855
113.857425,29,97.060608
156.420272,33,97.095106
338.329037,73,97.174853
243.871028,53,97.232136
185.601339,40,97.273466
110.081219,24,97.297819
89.754608,19,97.317423
429.347291,100,97.442478
254.662797,57,97.503782
238.953621,52,97.55893
290.781774,57,97.625257
150.988767,31,97.65791
255.654625,48,97.710044
234.724265,54,97.768398
179.579756,44,97.815019
243.823374,51,97.870024
173.933084,36,97.908798
148.082359,31,97.941726
257.856262,50,97.995725
174.084415,36,98.033238
194.914312,43,98.080853
167.362278,34,98.117162
122.009187,25,98.143466
234.925729,46,98.192075
167.606663,36,98.229951
180.123614,37,98.268605
171.807702,39,98.309322
172.601796,34,98.345276
156.360422,32,98.378734
289.765528,65,98.449318
188.062609,41,98.493941
149.497589,34,98.529854
111.884324,24,98.555059
234.605857,49,98.607282
175.361476,37,98.646935
276.183396,53,101.479912
143.164762,30,101.514215
165.828615,35,101.551121
288.767312,56,101.610492
307.561994,61,101.676929
134.651957,29,101.707607
185.106145,41,101.751502
195.132417,42,101.795614
165.235547,34,101.831788
145.319485,32,101.867063
144.409504,30,101.899022
195.531071,43,101.944273
267.049511,56,102.005025
155.620985,33,102.038435
175.799365,39,102.080714
131.820118,26,102.107563
178.70837,38,102.149325
225.164669,50,102.202435
231.32138,48,102.253601
108.812902,22,102.276438
261.435832,50,102.330117
298.585389,73,102.42057
113.623283,26,102.454389
245.8575,53,102.518065
295.317736,65,102.588626
311.43742,63,102.65708
194.035139,42,102.701176
164.541346,35,102.738195
230.760947,46,102.788624
207.373824,42,102.833796
124.77453,29,102.864312
271.150151,59,102.929044
181.323195,38,102.969669
196.782668,42,103.015121
141.171945,30,103.048443
117.288174,24,103.07349
229.744571,53,103.131423
115.91265,26,103.158619
249.176754,48,103.211515
259.70636,52,103.26839
205.900332,43,103.314718
170.341092,38,103.355238
250.104628,57,103.417886
271.639538,57,103.479925
156.153548,32,103.513525
150.113614,33,103.548543
135.641241,31,103.580057
96.265751,20,103.601127
153.896957,32,103.643332
241.970034,47,106.723276
129.501761,30,106.754448
183.584053,44,106.802096
163.607976,37,106.842565
231.949521,49,106.895475
201.729313,45,106.943416
221.230097,46,106.994362
336.087745,64,107.064687
196.59069,41,107.107672
163.118963,35,107.14468
206.953846,46,107.195057
267.413356,53,107.253402
173.369785,36,107.292462
241.168179,49,107.345802
255.926892,50,107.401148
239.511749,52,107.457848
256.744675,52,107.51419
170.261378,37,107.553031
162.50047,35,107.590381
139.835123,32,107.625408
161.344428,34,107.662551
160.75144,34,107.69838
338.349812,70,107.776896
272.586188,54,107.836514
170.954063,39,107.879833
250.808646,50,107.934991
280.38553,59,108.000298
244.194481,47,108.054084
279.937723,61,108.120929
177.902103,39,108.162903
255.695329,56,108.225192
130.809339,29,108.25612
269.604176,53,108.3146
196.743482,42,108.359688
160.733187,36,108.399585
204.881013,45,108.448461
422.480765,83,108.540922
225.578654,45,108.591463
284.835256,64,108.662504
137.485714,30,108.694426
231.72355,50,108.748415
163.738729,34,108.78508
287.182536,63,108.853778
199.559011,45,108.904224
115.035394,25,108.930373
129.372133,27,112.044214
363.152196,76,112.126052
240.186259,47,112.175997
241.44809,49,112.228851
163.552145,34,112.264519
182.063855,38,112.306157
260.542132,54,112.36468
222.753847,47,112.415104
337.551556,68,112.486651
238.919222,50,112.539807
179.149181,38,112.579739
195.325117,45,112.627934
290.97177,59,112.6919
539.802964,110,112.810836
218.828351,49,112.864429
192.74234,40,112.906498
214.617876,50,112.959664
209.630357,47,113.016129
245.000455,50,113.072331
328.348538,64,113.143654
159.526136,35,113.181528
203.806678,41,113.224879
346.985545,70,113.303039
172.36986,35,113.340217
207.477649,55,113.40078
241.960592,49,113.453269
178.285838,39,113.494253
234.521094,47,113.544528
333.732701,70,113.620255
241.408291,56,113.680706
243.17383,52,113.737685
198.162448,42,113.782949
249.286058,50,113.837264
225.785889,46,113.887371
217.545382,42,113.933977
229.778875,47,113.985091
255.89451,49,114.038363
160.702066,34,114.07493
257.415342,51,114.131677
198.797646,39,114.177037
336.742637,67,114.262113
305.53568,66,117.476156
218.265704,49,117.530368
189.550213,38,117.56984
188.998955,39,117.612763
159.757567,35,117.650187
149.302608,31,117.683379
185.219873,41,117.727383
164.73997,33,117.76211
223.347079,44,117.810772
210.240018,43,117.858594
323.312572,62,117.928763
280.181284,59,117.99215
162.715236,34,118.028304
268.418458,56,118.088473
311.333902,65,118.159328
160.260518,35,118.196887
180.270664,40,118.240064
211.58501,43,118.286743
261.214208,56,118.347288
230.468248,49,118.406667
175.076646,37,118.446713
121.956283,27,118.475012
210.196863,47,118.525144
238.811626,55,118.585166
245.921439,49,118.639171
260.685572,55,118.700467
264.179604,54,118.759133
265.101862,55,118.820173
143.760059,30,118.85217
222.781492,45,118.901437
239.344519,50,118.956364
284.697612,61,119.023099
166.100378,34,119.058652
295.19153,62,119.12842
207.184669,45,119.177482
124.335426,28,119.206503
205.175742,47,119.256493
167.494649,36,119.294749
236.998923,49,119.348367
283.993947,56,119.41177
225.039292,46,119.461549
373.414224,72,119.539169
246.191881,49,119.592939
197.054388,44,122.67384
255.746353,59,122.739666
144.503057,31,122.773417
275.292289,56,122.833219
248.851067,64,122.902308
270.985829,56,122.961792
168.471949,34,122.997016
345.792857,69,123.071654
413.74503,82,123.164119
319.535119,63,123.231117
273.783376,54,123.290123
281.594212,54,123.349442
175.603542,39,123.392794
293.555156,57,123.454865
189.404543,41,123.499326
306.443416,60,123.564721
133.698527,27,123.592846
211.160871,42,123.638084
287.532813,55,123.698844
155.944487,38,123.739412
236.701012,52,123.795056
320.254166,62,123.864333
225.815444,45,123.911875
426.281098,90,124.010559
299.458699,61,124.078746
177.595086,38,124.120101
355.885494,72,124.197215
185.395343,37,124.236027
113.79315,23,124.26017
319.935179,62,124.32923
246.188123,49,124.383857
245.505172,52,124.441164
273.725837,53,124.499281
233.529109,54,124.558613
292.160178,63,124.630693
317.79548,65,124.703655
247.09889,57,124.765703
330.31341,68,124.839929
195.636352,40,124.884455
257.996896,51,127.918396
148.235328,32,127.951958
369.857708,69,128.026663
241.802862,53,128.083308
236.970625,45,128.134315
242.938329,47,128.185316
221.531373,44,128.233806
199.536763,40,128.276343
212.299282,50,128.329906
135.977498,31,128.36178
184.043292,40,128.405967
216.12523,48,128.457401
255.78923,51,128.514805
170.518676,36,128.553809
272.868553,52,128.612805
235.97093,46,128.665037
292.779413,56,128.727001
385.577164,85,128.822252
274.098754,59,128.886556
248.511672,51,128.943857
241.382816,49,129.000093
234.775824,51,129.056589
247.480422,55,129.115351
176.457468,38,129.156672
258.439542,51,129.212696
347.652533,75,129.295824
274.871498,56,129.356623
206.043783,44,129.407163
258.902309,57,129.468455
124.219298,25,129.495014
179.573513,37,129.533808
300.28073,68,129.608334
228.908488,55,129.672304
265.378264,61,129.739415
334.608969,67,129.813909
252.181574,59,129.894741
292.03471,59,129.970342
277.575017,59,130.045023
196.078953,43,130.101312
262.071839,50,130.167361
240.169246,52,133.256554
173.018082,36,133.29547
172.248328,35,133.333037
139.152188,28,133.361431
153.837894,31,133.394876
377.052564,71,133.471508
375.965464,72,133.551767
238.727474,47,133.602324
277.810763,54,133.663734
247.132072,54,133.723717
273.250863,57,133.784623
313.955452,58,133.849577
266.036166,53,133.919906
349.640311,69,134.011385
167.485476,38,134.055766
462.448862,93,134.158492
122.808522,30,134.189986
366.59721,74,134.271709
250.588607,53,134.329325
452.254215,88,134.431069
206.867835,44,134.478794
209.203339,45,134.526376
338.966029,63,134.596758
221.561304,48,134.649114
275.697586,55,134.709754
293.58744,61,134.776275
396.742189,87,134.873176
295.324375,58,134.944656
357.42042,74,135.024667
273.325607,53,135.083801
279.643786,57,135.147499
299.994218,59,135.212197
216.492591,49,135.265283
268.242896,55,135.32566
270.82844,56,135.387914
217.131731,48,135.438956
86.650529,18,135.457165
309.438483,67,138.393674
299.29687,63,138.461332
375.648633,77,138.543835
375.335079,74,138.625859
249.858423,54,138.684485
204.753538,40,138.727826
454.715313,88,138.825633
298.370289,59,138.889463
266.494249,53,138.945474
156.576808,31,138.978534
250.459432,56,139.039046
325.148608,63,139.108877
242.468557,46,139.159193
255.243503,52,139.215873
314.88581,61,139.282531
146.206648,30,139.313893
304.262301,60,139.379616
359.590089,84,139.469852
306.155974,61,139.537122
247.218206,52,139.592192
148.781148,30,139.623389
426.232037,82,139.711626
300.250316,57,139.772675
314.62653,61,139.838905
302.850101,59,139.901975
481.619971,92,140.005717
266.547381,50,140.061405
198.540561,42,140.107453
353.257496,74,140.189523
278.848975,54,140.248798
244.702778,52,140.303968
353.612134,72,140.393584
358.883737,68,140.487729
297.031952,55,140.549659
257.378059,51,140.605174
419.613392,86,143.814381
333.763862,71,143.891556
279.023045,55,143.952535
247.425535,58,144.016657
281.541044,54,144.077758
329.213885,66,144.151909
384.517135,74,144.233309
348.663981,67,144.304995
174.740128,45,144.353184
193.45934,41,144.397146
280.664064,57,144.46831
371.287069,73,144.554652
359.878883,68,144.62964
271.239041,55,144.689404
298.663923,58,144.751832
167.425518,36,144.790059
329.440157,61,144.858096
235.045621,57,144.920137
250.959766,48,144.975156
288.40161,57,145.036494
286.114421,54,145.096458
175.145839,38,145.138752
260.535994,50,145.19403
208.097751,46,145.243009
303.020423,58,145.308493
262.567574,53,145.367003
187.663878,41,145.413345
286.994644,57,145.475835
336.415009,66,145.548366
334.881584,64,145.618879
196.440251,46,145.670084
287.21863,55,145.730251
359.222433,75,145.812189
307.247712,61,145.880296
245.98988,54,145.940926
209.323027,42,145.986212
290.6357,63,149.136404
285.40281,57,149.199223
291.478095,71,149.278399
363.969597,70,149.357316
316.189008,60,149.429053
317.135032,61,149.494389
284.550717,56,149.557052
362.954364,82,149.646347
298.547573,58,149.712125
259.113048,52,149.7681
245.075494,57,149.831428
405.109509,80,149.921394
225.283567,44,149.969932
273.212847,52,150.029066
296.843522,57,150.092064
348.340089,69,150.168932
180.29485,40,150.211879
322.196565,63,150.281335
267.756291,54,150.339332
240.993778,50,150.393854
433.090549,87,150.489852
255.913833,52,150.546458
208.926691,48,150.602593
251.486167,54,150.670664
282.671157,61,150.738682
306.527821,62,150.807599
206.177373,42,150.853921
244.136537,49,150.905962
324.387385,69,150.980274
302.992859,59,151.044556
199.265367,40,151.087149
348.949477,75,151.180645
255.75116,59,151.244466
339.751541,66,151.31488
280.545138,56,151.377376
299.91351,59,154.592556
188.40917,37,154.642444
169.094752,36,154.687573
316.453891,60,154.772353
529.408104,110,154.918132
354.930234,71,155.013665
301.692062,60,155.091921
310.950022,67,155.183168
594.425519,130,155.364914
219.684588,49,155.422837
398.333404,83,155.51067
366.430197,74,155.589712
298.796329,59,155.653814
201.307788,47,155.703543
309.202377,59,155.768519
396.898765,76,155.851058
178.29145,39,155.892388
475.972402,92,156.000215
514.352951,101,156.112658
304.876779,57,156.175106
413.44621,80,156.26598
228.300705,46,156.317004
416.061859,85,156.409378
296.257609,69,156.488433
314.749802,65,156.556922
345.694088,66,156.629984
289.476416,57,156.694801
354.435668,68,156.769531
356.768265,74,156.84993
236.677251,47,156.901792
281.556818,60,160.107182
264.231199,52,160.171986
79.538588,17,160.189526
250.845683,52,160.247172
244.332194,52,160.302335
260.000977,53,160.359916
217.871414,48,160.413677
261.846385,55,160.473836
327.474357,63,160.544096
331.390103,68,160.617728
332.588717,68,160.695503
318.99752,60,160.761774
236.448214,46,160.812805
273.642887,54,160.871502
367.478063,81,160.958664
298.134752,58,161.020912
259.903097,60,161.088984
330.928783,67,161.162587
534.143553,107,161.284863
174.122887,37,161.324235
550.607897,108,161.452781
378.207245,81,161.543006
336.127926,64,161.616729
322.555229,62,161.684412
286.512558,55,161.744957
259.000116,54,161.803176
289.574146,55,161.864706
400.823135,87,161.961959
225.338498,44,162.009393
348.41052,66,162.083249
384.811056,81,162.173276
338.923412,64,162.246203
443.171625,89,162.346374
260.520037,60,165.629302
290.513615,55,165.703632
225.028416,46,165.765599
271.107997,54,165.836422
301.003899,58,165.914299
337.293382,73,166.012724
294.292968,54,166.083421
512.836147,100,166.223455
206.178384,41,166.279804
357.589573,71,166.374563
335.115336,65,166.464295
393.91404,78,166.571244
293.460596,59,166.656372
338.713282,65,166.747561
283.506743,59,166.82194
212.642985,43,166.868993
350.695874,66,166.941718
202.975338,40,166.986688
223.986628,51,167.042765
286.831002,65,167.118839
373.438879,72,167.198489
331.85467,68,167.271705
289.106688,55,167.334934
264.715223,60,167.401154
330.66425,64,167.473243
266.644457,50,167.530203
494.794504,97,167.642187
405.138421,79,167.731562
323.986219,62,167.800007
347.755739,68,167.874676
277.512652,53,167.937543
196.711652,42,167.982373
169.922383,36,168.021211
302.64308,60,171.225744
327.554636,63,171.294476
418.120563,85,171.386465
294.1193,59,171.452216
113.627596,23,171.47597
382.657778,80,171.565521
253.937433,52,171.622876
358.690945,69,171.702795
510.595129,101,171.820157
264.111818,51,171.878912
419.512806,94,171.986207
310.008802,64,172.057007
315.362607,69,172.132062
315.621402,69,172.211092
280.841933,55,172.272864
265.196024,52,172.33039
250.973646,61,172.400173
362.117686,69,172.478547
320.827134,67,172.550981
363.608471,74,172.634639
211.741686,45,172.684967
416.162208,82,172.77997
255.72269,55,172.842196
304.075191,58,172.910208
181.784647,37,172.951218
302.184072,57,173.015908
224.809136,48,173.067391
396.008971,77,173.155574
435.75473,90,173.266489
334.931514,73,173.347587
289.181154,57,173.412974
345.304637,64,173.485914
224.867148,46,176.562613
346.496145,66,176.635022
357.310025,68,176.710453
343.581601,77,176.794079
269.53686,58,176.857244
307.775219,58,176.924704
393.988175,79,177.011213
291.047564,55,177.075291
335.12517,65,177.145905
285.467069,55,177.206506
316.958443,60,177.272472
319.742525,62,177.33929
253.399257,49,177.395738
258.888601,51,177.452565
240.620884,54,177.510531
280.262602,54,177.57142
402.603263,81,177.663128
266.278795,51,177.720277
359.527211,72,177.800214
259.687743,55,177.85811
295.7839,56,177.920877
283.066721,63,177.989572
363.245836,70,178.0702
469.931315,91,178.179639
357.94775,72,178.27329
381.134697,73,178.35467
321.530794,61,178.422756
266.382217,64,178.493148
263.953718,52,178.550565
328.029687,63,178.625332
249.555374,49,178.682509
281.94458,56,178.743495
189.044489,45,178.792383
290.683199,56,181.715607
299.978566,57,181.777892
266.225003,57,181.838792
303.352728,66,181.910995
343.030673,67,181.983659
478.071879,94,182.088798
351.357261,75,182.173141
271.729071,58,182.234787
257.155467,57,182.297293
304.666458,58,182.361581
364.052031,75,182.447841
340.354752,68,182.521845
206.991246,44,182.56886
267.376981,55,182.627784
361.432604,80,182.71615
213.532638,45,182.765368
388.049923,77,182.852309
471.903065,93,182.968273
250.775023,49,183.03247
362.365568,67,183.107337
388.646305,71,183.184454
346.318235,67,183.259747
380.60102,75,183.344547
249.185521,49,183.399617
306.258594,60,183.465291
306.105736,68,183.541619
359.530617,69,183.616322
465.496108,99,183.73013
423.269606,81,183.820169
305.622101,59,183.892266
297.865863,67,183.969407
163.880126,37,186.694592
228.836718,51,186.749068
296.783881,57,186.815573
298.233158,67,186.889081
351.106841,71,186.969003
284.520113,57,187.031322
271.372435,60,187.09798
328.686042,62,187.166853
274.112766,52,187.226031
277.074746,56,187.289684
258.362761,51,187.3462
322.824817,62,187.416167
276.781978,67,187.48997
215.218164,49,187.540554
274.116902,62,187.615265
356.257158,67,187.705337
336.266998,69,187.782725
226.262453,48,187.834574
407.629784,81,187.924221
347.170662,67,188.000777
293.243235,57,188.063451
324.9389,62,188.133783
291.495275,65,188.207036
246.266493,48,188.259755
303.708301,64,188.332905
298.949449,58,188.397737
213.860753,46,188.447967
387.039678,91,188.551505
557.538455,113,188.680241
253.529911,53,188.738414
392.467108,82,188.832259
282.201521,54,188.892963
380.308136,80,188.983769
377.491057,82,191.971376
328.374122,68,192.044725
354.241507,68,192.119711
512.811732,107,192.238563
270.470574,53,192.294957
358.673509,68,192.371318
298.957008,63,192.438304
305.16861,64,192.508445
184.688551,43,192.553632
380.795123,82,192.643406
252.471846,54,192.702574
328.827333,71,192.779756
283.888308,57,192.841913
321.054413,62,192.912359
232.515996,51,192.967389
278.781265,53,193.025043
266.762558,55,193.084463
505.692491,99,193.202262
271.621666,60,193.268305
391.437644,76,193.355287
303.073117,72,193.433838
320.542091,62,193.499234
408.061245,85,193.593174
286.99948,59,193.662451
213.215336,42,193.708919
422.70295,81,193.801084
317.187977,67,193.873589
277.957278,53,193.93218
182.079746,41,193.977152
339.712402,65,194.051835
354.967681,68,194.129482
508.575859,96,197.203657
249.625153,48,197.255211
164.973838,38,197.294539
236.692996,47,197.345937
284.70078,54,197.41016
375.919147,75,197.494694
387.211738,75,197.576769
255.61026,56,197.637542
377.902756,75,197.723621
301.031052,71,197.803945
222.860458,49,197.858458
288.224715,56,197.921
454.536529,90,198.019383
378.702588,86,198.115299
292.181321,56,198.174492
255.25256,51,198.229256
356.853937,71,198.307487
318.264319,63,198.382335
295.64755,60,198.4504
332.902576,64,198.524636
526.763797,113,198.655984
350.977864,67,198.734872
328.806981,62,198.810687
354.079719,76,198.898673
413.047597,88,199.001673
215.061284,52,199.05912
383.338209,76,199.146781
270.203142,53,199.208503
234.175959,56,199.273754
360.53655,70,199.352374
235.827237,55,199.414895
315.798148,60,202.504343
321.192649,64,202.579683
335.590783,67,202.656987
220.585699,53,202.714922
348.982662,65,202.787969
326.698434,62,202.857419
212.459217,46,202.905797
303.332872,59,202.970012
312.487405,58,203.033284
301.76231,58,203.101825
248.784142,49,203.156455
376.358549,81,203.245502
401.123765,82,203.338127
180.695094,39,203.379694
417.681438,91,203.478591
265.502862,53,203.53621
221.108324,49,203.590585
322.321771,61,203.659252
298.572276,58,203.725593
423.708584,88,203.823375
150.424736,30,203.855266
312.096471,58,203.921582
268.447952,52,203.981007
303.94798,58,204.046556
380.993856,74,204.132628
426.568246,83,204.226367
341.319561,68,204.303619
440.609838,89,204.404818
392.821003,87,204.504768
272.927275,53,204.564424
301.624871,58,204.628243
321.035826,62,204.698779
407.145362,82,208.077442
305.963255,61,208.144665
344.70755,69,208.221469
371.463596,73,208.304298
310.454204,60,208.37142
258.479471,49,208.444538
290.803508,58,208.517051
240.413462,48,208.569421
328.078226,63,208.639712
315.08826,62,208.709567
368.339821,69,208.7868
312.704652,59,208.854454
257.44309,57,208.917251
319.004374,61,208.984516
317.174422,60,209.051056
299.860779,57,209.114473
287.009706,60,209.182518
288.023992,65,209.255462
310.144354,59,209.321933
274.102382,53,209.381966
275.020988,52,209.439355
329.034987,71,209.520113
211.546984,46,209.569585
263.253619,53,209.626153
478.822958,97,209.735216
287.676038,57,209.796702
292.347376,57,209.860592
319.442445,61,209.929253
231.854412,54,209.989224
384.648854,79,210.083727
374.180092,71,210.163656
316.079471,61,210.233449
298.869288,58,210.298186
348.938518,84,213.5309
269.037357,53,213.589923
446.92583,86,213.689507
257.707756,58,213.752055
541.441277,112,213.87816
209.093201,47,213.929326
293.531009,68,214.007349
392.377809,81,214.099407
228.160313,51,214.159574
512.81892,97,214.269171
283.002405,58,214.335179
292.438905,59,214.403234
315.398935,60,214.474661
113.587837,26,214.502423
327.476625,64,214.574153
282.116975,55,214.638827
347.742876,67,214.715141
363.590177,72,214.795094
250.086578,49,214.851457
325.910673,63,214.922425
387.294089,75,215.006537
380.485475,78,215.09259
357.810409,67,215.169151
321.781581,72,215.254827
295.610476,57,215.318615
448.928592,91,215.427086
383.40444,79,215.515325
416.082437,77,215.599188
267.770087,52,215.658377
202.386816,43,215.706866
317.92428,69,215.787997
261.735888,54,218.925149
346.821273,69,219.00192
359.030559,81,219.091334
275.540716,53,219.152239
285.601074,54,219.213908
258.879897,50,219.268564
269.819031,51,219.325498
336.950573,67,219.399837
375.046603,72,219.479026
253.945929,57,219.552634
335.665795,64,219.635401
403.794394,77,219.723549
285.713709,63,219.792091
358.568782,67,219.869426
348.571661,66,219.945463
380.015502,79,220.032155
353.754828,71,220.113534
286.171561,58,220.177405
229.284961,53,220.234941
348.941058,67,220.309185
421.264244,83,220.406387
386.700769,77,220.492601
332.115616,78,220.580452
361.746948,75,220.666038
352.524887,71,220.748863
455.560131,103,220.866912
199.541078,47,220.918149
333.726001,70,220.995168
324.287026,64,221.066254
232.307731,51,221.121743
258.202211,58,221.186733
502.073435,98,224.262021
291.276105,56,224.326254
278.933659,54,224.388754
284.230067,54,224.449707
372.347847,72,224.527546
258.626688,50,224.582911
341.583387,65,224.655387
369.480092,74,224.74797
279.758782,57,224.810116
255.679025,50,224.868156
441.906468,89,224.968867
194.817016,39,225.011509
296.468194,57,225.076234
351.117065,71,225.15574
360.092872,69,225.23533
319.907513,64,225.306558
273.887508,54,225.368578
719.549194,143,225.536416
481.082008,95,225.642924
282.450324,53,225.701882
287.46839,54,225.76337
474.077858,90,225.863341
326.758373,63,225.933734
312.239602,60,225.999458
528.249938,105,226.116553
380.274204,87,226.221447
243.747191,53,226.291942
426.287918,85,226.391555
313.624328,64,226.463583
308.478984,60,226.533209
459.348635,90,229.617057
279.580038,53,229.682971
381.65944,73,229.772858
320.158297,61,229.842894
358.280309,69,229.923138
456.841062,88,230.023939
408.018591,83,230.116708
305.489966,59,230.183331
302.700906,58,230.250921
309.042061,62,230.318832
409.541355,77,230.4092
293.533684,60,230.478737
279.636012,64,230.548855
314.746423,60,230.617381
329.159672,62,230.703874
292.237041,57,230.766176
282.220215,54,230.82735
309.485135,69,230.903005
344.06015,83,230.994219
298.256106,60,231.062426
261.287966,51,231.117848
280.623933,59,231.18179
171.045888,38,231.221175
319.246345,66,231.293231
109.717839,25,231.318722
349.575434,70,231.395977
441.130508,88,231.49762
332.280535,64,231.569371
274.279488,52,231.62808
373.614162,71,231.705188
309.559424,62,231.775938
267.108804,52,231.835954
260.836171,60,235.043005
274.522563,65,235.116599
335.902803,66,235.190409
344.250346,66,235.262811
290.399155,60,235.329942
371.74831,74,235.411108
243.827341,56,235.473023
385.471403,74,235.558176
391.077736,73,235.638306
393.505698,77,235.728431
167.97292,35,235.764714
311.925318,70,235.843445
301.061322,58,235.910531
305.41748,66,235.983424
369.097565,72,236.06399
216.665009,42,236.111938
326.361366,64,236.185423
409.278388,76,236.27098
347.682326,67,236.346886
246.81354,47,236.402792
787.107617,173,236.601077
431.190983,85,236.716126
233.824745,45,236.765519
309.647093,75,236.848336
199.854463,46,236.898197
338.257688,66,236.969021
375.767487,74,237.058761
306.651052,60,237.143339
484.009232,102,237.286397
318.523593,60,237.37556
516.950439,102,240.573006
394.733368,83,240.663745
271.480806,54,240.725626
297.685433,65,240.797585
361.442115,73,240.88225
319.186873,61,240.949672
312.14571,69,241.026906
279.278239,61,241.095031
331.499166,64,241.171021
274.911072,53,241.229663
347.086886,73,241.314693
244.184014,52,241.372777
295.941173,58,241.439809
283.217308,55,241.505216
272.093278,53,241.563832
346.638396,75,241.646267
261.953641,50,241.704818
223.934678,45,241.753645
395.085277,75,241.840369
370.054175,88,241.938813
329.231119,64,242.011533
449.307869,89,242.112411
422.173041,80,242.201016
311.003404,61,242.266595
434.757662,84,242.360395
300.79268,57,242.424005
263.759555,50,242.489811
432.317166,93,242.594374
299.086335,60,242.65965
254.556057,53,242.717569
275.148975,56,242.782226
306.695948,59,245.972646
348.602466,76,246.054454
328.271598,62,246.124286
317.82083,60,246.192911
268.065323,63,246.262759
302.1482,59,246.328785
309.261146,59,246.401518
389.710822,81,246.515399
403.801444,82,246.625829
451.423684,100,246.762345
289.23884,63,246.85394
288.626627,55,246.930474
327.343171,66,247.015507
363.324023,71,247.098235
297.168921,56,247.163445
722.494996,145,247.33177
325.585197,63,247.40038
286.258154,55,247.464998
240.175856,47,247.515878
409.451462,81,247.607363
280.302425,53,247.668237
306.148176,58,247.733545
213.885216,44,247.780606
355.578945,75,247.866713
217.423461,47,247.917773
240.0105,54,247.976166
271.82714,55,248.037044
350.148074,68,248.116126
309.618584,69,248.197822
389.7871,85,248.296991
365.518745,75,251.472937
384.388641,77,251.575572
297.668692,63,251.658936
491.28316,109,251.807066
272.977437,62,251.880317
344.487544,80,251.968628
298.980602,58,252.03309
667.597475,135,252.197982
278.27391,56,252.259727
295.345673,56,252.32505
332.672296,63,252.399148
356.256339,67,252.475899
429.453187,88,252.579952
399.551391,85,252.673751
237.520263,49,252.727469
400.079073,78,252.813538
304.129308,58,252.876718
341.894773,65,252.950238
348.442406,67,253.024248
364.718894,71,253.102522
398.717912,89,253.203224
269.151834,61,253.269606
314.315022,69,253.345484
456.720416,99,253.460073
253.52659,63,253.530087
344.081463,67,253.606979
312.395407,59,253.67376
370.927745,72,253.755657
352.519276,69,256.693326
369.107839,74,256.775767
284.563561,55,256.839279
331.98307,64,256.913605
259.94574,61,256.979767
277.522275,53,257.038408
384.466259,74,257.122332
370.847263,73,257.201046
465.097039,108,257.318989
292.712492,58,257.387153
388.130776,78,257.477067
364.279275,69,257.556534
247.56054,48,257.611833
369.170008,76,257.69534
459.838127,90,257.796064
271.835881,51,257.853708
301.448637,62,257.922264
357.076471,70,258.000693
383.011376,74,258.085372
302.29143,59,258.149497
271.835096,53,258.208226
428.886769,85,258.304749
284.04067,54,258.367703
234.908805,48,258.423657
520.125445,112,258.549379
320.61196,66,258.621395
358.922702,74,258.704924
318.660152,68,258.780428
350.034847,68,258.857585
355.241199,69,258.937105
276.972514,55,261.993274
284.966254,69,262.069238
350.573398,68,262.150173
349.60559,65,262.224372
390.351518,78,262.312689
307.074682,59,262.379129
326.731627,69,262.455347
216.507474,43,262.50445
502.284643,99,262.615741
358.600573,68,262.694882
264.273235,51,262.751035
339.680992,65,262.822642
301.333716,67,262.89504
240.237712,48,262.947925
510.581798,108,263.073388
380.223832,73,263.162124
476.188691,100,263.277503
327.852173,61,263.345052
326.129654,63,263.418998
407.095171,78,263.506011
314.682041,60,263.575535
316.536795,61,263.646304
278.289058,54,263.706932
316.828111,61,263.774458
309.046263,59,263.840096
400.436672,95,263.946755
303.313938,58,264.014405
267.586225,55,264.075963
380.578352,77,264.164013
367.692557,79,264.254772
387.344626,75,267.348517
371.909127,77,267.435472
349.219041,67,267.509099
492.981879,100,267.635852
304.128787,57,267.699404
358.607179,82,267.791893
235.554329,59,267.858774
298.74096,61,267.928423
399.765157,81,268.020951
317.745539,62,268.092877
349.613513,73,268.17748
472.208415,93,268.290148
342.25749,70,268.368459
297.408181,58,268.43317
448.455443,96,268.540725
653.36211,130,268.68745
380.538838,84,268.783758
378.03797,73,268.865988
496.229558,109,268.989584
522.578631,99,269.109256
352.884043,73,269.193174
319.315654,74,269.279527
314.611826,61,269.351459
298.045732,69,269.429066
326.693721,73,269.515428
347.740438,73,269.599936
298.934414,64,272.669975
284.209096,54,272.730894
273.069448,53,272.792305
342.881524,72,272.869907
207.19734,42,272.915911
352.98311,67,272.992813
460.388896,97,273.100829
270.017889,54,273.159845
277.092874,53,273.22158
359.468158,73,273.303695
354.740994,67,273.381602
299.370682,63,273.450327
272.560942,51,273.508587
328.123378,63,273.581535
380.272875,81,273.669489
358.519099,85,273.762762
379.981265,75,273.845149
300.616688,58,273.910256
287.765568,54,273.969847
322.840415,61,274.03894
146.919348,31,274.072768
451.22391,88,274.17302
239.152014,50,274.228469
262.039234,52,274.288734
457.079065,92,274.396729
286.51588,55,274.460301
196.47688,45,274.508941
372.486408,71,274.587806
293.14186,56,274.650831
264.247411,58,274.714614
263.761512,51,274.772393
376.926564,84,274.865766
312.539897,60,274.93253
256.395156,57,278.034127
398.364919,77,278.126586
385.851305,78,278.216245
307.660524,59,278.283374
296.265785,59,278.347408
341.65266,66,278.424747
357.104756,80,278.513763
382.629959,74,278.600255
169.250561,36,278.638922
274.495093,52,278.698996
396.388825,78,278.813705
285.099378,56,278.891061
289.228401,55,278.964134
239.624119,56,279.026834
285.120807,54,279.088436
340.056342,68,279.167795
394.109106,74,279.255058
333.650037,66,279.32801
292.594115,61,279.39686
292.900501,56,279.461301
298.483916,68,279.546778
283.614638,54,279.623007
249.630145,58,279.705185
387.251896,72,279.807398
269.139379,53,279.880195
290.673827,56,279.9599
513.400693,101,280.114448
431.93721,82,280.230794
466.53683,92,280.358827
350.665653,69,280.453996
359.1355,77,280.559536
364.832947,70,283.766457
313.011562,73,283.850698
314.708036,59,283.919005
352.343531,67,283.995664
276.940841,53,284.055368
293.699779,55,284.116036
417.565185,82,284.206901
310.745397,71,284.28641
210.602699,47,284.337872
318.747478,62,284.407238
303.545808,60,284.475549
330.293021,63,284.549106
272.685808,52,284.616806
321.742884,62,284.688413
276.208145,62,284.755561
288.59729,55,284.81732
381.083847,74,284.904082
357.742901,70,284.983578
346.899178,67,285.060426
275.057621,52,285.120555
405.413161,77,285.207107
280.611469,53,285.270122
287.582276,57,285.333874
271.258267,63,285.403525
364.112026,76,285.492545
388.175341,75,285.576137
291.359039,58,285.640343
365.549678,71,285.719036
431.965748,80,285.819029
305.04353,57,285.900511
286.806927,57,285.983975
272.711532,53,286.059432
273.011821,51,288.992958
338.024789,62,289.061704
302.408173,58,289.127577
350.6476,66,289.206209
294.507843,57,289.273323
252.849022,50,289.32825
470.941063,93,289.434483
353.576174,69,289.513056
512.457943,116,289.639715
327.920221,61,289.707034
260.760115,52,289.765215
339.220028,66,289.838259
301.465098,57,289.903245
229.605734,52,289.961552
221.980421,54,290.020969
401.082704,78,290.109158
418.605619,89,290.208458
296.248376,56,290.273213
274.025563,57,290.334993
374.810428,83,290.430634
258.521896,55,290.491462
364.698502,72,290.572892
286.950358,53,290.634467
336.510925,64,290.707104
341.16312,65,290.781713
304.707691,59,290.847599
367.596117,73,290.930235
293.875581,57,290.999166
416.345438,79,291.090454
354.570053,66,291.167428
328.444513,75,291.251911
461.436198,104,294.36051
528.589599,115,294.517203
304.853364,69,294.612169
353.52075,72,294.708884
237.392435,54,294.76736
345.42201,69,294.844693
287.800568,64,294.913795
501.960369,100,295.026381
416.928651,94,295.13233
781.815909,157,295.310077
352.189271,68,295.387939
289.668846,54,295.447794
354.672754,67,295.523263
329.954129,64,295.590873
411.136926,79,295.682062
449.407776,90,295.782259
331.960665,73,295.863225
484.819462,97,295.972221
368.86935,70,296.054263
303.135303,63,296.125842
317.8134,63,296.195135
202.635019,42,296.242502
258.573281,50,296.297408
421.689862,90,296.39929
379.356058,82,296.492818
323.683947,74,296.573155
214.86119,48,296.625425
389.432403,73,299.455576
305.45747,63,299.524424
388.898963,82,299.621447
370.146638,73,299.702725
183.210862,40,299.745364
356.912988,68,299.82551
381.7194,86,299.925539
295.516503,60,299.992042
285.977894,54,300.05523
460.595603,88,300.152253
393.783006,85,300.249473
334.155192,63,300.322325
263.365216,61,300.389048
287.973853,54,300.451264
293.2115,56,300.516123
268.808722,51,300.575109
516.081625,109,300.697748
312.691451,61,300.766155
285.022697,62,300.834318
375.534367,75,300.91913
455.098269,102,301.030184
422.279885,81,301.12256
320.791776,60,301.195081
293.46113,56,301.262194
404.516027,77,301.351007
284.341229,65,301.430387
273.541332,51,301.511632
324.773586,62,301.589721
358.74898,81,301.682014
409.907389,75,304.555089
317.462004,68,304.63242
362.092408,82,304.722769
300.86429,72,304.802999
504.727667,98,304.912156
340.734788,67,304.989485
392.919271,74,305.071671
335.93809,69,305.150322
307.552046,68,305.225362
282.962952,53,305.285494
397.680702,86,305.385335
348.573562,73,305.464804
346.325034,65,305.548802
478.956726,97,305.654713
347.99443,66,305.731241
325.149915,67,305.807886
326.899446,62,305.87954
342.831679,75,305.964884
257.976354,50,306.020859
285.703684,66,306.09531
356.210806,71,306.174659
285.084711,59,306.243599
635.771096,129,306.390262
281.489017,67,306.465396
305.593186,58,306.533468
220.632232,50,306.589996
359.125038,68,306.667936
382.053434,85,306.781432
308.512136,57,306.863037
477.843227,100,310.08168
315.260966,63,310.169394
368.887928,72,310.269746
375.333489,72,310.352764
313.722324,62,310.422206
326.515558,62,310.492873
444.552187,91,310.594226
296.161651,57,310.661155
301.475673,56,310.724027
230.337283,54,310.785458
252.801414,49,310.840927
373.819833,71,310.923067
266.207375,61,310.989892
146.012461,34,311.025848
368.389583,77,311.11311
387.112954,79,311.205837
251.159342,61,311.272514
346.359582,71,311.351586
376.373083,71,311.433932
258.262254,53,311.493561
362.168075,71,311.571594
387.165846,81,311.661565
354.147892,70,311.73953
330.511839,78,311.826786
272.807607,63,311.89543
320.806575,65,311.968968
399.766488,78,312.057207
272.679708,52,312.115366
306.321827,59,312.179498
299.741103,64,312.249987
331.22089,62,312.322681
301.961636,70,315.496023
353.197386,68,315.572878
311.626817,58,315.640634
334.147842,65,315.712237
290.431256,56,315.774182
309.852529,62,315.845567
299.183004,62,315.92173
356.169078,71,316.001376
415.190837,79,316.091621
309.652976,59,316.15839
374.355278,72,316.239545
278.431882,53,316.2989
291.674216,56,316.361767
294.862943,64,316.432162
439.002497,85,316.529439
300.598117,57,316.594091
286.268832,53,316.653396
346.881352,70,316.736259
440.019797,103,316.852613
319.478482,61,316.919614
292.277044,66,316.996458
358.810454,68,317.075024
398.786244,75,317.160843
271.6738,54,317.218958
407.680968,86,317.318762
289.541402,56,317.380538
337.653315,64,317.452169
295.609715,66,317.525656
427.487681,82,317.623096
200.938484,44,317.671171
349.655708,68,317.746752
363.83195,69,320.914927
418.595986,80,321.007668
402.631561,87,321.104165
379.985999,73,321.19078
345.049352,65,321.260663
408.812052,76,321.346568
330.66617,66,321.420609
390.587348,89,321.523791
256.017404,58,321.588518
315.694871,62,321.659685
281.261215,53,321.719372
418.784078,88,321.818501
314.161804,67,321.893787
388.040967,77,321.983205
350.504192,66,322.058193
398.556304,78,322.146272
353.756133,64,322.218667
262.792706,55,322.281051
341.976014,68,322.357093
298.027101,59,322.426189
334.13015,64,322.498374
345.223511,66,322.574853
264.238852,54,322.636726
362.66148,80,322.730563
326.788222,69,322.811349
270.650887,52,322.86941
360.377524,73,322.95121
329.431948,64,323.024805
299.235594,56,323.089403
306.766412,65,323.16432
232.560833,51,326.185103
455.501895,86,326.280358
396.785436,75,326.367568
287.099504,55,326.429226
350.667647,75,326.513652
352.861809,80,326.602915
283.46417,54,326.66271
400.188103,77,326.750596
398.403744,78,326.842353
306.219001,58,326.90761
508.783293,101,327.025427
322.680807,63,327.097708
394.44485,77,327.187397
376.700976,80,327.279638
359.157273,74,327.366772
342.851234,65,327.444917
413.564923,78,327.536796
339.337105,66,327.615763
381.341949,71,327.694798
290.014959,59,327.762704
342.399621,67,327.843017
558.275666,107,327.963193
300.638232,56,328.028324
321.449138,61,328.100882
521.127308,102,328.218552
320.381926,61,328.288868
272.846714,53,328.348568
301.690411,59,328.415537
472.564061,94,331.709269
431.727538,87,331.812387
377.684006,79,331.904845
217.62948,43,331.951973
287.127876,58,332.015841
414.222266,81,332.106842
287.614878,64,332.177816
263.598928,51,332.236189
363.157456,72,332.318847
271.24515,51,332.375982
432.349083,94,332.479697
364.675286,70,332.558017
405.022828,84,332.654584
343.670791,71,332.736376
322.443601,63,332.806914
309.932887,66,332.880902
249.34743,53,332.937783
353.133561,74,333.021886
449.95109,97,333.127944
356.099424,67,333.20547
259.707014,50,333.264575
349.233165,78,333.353569
390.370921,75,333.438796
283.656576,65,333.513385
218.871778,45,333.564195
563.133037,123,333.706941
391.592074,79,333.798228
453.620808,88,333.896863
317.174011,61,333.966974
413.752972,80,337.20373
336.226827,64,337.277273
391.085888,75,337.366194
387.080161,77,337.458052
357.458919,68,337.536027
547.277678,110,337.662252
367.351008,71,337.7461
309.624013,59,337.814218
412.944888,83,337.910675
453.353123,87,338.014548
367.942081,71,338.09541
370.810225,70,338.174
368.549761,72,338.260702
290.052658,55,338.32739
387.850854,80,338.419049
361.541884,69,338.50354
326.777893,63,338.576557
229.240315,51,338.634698
273.691266,59,338.704363
287.24547,54,338.769676
241.296315,55,338.833165
254.300705,50,338.894192
359.592782,69,338.977157
355.224084,69,339.057277
346.30922,64,339.131308
353.375043,68,339.214854
388.048533,73,339.300566
292.394917,61,339.373552
395.422179,88,339.487342
339.216335,79,339.596621
392.858007,76,342.944166
356.265453,72,343.025529
487.221152,105,343.147675
275.11315,51,343.207136
403.578012,78,343.304699
285.952337,67,343.380048
352.23033,68,343.458071
365.755036,70,343.538714
374.098181,72,343.622977
302.792959,59,343.689847
336.280544,64,343.763452
273.037609,60,343.827538
316.587467,64,343.8989
376.631597,71,343.978882
350.67077,67,344.054271
270.606292,52,344.11377
470.155817,92,344.215117
452.384918,86,344.314326
326.238422,62,344.38358
268.992301,52,344.445282
325.937035,61,344.512737
420.05665,83,344.604865
287.521883,56,344.670621
295.803756,57,344.736236
266.160494,54,344.795875
303.402272,58,344.862532
345.293537,68,344.940122
429.214219,84,345.03673
292.377784,57,345.097958
292.678979,55,345.158545
262.106848,60,348.358797
352.817853,66,348.436605
606.702855,124,348.575021
329.630953,75,348.662763
421.931119,90,348.7656
432.152303,84,348.858979
243.912814,46,348.910966
601.481223,124,349.048
279.906165,61,349.116625
373.309665,70,349.197903
270.266133,56,349.259437
368.705447,85,349.355076
252.547551,56,349.41759
414.14487,87,349.519999
294.842939,62,349.588014
405.784664,78,349.676106
398.280655,78,349.766957
320.437496,60,349.834485
323.810432,61,349.906029
362.155519,70,349.98837
320.620746,63,350.057773
297.742682,56,350.123203
359.895451,72,350.203395
273.581637,52,350.266078
370.546257,72,350.349728
394.358325,76,350.441077
448.137722,94,350.548791
323.392042,72,350.627549
251.704456,55,353.464066
321.741362,61,353.534033
576.985413,115,353.663786
342.534922,64,353.739061
413.871611,80,353.832083
252.607179,48,353.888517
443.691714,85,353.985979
321.543225,64,354.065623
303.081481,63,354.138854
491.023399,111,354.264898
331.125667,63,354.338309
331.537651,65,354.413619
361.156676,69,354.49778
402.169301,82,354.597479
358.343108,82,354.691666
399.498815,77,354.776794
302.412736,70,354.855655
406.572629,82,354.95085
388.366224,80,355.039834
451.718335,94,355.146997
321.775204,65,355.224075
443.563508,88,355.328568
363.858352,71,355.413376
411.927249,81,355.505267
316.136118,62,355.574923
320.239801,62,355.6453
288.701486,57,355.711427
331.078653,66,355.78707
319.519411,62,358.902684
357.30594,71,358.984787
232.335137,52,359.043164
295.266211,65,359.116565
408.135817,79,359.211233
334.40899,63,359.282313
475.464567,111,359.416238
341.532437,66,359.501804
355.628246,71,359.589996
332.475009,65,359.666649
626.137566,121,359.806247
397.975957,81,359.898517
338.501004,65,359.969933
319.413699,60,360.037863
349.832038,66,360.112688
304.177943,60,360.181536
328.778421,61,360.253105
488.597915,96,360.360795
367.933453,69,360.438926
334.005469,64,360.512545
486.015757,106,360.633716
431.769396,81,360.72818
399.138567,82,360.818174
473.905193,93,360.94558
251.390893,50,361.010669
256.234233,54,361.073689
444.360902,97,361.184611
275.123008,53,361.245202
397.497389,75,364.149109
275.834168,64,364.221411
299.318324,59,364.289838
308.141213,69,364.36841
395.64084,77,364.456378
274.254692,54,364.519835
341.62702,66,364.612991
330.38882,64,364.686748
303.072022,60,364.756514
243.093432,56,364.819009
358.735398,71,364.899934
277.024256,52,364.957149
264.446213,57,365.02149
476.095292,102,365.134287
376.639204,77,365.219879
390.790247,74,365.305805
283.739369,64,365.375193
360.727718,78,365.460614
323.961707,62,365.532223
317.200377,66,365.605774
280.512557,59,365.671912
345.852587,68,365.75145
480.276858,109,365.878953
333.343123,66,365.953505
216.887326,48,366.009044
333.863603,63,366.080683
358.557292,68,366.157768
394.961658,78,366.25284
565.450875,110,366.383907
303.341533,59,369.500747
302.471878,62,369.579613
389.289195,83,369.688298
227.809212,53,369.746413
503.086595,96,369.858418
694.007033,138,370.015758
328.941521,63,370.088064
402.659556,82,370.181396
365.854389,70,370.262303
369.912589,71,370.344953
288.001568,57,370.410234
282.14567,57,370.474565
324.08514,64,370.54675
342.973363,66,370.619797
322.523762,61,370.689704
464.628815,91,370.797386
246.510305,50,370.85337
256.127313,50,370.911461
292.325472,65,370.984632
375.887427,79,371.076625
227.494123,49,371.13138
297.632778,69,371.209157
507.233164,95,371.32182
331.147626,63,371.394167
316.226778,59,371.462464
316.02589,63,371.533978
320.414453,62,371.604383
432.003202,97,371.712983
347.368009,67,371.79324
370.372578,71,375.100642
296.092897,58,375.166325
255.745372,59,375.231794
330.049451,62,375.301866
406.484326,78,375.392348
356.730373,68,375.468752
337.951224,65,375.543055
458.985646,91,375.648679
274.001684,58,375.71404
261.450724,58,375.781958
217.868719,43,375.829093
309.004181,60,375.899327
409.539268,76,375.986569
440.86568,90,376.089641
260.515349,61,376.161851
421.059307,85,376.260275
524.01643,120,376.399707
543.77793,114,376.527897
425.3797,82,376.622509
366.972578,79,376.712734
268.441573,58,376.777031
290.13051,58,376.844603
382.444249,75,376.930527
322.424427,62,376.998594
341.568244,65,377.074583
509.949942,98,377.187453
353.538845,71,377.275974
398.299136,77,377.370847
249.759229,49,377.427263
416.431693,78,380.348726
334.58398,63,380.425959
343.748227,68,380.510591
315.661975,59,380.588831
388.811527,74,380.672036
340.593191,68,380.750929
346.121586,69,380.831026
234.146709,51,380.887898
299.068919,68,380.968287
266.384164,51,381.027163
590.563062,135,381.182807
371.698585,78,381.273332
373.240798,85,381.370785
583.83726,135,381.525652
295.576742,63,381.595799
510.007707,110,381.723388
309.027042,61,381.792486
360.22411,70,381.87664
301.131621,59,381.941142
325.248621,67,382.016398
283.579295,56,382.078537
368.266898,71,382.162177
326.716629,61,382.232427
265.163717,52,382.291583
297.290737,56,382.354601
300.758233,58,382.42237
368.981369,72,382.504553
327.328379,62,382.585383
295.169603,55,385.814557
256.971328,50,385.874123
265.056721,57,385.936538
401.217054,78,386.031714
451.244869,87,386.128808
422.848743,81,386.224022
450.350632,97,386.336306
396.213684,75,386.420642
375.44382,74,386.50538
